"scientific_name","order","family","genus","species","social"
"Struthio camelus","Struthioniformes","Struthionidae","Struthio","camelus",0
"Struthio molybdophanes","Struthioniformes","Struthionidae","Struthio","molybdophanes",1
"Rhea americana","Rheiformes","Rheidae","Rhea","americana",1
"Rhea pennata","Rheiformes","Rheidae","Rhea","pennata",1
"Apteryx australis","Apterygiformes","Apterygidae","Apteryx","australis",0
"Apteryx mantelli","Apterygiformes","Apterygidae","Apteryx","mantelli",0
"Apteryx rowi","Apterygiformes","Apterygidae","Apteryx","rowi",0
"Apteryx owenii","Apterygiformes","Apterygidae","Apteryx","owenii",0
"Apteryx maxima","Apterygiformes","Apterygidae","Apteryx","haastii",0
"Casuarius casuarius","Casuariiformes","Casuariidae","Casuarius","casuarius",0
"Casuarius bennetti","Casuariiformes","Casuariidae","Casuarius","bennetti",0
"Casuarius unappendiculatus","Casuariiformes","Casuariidae","Casuarius","unappendiculatus",0
"Dromaius novaehollandiae","Casuariiformes","Casuariidae","Dromaius","novaehollandiae",0
NA,"Casuariiformes",NA,"Dromaius","minor",0
NA,"Casuariiformes",NA,"Dromaius","baudinianus",NA
"Tinamus tao","Tinamiformes","Tinamidae","Tinamus","tao",0
"Tinamus solitarius","Tinamiformes","Tinamidae","Tinamus","solitarius",0
"Tinamus osgoodi","Tinamiformes","Tinamidae","Tinamus","osgoodi",0
"Tinamus major","Tinamiformes","Tinamidae","Tinamus","major",0
"Tinamus guttatus","Tinamiformes","Tinamidae","Tinamus","guttatus",0
"Nothocercus bonapartei","Tinamiformes","Tinamidae","Nothocercus","bonapartei",0
"Nothocercus julius","Tinamiformes","Tinamidae","Nothocercus","julius",0
"Nothocercus nigrocapillus","Tinamiformes","Tinamidae","Nothocercus","nigrocapillus",0
"Crypturellus berlepschi","Tinamiformes","Tinamidae","Crypturellus","berlepschi",0
"Crypturellus cinereus","Tinamiformes","Tinamidae","Crypturellus","cinereus",NA
"Crypturellus soui","Tinamiformes","Tinamidae","Crypturellus","soui",0
"Crypturellus ptaritepui","Tinamiformes","Tinamidae","Crypturellus","ptaritepui",0
"Crypturellus obsoletus","Tinamiformes","Tinamidae","Crypturellus","obsoletus",0
"Crypturellus undulatus","Tinamiformes","Tinamidae","Crypturellus","undulatus",NA
"Crypturellus transfasciatus","Tinamiformes","Tinamidae","Crypturellus","transfasciatus",0
"Crypturellus strigulosus","Tinamiformes","Tinamidae","Crypturellus","strigulosus",NA
"Crypturellus duidae","Tinamiformes","Tinamidae","Crypturellus","duidae",NA
"Crypturellus erythropus","Tinamiformes","Tinamidae","Crypturellus","erythropus",0
"Crypturellus noctivagus","Tinamiformes","Tinamidae","Crypturellus","noctivagus",0
"Crypturellus atrocapillus","Tinamiformes","Tinamidae","Crypturellus","atrocapillus",NA
"Crypturellus cinnamomeus","Tinamiformes","Tinamidae","Crypturellus","cinnamomeus",0
"Crypturellus boucardi","Tinamiformes","Tinamidae","Crypturellus","boucardi",0
"Crypturellus kerriae","Tinamiformes","Tinamidae","Crypturellus","kerriae",0
"Crypturellus variegatus","Tinamiformes","Tinamidae","Crypturellus","variegatus",0
"Crypturellus brevirostris","Tinamiformes","Tinamidae","Crypturellus","brevirostris",NA
"Crypturellus bartletti","Tinamiformes","Tinamidae","Crypturellus","bartletti",NA
"Crypturellus parvirostris","Tinamiformes","Tinamidae","Crypturellus","parvirostris",0
"Crypturellus casiquiare","Tinamiformes","Tinamidae","Crypturellus","casiquiare",NA
"Crypturellus tataupa","Tinamiformes","Tinamidae","Crypturellus","tataupa",0
"Rhynchotus rufescens","Tinamiformes","Tinamidae","Rhynchotus","rufescens",NA
"Rhynchotus maculicollis","Tinamiformes","Tinamidae","Rhynchotus","maculicollis",NA
"Nothoprocta taczanowskii","Tinamiformes","Tinamidae","Nothoprocta","taczanowskii",NA
"Nothoprocta ornata","Tinamiformes","Tinamidae","Nothoprocta","ornata",0
"Nothoprocta perdicaria","Tinamiformes","Tinamidae","Nothoprocta","perdicaria",0
"Nothoprocta cinerascens","Tinamiformes","Tinamidae","Nothoprocta","cinerascens",0
"Nothoprocta pentlandii","Tinamiformes","Tinamidae","Nothoprocta","pentlandii",0
"Nothoprocta curvirostris","Tinamiformes","Tinamidae","Nothoprocta","curvirostris",0
"Nothura boraquira","Tinamiformes","Tinamidae","Nothura","boraquira",1
"Nothura minor","Tinamiformes","Tinamidae","Nothura","minor",NA
"Nothura darwinii","Tinamiformes","Tinamidae","Nothura","darwinii",0
"Nothura maculosa","Tinamiformes","Tinamidae","Nothura","maculosa",0
"Taoniscus nanus","Tinamiformes","Tinamidae","Taoniscus","nanus",0
"Eudromia elegans","Tinamiformes","Tinamidae","Eudromia","elegans",1
"Eudromia formosa","Tinamiformes","Tinamidae","Eudromia","formosa",1
"Tinamotis pentlandii","Tinamiformes","Tinamidae","Tinamotis","pentlandii",1
"Tinamotis ingoufi","Tinamiformes","Tinamidae","Tinamotis","ingoufi",1
"Anhima cornuta","Anseriformes","Anhimidae","Anhima","cornuta",0
"Chauna chavaria","Anseriformes","Anhimidae","Chauna","chavaria",0
"Chauna torquata","Anseriformes","Anhimidae","Chauna","torquata",1
"Anseranas semipalmata","Anseriformes","Anseranatidae","Anseranas","semipalmata",0
"Dendrocygna viduata","Anseriformes","Anatidae","Dendrocygna","viduata",1
"Dendrocygna autumnalis","Anseriformes","Anatidae","Dendrocygna","autumnalis",1
"Dendrocygna guttata","Anseriformes","Anatidae","Dendrocygna","guttata",NA
"Dendrocygna arborea","Anseriformes","Anatidae","Dendrocygna","arborea",1
"Dendrocygna bicolor","Anseriformes","Anatidae","Dendrocygna","bicolor",1
"Dendrocygna eytoni","Anseriformes","Anatidae","Dendrocygna","eytoni",0
"Dendrocygna arcuata","Anseriformes","Anatidae","Dendrocygna","arcuata",0
"Dendrocygna javanica","Anseriformes","Anatidae","Dendrocygna","javanica",0
"Thalassornis leuconotus","Anseriformes","Anatidae","Thalassornis","leuconotus",0
"Cereopsis novaehollandiae","Anseriformes","Anatidae","Cereopsis","novaehollandiae",1
"Branta bernicla","Anseriformes","Anatidae","Branta","bernicla",0
"Branta ruficollis","Anseriformes","Anatidae","Branta","ruficollis",0
"Branta sandvicensis","Anseriformes","Anatidae","Branta","sandvicensis",0
"Branta canadensis","Anseriformes","Anatidae","Branta","canadensis",0
"Branta leucopsis","Anseriformes","Anatidae","Branta","leucopsis",0
"Branta hutchinsii","Anseriformes","Anatidae","Branta","hutchinsii",0
"Anser indicus","Anseriformes","Anatidae","Anser","indicus",0
"Anser canagicus","Anseriformes","Anatidae","Anser","canagicus",1
"Anser rossii","Anseriformes","Anatidae","Anser","rossii",0
"Anser caerulescens","Anseriformes","Anatidae","Anser","caerulescens",1
"Anser anser","Anseriformes","Anatidae","Anser","anser",0
"Anser cygnoides","Anseriformes","Anatidae","Anser","cygnoid",0
"Anser fabalis","Anseriformes","Anatidae","Anser","fabalis",0
"Anser brachyrhynchus","Anseriformes","Anatidae","Anser","brachyrhynchus",0
"Anser serrirostris","Anseriformes","Anatidae","Anser","serrirostris",NA
"Anser albifrons","Anseriformes","Anatidae","Anser","albifrons",0
"Anser erythropus","Anseriformes","Anatidae","Anser","erythropus",0
"Coscoroba coscoroba","Anseriformes","Anatidae","Coscoroba","coscoroba",1
"Cygnus atratus","Anseriformes","Anatidae","Cygnus","atratus",0
"Cygnus melancoryphus","Anseriformes","Anatidae","Cygnus","melancoryphus",1
"Cygnus olor","Anseriformes","Anatidae","Cygnus","olor",0
"Cygnus buccinator","Anseriformes","Anatidae","Cygnus","buccinator",1
"Cygnus columbianus","Anseriformes","Anatidae","Cygnus","columbianus",0
"Cygnus cygnus","Anseriformes","Anatidae","Cygnus","cygnus",1
"Stictonetta naevosa","Anseriformes","Anatidae","Stictonetta","naevosa",NA
"Hymenolaimus malacorhynchos","Anseriformes","Anatidae","Hymenolaimus","malacorhynchos",0
"Tachyeres patachonicus","Anseriformes","Anatidae","Tachyeres","patachonicus",0
"Tachyeres pteneres","Anseriformes","Anatidae","Tachyeres","pteneres",0
"Tachyeres brachypterus","Anseriformes","Anatidae","Tachyeres","brachypterus",0
"Tachyeres leucocephalus","Anseriformes","Anatidae","Tachyeres","leucocephalus",1
"Merganetta armata","Anseriformes","Anatidae","Merganetta","armata",0
"Plectropterus gambensis","Anseriformes","Anatidae","Plectropterus","gambensis",0
"Sarkidiornis sylvicola","Anseriformes","Anatidae","Sarkidiornis","sylvicola",1
"Sarkidiornis melanotos","Anseriformes","Anatidae","Sarkidiornis","melanotos",0
"Cyanochen cyanoptera","Anseriformes","Anatidae","Cyanochen","cyanoptera",0
"Alopochen aegyptiaca","Anseriformes","Anatidae","Alopochen","aegyptiaca",0
"Alopochen mauritiana","Anseriformes","Anatidae","Alopochen","mauritiana",NA
"Alopochen kervazoi","Anseriformes","Anatidae","Alopochen","kervazoi",NA
"Neochen jubata","Anseriformes","Anatidae","Neochen","jubata",0
"Chloephaga melanoptera","Anseriformes","Anatidae","Chloephaga","melanoptera",1
"Chloephaga picta","Anseriformes","Anatidae","Chloephaga","picta",1
"Chloephaga hybrida","Anseriformes","Anatidae","Chloephaga","hybrida",1
"Chloephaga poliocephala","Anseriformes","Anatidae","Chloephaga","poliocephala",1
"Chloephaga rubidiceps","Anseriformes","Anatidae","Chloephaga","rubidiceps",1
"Radjah radjah","Anseriformes","Anatidae","Radjah","radjah",0
"Tadorna tadorna","Anseriformes","Anatidae","Tadorna","tadorna",0
"Tadorna ferruginea","Anseriformes","Anatidae","Tadorna","ferruginea",1
"Tadorna cana","Anseriformes","Anatidae","Tadorna","cana",1
"Tadorna tadornoides","Anseriformes","Anatidae","Tadorna","tadornoides",0
"Tadorna variegata","Anseriformes","Anatidae","Tadorna","variegata",0
"Tadorna cristata","Anseriformes","Anatidae","Tadorna","cristata",0
"Malacorhynchus membranaceus","Anseriformes","Anatidae","Malacorhynchus","membranaceus",0
"Salvadorina waigiuensis","Anseriformes","Anatidae","Salvadorina","waigiuensis",0
"Cairina moschata","Anseriformes","Anatidae","Cairina","moschata",0
"Asarcornis scutulata","Anseriformes","Anatidae","Asarcornis","scutulata",0
"Pteronetta hartlaubii","Anseriformes","Anatidae","Pteronetta","hartlaubii",0
"Aix sponsa","Anseriformes","Anatidae","Aix","sponsa",0
"Aix galericulata","Anseriformes","Anatidae","Aix","galericulata",0
"Chenonetta jubata","Anseriformes","Anatidae","Chenonetta","jubata",0
NA,"Anseriformes",NA,"Chenonetta","finschi",NA
"Nettapus auritus","Anseriformes","Anatidae","Nettapus","auritus",NA
"Nettapus coromandelianus","Anseriformes","Anatidae","Nettapus","coromandelianus",1
"Nettapus pulchellus","Anseriformes","Anatidae","Nettapus","pulchellus",0
"Amazonetta brasiliensis","Anseriformes","Anatidae","Amazonetta","brasiliensis",1
"Callonetta leucophrys","Anseriformes","Anatidae","Callonetta","leucophrys",0
"Lophonetta specularioides","Anseriformes","Anatidae","Lophonetta","specularioides",0
"Speculanas specularis","Anseriformes","Anatidae","Speculanas","specularis",1
"Sibirionetta formosa","Anseriformes","Anatidae","Sibirionetta","formosa",1
"Spatula querquedula","Anseriformes","Anatidae","Spatula","querquedula",0
"Spatula hottentota","Anseriformes","Anatidae","Spatula","hottentota",1
"Spatula puna","Anseriformes","Anatidae","Spatula","puna",1
"Spatula versicolor","Anseriformes","Anatidae","Spatula","versicolor",0
"Spatula platalea","Anseriformes","Anatidae","Spatula","platalea",1
"Spatula cyanoptera","Anseriformes","Anatidae","Spatula","cyanoptera",1
"Spatula discors","Anseriformes","Anatidae","Spatula","discors",1
"Spatula smithii","Anseriformes","Anatidae","Spatula","smithii",1
"Spatula rhynchotis","Anseriformes","Anatidae","Spatula","rhynchotis",0
"Spatula clypeata","Anseriformes","Anatidae","Spatula","clypeata",0
"Mareca strepera","Anseriformes","Anatidae","Mareca","strepera",0
"Mareca falcata","Anseriformes","Anatidae","Mareca","falcata",0
"Mareca penelope","Anseriformes","Anatidae","Mareca","penelope",0
"Mareca sibilatrix","Anseriformes","Anatidae","Mareca","sibilatrix",0
"Mareca americana","Anseriformes","Anatidae","Mareca","americana",1
"Mareca marecula","Anseriformes","Anatidae","Anas","marecula",NA
"Anas sparsa","Anseriformes","Anatidae","Anas","sparsa",0
"Anas undulata","Anseriformes","Anatidae","Anas","undulata",1
"Anas melleri","Anseriformes","Anatidae","Anas","melleri",1
"Anas superciliosa","Anseriformes","Anatidae","Anas","superciliosa",0
"Anas laysanensis","Anseriformes","Anatidae","Anas","laysanensis",0
"Anas wyvilliana","Anseriformes","Anatidae","Anas","wyvilliana",0
"Anas luzonica","Anseriformes","Anatidae","Anas","luzonica",1
"Anas poecilorhyncha","Anseriformes","Anatidae","Anas","poecilorhyncha",1
"Anas zonorhyncha","Anseriformes","Anatidae","Anas","zonorhyncha",0
"Anas platyrhynchos","Anseriformes","Anatidae","Anas","platyrhynchos",0
"Anas fulvigula","Anseriformes","Anatidae","Anas","fulvigula",1
"Anas rubripes","Anseriformes","Anatidae","Anas","rubripes",1
"Anas diazi","Anseriformes","Anatidae","Anas","diazi",0
"Anas capensis","Anseriformes","Anatidae","Anas","capensis",1
"Anas bahamensis","Anseriformes","Anatidae","Anas","bahamensis",0
"Anas erythrorhyncha","Anseriformes","Anatidae","Anas","erythrorhyncha",1
"Anas georgica","Anseriformes","Anatidae","Anas","georgica",0
"Anas eatoni","Anseriformes","Anatidae","Anas","eatoni",0
"Anas acuta","Anseriformes","Anatidae","Anas","acuta",0
"Anas crecca","Anseriformes","Anatidae","Anas","crecca",1
"Anas carolinensis","Anseriformes","Anatidae","Anas","carolinensis",NA
"Anas flavirostris","Anseriformes","Anatidae","Anas","flavirostris",0
"Anas andium","Anseriformes","Anatidae","Anas","andium",0
"Anas gibberifrons","Anseriformes","Anatidae","Anas","gibberifrons",0
"Anas albogularis","Anseriformes","Anatidae","Anas","albogularis",0
"Anas theodori","Anseriformes","Anatidae","Anas","theodori",NA
"Anas gracilis","Anseriformes","Anatidae","Anas","gracilis",0
"Anas castanea","Anseriformes","Anatidae","Anas","castanea",1
"Anas bernieri","Anseriformes","Anatidae","Anas","bernieri",0
"Anas chlorotis","Anseriformes","Anatidae","Anas","chlorotis",0
"Anas aucklandica","Anseriformes","Anatidae","Anas","aucklandica",0
"Anas nesiotis","Anseriformes","Anatidae","Anas","nesiotis",NA
"Marmaronetta angustirostris","Anseriformes","Anatidae","Marmaronetta","angustirostris",0
"Rhodonessa caryophyllacea","Anseriformes","Anatidae","Rhodonessa","caryophyllacea",0
"Netta rufina","Anseriformes","Anatidae","Netta","rufina",0
"Netta peposaca","Anseriformes","Anatidae","Netta","peposaca",0
"Netta erythrophthalma","Anseriformes","Anatidae","Netta","erythrophthalma",1
"Aythya valisineria","Anseriformes","Anatidae","Aythya","valisineria",0
"Aythya americana","Anseriformes","Anatidae","Aythya","americana",1
"Aythya ferina","Anseriformes","Anatidae","Aythya","ferina",0
"Aythya australis","Anseriformes","Anatidae","Aythya","australis",0
"Aythya innotata","Anseriformes","Anatidae","Aythya","innotata",0
"Aythya baeri","Anseriformes","Anatidae","Aythya","baeri",1
"Aythya nyroca","Anseriformes","Anatidae","Aythya","nyroca",1
"Aythya novaeseelandiae","Anseriformes","Anatidae","Aythya","novaeseelandiae",0
"Aythya collaris","Anseriformes","Anatidae","Aythya","collaris",0
"Aythya fuligula","Anseriformes","Anatidae","Aythya","fuligula",0
"Aythya marila","Anseriformes","Anatidae","Aythya","marila",0
"Aythya affinis","Anseriformes","Anatidae","Aythya","affinis",0
"Polysticta stelleri","Anseriformes","Anatidae","Polysticta","stelleri",1
"Camptorhynchus labradorius","Anseriformes","Anatidae","Camptorhynchus","labradorius",0
"Somateria fischeri","Anseriformes","Anatidae","Somateria","fischeri",0
"Somateria spectabilis","Anseriformes","Anatidae","Somateria","spectabilis",1
"Somateria mollissima","Anseriformes","Anatidae","Somateria","mollissima",0
"Histrionicus histrionicus","Anseriformes","Anatidae","Histrionicus","histrionicus",1
"Melanitta perspicillata","Anseriformes","Anatidae","Melanitta","perspicillata",0
"Melanitta fusca","Anseriformes","Anatidae","Melanitta","fusca",0
"Melanitta deglandi","Anseriformes","Anatidae","Melanitta","deglandi",1
"Melanitta stejnegeri","Anseriformes","Anatidae","Melanitta","stejnegeri",0
"Melanitta nigra","Anseriformes","Anatidae","Melanitta","nigra",1
"Melanitta americana","Anseriformes","Anatidae","Melanitta","americana",1
"Clangula hyemalis","Anseriformes","Anatidae","Clangula","hyemalis",0
"Bucephala albeola","Anseriformes","Anatidae","Bucephala","albeola",0
"Bucephala clangula","Anseriformes","Anatidae","Bucephala","clangula",0
"Bucephala islandica","Anseriformes","Anatidae","Bucephala","islandica",0
"Mergellus albellus","Anseriformes","Anatidae","Mergellus","albellus",1
"Lophodytes cucullatus","Anseriformes","Anatidae","Lophodytes","cucullatus",0
"Mergus australis","Anseriformes","Anatidae","Mergus","australis",0
"Mergus octosetaceus","Anseriformes","Anatidae","Mergus","octosetaceus",0
"Mergus merganser","Anseriformes","Anatidae","Mergus","merganser",1
"Mergus serrator","Anseriformes","Anatidae","Mergus","serrator",1
"Mergus squamatus","Anseriformes","Anatidae","Mergus","squamatus",0
"Heteronetta atricapilla","Anseriformes","Anatidae","Heteronetta","atricapilla",1
"Nomonyx dominicus","Anseriformes","Anatidae","Nomonyx","dominicus",1
"Oxyura jamaicensis","Anseriformes","Anatidae","Oxyura","jamaicensis",0
"Oxyura ferruginea","Anseriformes","Anatidae","Oxyura","ferruginea",0
"Oxyura vittata","Anseriformes","Anatidae","Oxyura","vittata",0
"Oxyura australis","Anseriformes","Anatidae","Oxyura","australis",0
"Oxyura maccoa","Anseriformes","Anatidae","Oxyura","maccoa",1
"Oxyura leucocephala","Anseriformes","Anatidae","Oxyura","leucocephala",0
"Biziura lobata","Anseriformes","Anatidae","Biziura","lobata",0
"Alectura lathami","Galliformes","Megapodiidae","Alectura","lathami",NA
"Aepypodius arfakianus","Galliformes","Megapodiidae","Aepypodius","arfakianus",0
"Aepypodius bruijnii","Galliformes","Megapodiidae","Aepypodius","bruijnii",NA
"Talegalla cuvieri","Galliformes","Megapodiidae","Talegalla","cuvieri",NA
"Talegalla fuscirostris","Galliformes","Megapodiidae","Talegalla","fuscirostris",0
"Talegalla jobiensis","Galliformes","Megapodiidae","Talegalla","jobiensis",NA
"Leipoa ocellata","Galliformes","Megapodiidae","Leipoa","ocellata",NA
"Macrocephalon maleo","Galliformes","Megapodiidae","Macrocephalon","maleo",0
"Eulipoa wallacei","Galliformes","Megapodiidae","Eulipoa","wallacei",0
"Megapodius pritchardii","Galliformes","Megapodiidae","Megapodius","pritchardii",0
"Megapodius laperouse","Galliformes","Megapodiidae","Megapodius","laperouse",0
"Megapodius nicobariensis","Galliformes","Megapodiidae","Megapodius","nicobariensis",0
"Megapodius cumingii","Galliformes","Megapodiidae","Megapodius","cumingii",NA
"Megapodius bernsteinii","Galliformes","Megapodiidae","Megapodius","bernsteinii",0
"Megapodius tenimberensis","Galliformes","Megapodiidae","Megapodius","tenimberensis",0
"Megapodius freycinet","Galliformes","Megapodiidae","Megapodius","freycinet",0
"Megapodius geelvinkianus","Galliformes","Megapodiidae","Megapodius","geelvinkianus",NA
"Megapodius eremita","Galliformes","Megapodiidae","Megapodius","eremita",0
"Megapodius layardi","Galliformes","Megapodiidae","Megapodius","layardi",0
"Megapodius decollatus","Galliformes","Megapodiidae","Megapodius","decollatus",NA
"Megapodius reinwardt","Galliformes","Megapodiidae","Megapodius","reinwardt",0
"Ortalis vetula","Galliformes","Cracidae","Ortalis","vetula",1
"Ortalis cinereiceps","Galliformes","Cracidae","Ortalis","cinereiceps",0
"Ortalis garrula","Galliformes","Cracidae","Ortalis","garrula",1
"Ortalis ruficauda","Galliformes","Cracidae","Ortalis","ruficauda",1
"Ortalis erythroptera","Galliformes","Cracidae","Ortalis","erythroptera",0
"Ortalis wagleri","Galliformes","Cracidae","Ortalis","wagleri",0
"Ortalis poliocephala","Galliformes","Cracidae","Ortalis","poliocephala",1
"Ortalis canicollis","Galliformes","Cracidae","Ortalis","canicollis",1
"Ortalis leucogastra","Galliformes","Cracidae","Ortalis","leucogastra",0
"Ortalis guttata","Galliformes","Cracidae","Ortalis","guttata",1
"Ortalis araucuan","Galliformes","Cracidae","Ortalis","araucuan",1
"Ortalis squamata","Galliformes","Cracidae","Ortalis","squamata",0
"Ortalis columbiana","Galliformes","Cracidae","Ortalis","columbiana",1
"Ortalis motmot","Galliformes","Cracidae","Ortalis","motmot",0
"Ortalis ruficeps","Galliformes","Cracidae","Ortalis","ruficeps",1
"Ortalis superciliaris","Galliformes","Cracidae","Ortalis","superciliaris",1
"Penelope argyrotis","Galliformes","Cracidae","Penelope","argyrotis",0
"Penelope barbata","Galliformes","Cracidae","Penelope","barbata",0
"Penelope ortoni","Galliformes","Cracidae","Penelope","ortoni",0
"Penelope montagnii","Galliformes","Cracidae","Penelope","montagnii",0
"Penelope marail","Galliformes","Cracidae","Penelope","marail",0
"Penelope superciliaris","Galliformes","Cracidae","Penelope","superciliaris",0
"Penelope dabbenei","Galliformes","Cracidae","Penelope","dabbenei",0
"Penelope purpurascens","Galliformes","Cracidae","Penelope","purpurascens",0
"Penelope perspicax","Galliformes","Cracidae","Penelope","perspicax",1
"Penelope albipennis","Galliformes","Cracidae","Penelope","albipennis",1
"Penelope jacquacu","Galliformes","Cracidae","Penelope","jacquacu",0
"Penelope obscura","Galliformes","Cracidae","Penelope","obscura",1
"Penelope bridgesi","Galliformes","Cracidae","Penelope","bridgesi",0
"Penelope pileata","Galliformes","Cracidae","Penelope","pileata",NA
"Penelope ochrogaster","Galliformes","Cracidae","Penelope","ochrogaster",NA
"Penelope jacucaca","Galliformes","Cracidae","Penelope","jacucaca",1
"Pipile pipile","Galliformes","Cracidae","Pipile","pipile",0
"Pipile cumanensis","Galliformes","Cracidae","Pipile","cumanensis",1
"Pipile grayi","Galliformes","Cracidae","Pipile","grayi",1
"Pipile cujubi","Galliformes","Cracidae","Pipile","cujubi",1
"Pipile jacutinga","Galliformes","Cracidae","Pipile","jacutinga",0
"Aburria aburri","Galliformes","Cracidae","Aburria","aburri",0
"Chamaepetes unicolor","Galliformes","Cracidae","Chamaepetes","unicolor",0
"Chamaepetes goudotii","Galliformes","Cracidae","Chamaepetes","goudotii",0
"Penelopina nigra","Galliformes","Cracidae","Penelopina","nigra",1
"Oreophasis derbianus","Galliformes","Cracidae","Oreophasis","derbianus",NA
"Nothocrax urumutum","Galliformes","Cracidae","Nothocrax","urumutum",1
"Mitu tomentosum","Galliformes","Cracidae","Mitu","tomentosum",0
"Mitu salvini","Galliformes","Cracidae","Mitu","salvini",1
"Mitu tuberosum","Galliformes","Cracidae","Mitu","tuberosum",0
"Mitu mitu","Galliformes","Cracidae","Mitu","mitu",1
"Pauxi pauxi","Galliformes","Cracidae","Pauxi","pauxi",0
"Pauxi unicornis","Galliformes","Cracidae","Pauxi","unicornis",0
"Pauxi koepckeae","Galliformes","Cracidae","Pauxi","koepckeae",0
"Crax rubra","Galliformes","Cracidae","Crax","rubra",1
"Crax alberti","Galliformes","Cracidae","Crax","alberti",NA
"Crax daubentoni","Galliformes","Cracidae","Crax","daubentoni",1
"Crax alector","Galliformes","Cracidae","Crax","alector",0
"Crax globulosa","Galliformes","Cracidae","Crax","globulosa",1
"Crax fasciolata","Galliformes","Cracidae","Crax","fasciolata",0
NA,"Galliformes",NA,"Crax","pinima",NA
"Crax blumenbachii","Galliformes","Cracidae","Crax","blumenbachii",0
"Agelastes meleagrides","Galliformes","Numididae","Agelastes","meleagrides",1
"Agelastes niger","Galliformes","Numididae","Agelastes","niger",0
"Numida meleagris","Galliformes","Numididae","Numida","meleagris",1
"Guttera plumifera","Galliformes","Numididae","Guttera","plumifera",1
"Guttera verreauxi","Galliformes","Numididae","Guttera","verreauxi",1
"Guttera pucherani","Galliformes","Numididae","Guttera","pucherani",1
"Guttera edouardi","Galliformes","Numididae","Guttera","edouardi",1
"Acryllium vulturinum","Galliformes","Numididae","Acryllium","vulturinum",1
"Ptilopachus petrosus","Galliformes","Odontophoridae","Ptilopachus","petrosus",1
"Ptilopachus nahani","Galliformes","Odontophoridae","Ptilopachus","nahani",0
"Dendrortyx leucophrys","Galliformes","Odontophoridae","Dendrortyx","leucophrys",0
"Dendrortyx macroura","Galliformes","Odontophoridae","Dendrortyx","macroura",0
"Dendrortyx barbatus","Galliformes","Odontophoridae","Dendrortyx","barbatus",0
"Oreortyx pictus","Galliformes","Odontophoridae","Oreortyx","pictus",1
"Callipepla squamata","Galliformes","Odontophoridae","Callipepla","squamata",1
"Callipepla douglasii","Galliformes","Odontophoridae","Callipepla","douglasii",1
"Callipepla californica","Galliformes","Odontophoridae","Callipepla","californica",1
"Callipepla gambelii","Galliformes","Odontophoridae","Callipepla","gambelii",1
"Philortyx fasciatus","Galliformes","Odontophoridae","Philortyx","fasciatus",1
"Colinus virginianus","Galliformes","Odontophoridae","Colinus","virginianus",1
"Colinus nigrogularis","Galliformes","Odontophoridae","Colinus","nigrogularis",1
"Colinus leucopogon","Galliformes","Odontophoridae","Colinus","leucopogon",0
"Colinus cristatus","Galliformes","Odontophoridae","Colinus","cristatus",1
"Odontophorus gujanensis","Galliformes","Odontophoridae","Odontophorus","gujanensis",0
"Odontophorus capueira","Galliformes","Odontophoridae","Odontophorus","capueira",0
"Odontophorus melanotis","Galliformes","Odontophoridae","Odontophorus","melanotis",1
"Odontophorus erythrops","Galliformes","Odontophoridae","Odontophorus","erythrops",0
"Odontophorus atrifrons","Galliformes","Odontophoridae","Odontophorus","atrifrons",0
"Odontophorus hyperythrus","Galliformes","Odontophoridae","Odontophorus","hyperythrus",0
"Odontophorus melanonotus","Galliformes","Odontophoridae","Odontophorus","melanonotus",0
"Odontophorus speciosus","Galliformes","Odontophoridae","Odontophorus","speciosus",NA
"Odontophorus dialeucos","Galliformes","Odontophoridae","Odontophorus","dialeucos",0
"Odontophorus strophium","Galliformes","Odontophoridae","Odontophorus","strophium",0
"Odontophorus columbianus","Galliformes","Odontophoridae","Odontophorus","columbianus",0
"Odontophorus leucolaemus","Galliformes","Odontophoridae","Odontophorus","leucolaemus",0
"Odontophorus balliviani","Galliformes","Odontophoridae","Odontophorus","balliviani",NA
"Odontophorus stellatus","Galliformes","Odontophoridae","Odontophorus","stellatus",1
"Odontophorus guttatus","Galliformes","Odontophoridae","Odontophorus","guttatus",1
"Dactylortyx thoracicus","Galliformes","Odontophoridae","Dactylortyx","thoracicus",0
"Cyrtonyx montezumae","Galliformes","Odontophoridae","Cyrtonyx","montezumae",0
NA,"Galliformes",NA,"Cyrtonyx","sallei",1
"Cyrtonyx ocellatus","Galliformes","Odontophoridae","Cyrtonyx","ocellatus",0
"Rhynchortyx cinctus","Galliformes","Odontophoridae","Rhynchortyx","cinctus",0
"Xenoperdix udzungwensis","Galliformes","Phasianidae","Xenoperdix","udzungwensis",0
"Caloperdix oculeus","Galliformes","Phasianidae","Caloperdix","oculeus",0
"Rollulus rouloul","Galliformes","Phasianidae","Rollulus","rouloul",0
"Melanoperdix niger","Galliformes","Phasianidae","Melanoperdix","niger",0
"Arborophila torqueola","Galliformes","Phasianidae","Arborophila","torqueola",1
"Arborophila rufipectus","Galliformes","Phasianidae","Arborophila","rufipectus",NA
"Arborophila mandellii","Galliformes","Phasianidae","Arborophila","mandellii",NA
"Arborophila gingica","Galliformes","Phasianidae","Arborophila","gingica",NA
"Arborophila rufogularis","Galliformes","Phasianidae","Arborophila","rufogularis",0
"Arborophila rubrirostris","Galliformes","Phasianidae","Arborophila","rubrirostris",0
"Arborophila cambodiana","Galliformes","Phasianidae","Arborophila","cambodiana",0
"Arborophila ardens","Galliformes","Phasianidae","Arborophila","ardens",0
"Arborophila crudigularis","Galliformes","Phasianidae","Arborophila","crudigularis",0
"Arborophila atrogularis","Galliformes","Phasianidae","Arborophila","atrogularis",0
"Arborophila brunneopectus","Galliformes","Phasianidae","Arborophila","brunneopectus",1
"Arborophila davidi","Galliformes","Phasianidae","Arborophila","davidi",NA
"Arborophila hyperythra","Galliformes","Phasianidae","Arborophila","hyperythra",0
"Arborophila campbelli","Galliformes","Phasianidae","Arborophila","campbelli",0
"Arborophila rolli","Galliformes","Phasianidae","Arborophila","rolli",NA
"Arborophila sumatrana","Galliformes","Phasianidae","Arborophila","sumatrana",NA
"Arborophila javanica","Galliformes","Phasianidae","Arborophila","javanica",0
"Arborophila orientalis","Galliformes","Phasianidae","Arborophila","orientalis",NA
"Lerwa lerwa","Galliformes","Phasianidae","Lerwa","lerwa",0
"Ithaginis cruentus","Galliformes","Phasianidae","Ithaginis","cruentus",1
"Tragopan melanocephalus","Galliformes","Phasianidae","Tragopan","melanocephalus",0
"Tragopan satyra","Galliformes","Phasianidae","Tragopan","satyra",NA
"Tragopan blythii","Galliformes","Phasianidae","Tragopan","blythii",1
"Tragopan temminckii","Galliformes","Phasianidae","Tragopan","temminckii",NA
"Tragopan caboti","Galliformes","Phasianidae","Tragopan","caboti",1
"Tetraophasis obscurus","Galliformes","Phasianidae","Tetraophasis","obscurus",1
"Tetraophasis szechenyii","Galliformes","Phasianidae","Tetraophasis","szechenyii",0
"Lophophorus impejanus","Galliformes","Phasianidae","Lophophorus","impejanus",NA
"Lophophorus sclateri","Galliformes","Phasianidae","Lophophorus","sclateri",0
"Lophophorus lhuysii","Galliformes","Phasianidae","Lophophorus","lhuysii",0
"Pucrasia macrolopha","Galliformes","Phasianidae","Pucrasia","macrolopha",1
"Meleagris gallopavo","Galliformes","Phasianidae","Meleagris","gallopavo",1
"Meleagris ocellata","Galliformes","Phasianidae","Meleagris","ocellata",1
"Bonasa umbellus","Galliformes","Phasianidae","Bonasa","umbellus",1
"Tetrastes bonasia","Galliformes","Phasianidae","Tetrastes","bonasia",1
"Tetrastes sewerzowi","Galliformes","Phasianidae","Tetrastes","sewerzowi",NA
"Centrocercus urophasianus","Galliformes","Phasianidae","Centrocercus","urophasianus",1
"Centrocercus minimus","Galliformes","Phasianidae","Centrocercus","minimus",1
"Dendragapus obscurus","Galliformes","Phasianidae","Dendragapus","obscurus",1
"Dendragapus fuliginosus","Galliformes","Phasianidae","Dendragapus","fuliginosus",1
"Tympanuchus phasianellus","Galliformes","Phasianidae","Tympanuchus","phasianellus",1
"Tympanuchus cupido","Galliformes","Phasianidae","Tympanuchus","cupido",1
"Tympanuchus pallidicinctus","Galliformes","Phasianidae","Tympanuchus","pallidicinctus",1
"Lagopus leucura","Galliformes","Phasianidae","Lagopus","leucura",1
"Lagopus scotica","Galliformes","Phasianidae","Lagopus","scotica",NA
"Lagopus lagopus","Galliformes","Phasianidae","Lagopus","lagopus",1
"Lagopus muta","Galliformes","Phasianidae","Lagopus","muta",1
"Falcipennis falcipennis","Galliformes","Phasianidae","Falcipennis","falcipennis",1
"Canachites canadensis","Galliformes","Phasianidae","Canachites","canadensis",1
NA,"Galliformes",NA,"Canachites","franklinii",1
"Tetrao urogallus","Galliformes","Phasianidae","Tetrao","urogallus",1
"Tetrao urogalloides","Galliformes","Phasianidae","Tetrao","urogalloides",1
"Lyrurus tetrix","Galliformes","Phasianidae","Lyrurus","tetrix",1
"Lyrurus mlokosiewiczi","Galliformes","Phasianidae","Lyrurus","mlokosiewiczi",0
"Rhizothera longirostris","Galliformes","Phasianidae","Rhizothera","longirostris",NA
"Rhizothera dulitensis","Galliformes","Phasianidae","Rhizothera","dulitensis",NA
"Perdix hodgsoniae","Galliformes","Phasianidae","Perdix","hodgsoniae",0
"Perdix perdix","Galliformes","Phasianidae","Perdix","perdix",1
"Perdix dauurica","Galliformes","Phasianidae","Perdix","dauurica",1
"Syrmaticus soemmerringii","Galliformes","Phasianidae","Syrmaticus","soemmerringii",0
"Syrmaticus reevesii","Galliformes","Phasianidae","Syrmaticus","reevesii",0
"Syrmaticus mikado","Galliformes","Phasianidae","Syrmaticus","mikado",0
"Syrmaticus ellioti","Galliformes","Phasianidae","Syrmaticus","ellioti",0
"Syrmaticus humiae","Galliformes","Phasianidae","Syrmaticus","humiae",0
"Chrysolophus pictus","Galliformes","Phasianidae","Chrysolophus","pictus",1
"Chrysolophus amherstiae","Galliformes","Phasianidae","Chrysolophus","amherstiae",1
"Phasianus colchicus","Galliformes","Phasianidae","Phasianus","colchicus",1
"Phasianus versicolor","Galliformes","Phasianidae","Phasianus","versicolor",1
"Catreus wallichii","Galliformes","Phasianidae","Catreus","wallichii",0
"Crossoptilon harmani","Galliformes","Phasianidae","Crossoptilon","harmani",0
"Crossoptilon crossoptilon","Galliformes","Phasianidae","Crossoptilon","crossoptilon",0
"Crossoptilon mantchuricum","Galliformes","Phasianidae","Crossoptilon","mantchuricum",0
"Crossoptilon auritum","Galliformes","Phasianidae","Crossoptilon","auritum",0
"Lophura edwardsi","Galliformes","Phasianidae","Lophura","edwardsi",NA
"Lophura swinhoii","Galliformes","Phasianidae","Lophura","swinhoii",1
"Lophura bulweri","Galliformes","Phasianidae","Lophura","bulweri",NA
"Lophura leucomelanos","Galliformes","Phasianidae","Lophura","leucomelanos",1
"Lophura nycthemera","Galliformes","Phasianidae","Lophura","nycthemera",NA
"Lophura erythrophthalma","Galliformes","Phasianidae","Lophura","erythrophthalma",1
"Lophura pyronota","Galliformes","Phasianidae","Lophura","pyronota",0
"Lophura diardi","Galliformes","Phasianidae","Lophura","diardi",0
"Lophura inornata","Galliformes","Phasianidae","Lophura","inornata",NA
"Lophura rufa","Galliformes","Phasianidae","Lophura","rufa",0
"Lophura ignita","Galliformes","Phasianidae","Lophura","ignita",1
"Rheinardia ocellata","Galliformes","Phasianidae","Rheinardia","ocellata",0
"Rheinardia nigrescens","Galliformes","Phasianidae","Rheinardia","nigrescens",0
"Argusianus argus","Galliformes","Phasianidae","Argusianus","argus",0
"Afropavo congensis","Galliformes","Phasianidae","Afropavo","congensis",0
"Pavo cristatus","Galliformes","Phasianidae","Pavo","cristatus",0
"Pavo muticus","Galliformes","Phasianidae","Pavo","muticus",0
"Tropicoperdix chloropus","Galliformes","Phasianidae","Tropicoperdix","chloropus",0
NA,"Galliformes",NA,"Tropicoperdix","tonkinensis",NA
"Tropicoperdix charltonii","Galliformes","Phasianidae","Tropicoperdix","charltonii",NA
"Tropicoperdix graydoni","Galliformes","Phasianidae","Tropicoperdix","graydoni",NA
"Haematortyx sanguiniceps","Galliformes","Phasianidae","Haematortyx","sanguiniceps",NA
"Galloperdix spadicea","Galliformes","Phasianidae","Galloperdix","spadicea",0
"Galloperdix lunulata","Galliformes","Phasianidae","Galloperdix","lunulata",0
"Galloperdix bicalcarata","Galliformes","Phasianidae","Galloperdix","bicalcarata",0
"Polyplectron napoleonis","Galliformes","Phasianidae","Polyplectron","napoleonis",NA
"Polyplectron schleiermacheri","Galliformes","Phasianidae","Polyplectron","schleiermacheri",NA
"Polyplectron malacense","Galliformes","Phasianidae","Polyplectron","malacense",NA
"Polyplectron germaini","Galliformes","Phasianidae","Polyplectron","germaini",NA
"Polyplectron katsumatae","Galliformes","Phasianidae","Polyplectron","katsumatae",NA
"Polyplectron bicalcaratum","Galliformes","Phasianidae","Polyplectron","bicalcaratum",0
"Polyplectron inopinatum","Galliformes","Phasianidae","Polyplectron","inopinatum",NA
"Polyplectron chalcurum","Galliformes","Phasianidae","Polyplectron","chalcurum",NA
"Bambusicola fytchii","Galliformes","Phasianidae","Bambusicola","fytchii",0
"Bambusicola thoracicus","Galliformes","Phasianidae","Bambusicola","thoracicus",NA
"Bambusicola sonorivox","Galliformes","Phasianidae","Bambusicola","sonorivox",0
"Gallus varius","Galliformes","Phasianidae","Gallus","varius",0
"Gallus gallus","Galliformes","Phasianidae","Gallus","gallus",0
"Gallus sonneratii","Galliformes","Phasianidae","Gallus","sonneratii",0
"Gallus lafayettii","Galliformes","Phasianidae","Gallus","lafayettii",0
"Peliperdix lathami","Galliformes","Phasianidae","Peliperdix","lathami",NA
"Ortygornis sephaena","Galliformes","Phasianidae","Ortygornis","sephaena",1
"Ortygornis pondicerianus","Galliformes","Phasianidae","Ortygornis","pondicerianus",0
"Ortygornis gularis","Galliformes","Phasianidae","Ortygornis","gularis",1
"Francolinus pintadeanus","Galliformes","Phasianidae","Francolinus","pintadeanus",0
"Francolinus francolinus","Galliformes","Phasianidae","Francolinus","francolinus",0
"Francolinus pictus","Galliformes","Phasianidae","Francolinus","pictus",0
"Campocolinus coqui","Galliformes","Phasianidae","Campocolinus","coqui",NA
"Campocolinus albogularis","Galliformes","Phasianidae","Campocolinus","albogularis",NA
"Campocolinus schlegelii","Galliformes","Phasianidae","Campocolinus","schlegelii",0
"Scleroptila streptophora","Galliformes","Phasianidae","Scleroptila","streptophora",0
"Scleroptila levaillantii","Galliformes","Phasianidae","Scleroptila","levaillantii",1
"Scleroptila finschi","Galliformes","Phasianidae","Scleroptila","finschi",0
"Scleroptila psilolaema","Galliformes","Phasianidae","Scleroptila","psilolaema",0
"Scleroptila elgonensis","Galliformes","Phasianidae","Scleroptila","elgonensis",0
"Scleroptila afra","Galliformes","Phasianidae","Scleroptila","afra",1
"Scleroptila gutturalis","Galliformes","Phasianidae","Scleroptila","gutturalis",0
"Scleroptila shelleyi","Galliformes","Phasianidae","Scleroptila","shelleyi",0
"Scleroptila whytei","Galliformes","Phasianidae","Scleroptila","whytei",0
"Tetraogallus tibetanus","Galliformes","Phasianidae","Tetraogallus","tibetanus",1
"Tetraogallus altaicus","Galliformes","Phasianidae","Tetraogallus","altaicus",1
"Tetraogallus caucasicus","Galliformes","Phasianidae","Tetraogallus","caucasicus",0
"Tetraogallus caspius","Galliformes","Phasianidae","Tetraogallus","caspius",1
"Tetraogallus himalayensis","Galliformes","Phasianidae","Tetraogallus","himalayensis",0
"Ammoperdix griseogularis","Galliformes","Phasianidae","Ammoperdix","griseogularis",1
"Ammoperdix heyi","Galliformes","Phasianidae","Ammoperdix","heyi",NA
"Synoicus ypsilophorus","Galliformes","Phasianidae","Synoicus","ypsilophorus",0
"Synoicus monorthonyx","Galliformes","Phasianidae","Anurophasis","monorthonyx",NA
"Synoicus chinensis","Galliformes","Phasianidae","Synoicus","chinensis",0
"Synoicus adansonii","Galliformes","Phasianidae","Synoicus","adansonii",0
"Margaroperdix madagarensis","Galliformes","Phasianidae","Margaroperdix","madagarensis",0
"Coturnix coturnix","Galliformes","Phasianidae","Coturnix","coturnix",NA
"Coturnix japonica","Galliformes","Phasianidae","Coturnix","japonica",NA
"Coturnix delegorguei","Galliformes","Phasianidae","Coturnix","delegorguei",1
"Coturnix coromandelica","Galliformes","Phasianidae","Coturnix","coromandelica",1
"Coturnix pectoralis","Galliformes","Phasianidae","Coturnix","pectoralis",0
"Coturnix novaezelandiae","Galliformes","Phasianidae","Coturnix","novaezelandiae",NA
"Alectoris barbara","Galliformes","Phasianidae","Alectoris","barbara",1
"Alectoris melanocephala","Galliformes","Phasianidae","Alectoris","melanocephala",1
"Alectoris rufa","Galliformes","Phasianidae","Alectoris","rufa",1
"Alectoris chukar","Galliformes","Phasianidae","Alectoris","chukar",1
"Alectoris graeca","Galliformes","Phasianidae","Alectoris","graeca",NA
"Alectoris philbyi","Galliformes","Phasianidae","Alectoris","philbyi",1
"Alectoris magna","Galliformes","Phasianidae","Alectoris","magna",NA
"Perdicula asiatica","Galliformes","Phasianidae","Perdicula","asiatica",1
"Perdicula argoondah","Galliformes","Phasianidae","Perdicula","argoondah",NA
"Perdicula erythrorhyncha","Galliformes","Phasianidae","Perdicula","erythrorhyncha",0
"Perdicula manipurensis","Galliformes","Phasianidae","Perdicula","manipurensis",1
"Ophrysia superciliosa","Galliformes","Phasianidae","Ophrysia","superciliosa",0
"Pternistis hartlaubi","Galliformes","Phasianidae","Pternistis","hartlaubi",0
"Pternistis camerunensis","Galliformes","Phasianidae","Pternistis","camerunensis",NA
"Pternistis nobilis","Galliformes","Phasianidae","Pternistis","nobilis",0
"Pternistis castaneicollis","Galliformes","Phasianidae","Pternistis","castaneicollis",0
NA,"Galliformes",NA,"Pternistis","atrifrons",NA
"Pternistis erckelii","Galliformes","Phasianidae","Pternistis","erckelii",1
"Pternistis ochropectus","Galliformes","Phasianidae","Pternistis","ochropectus",1
"Pternistis swierstrai","Galliformes","Phasianidae","Pternistis","swierstrai",NA
"Pternistis ahantensis","Galliformes","Phasianidae","Pternistis","ahantensis",0
"Pternistis griseostriatus","Galliformes","Phasianidae","Pternistis","griseostriatus",NA
"Pternistis jacksoni","Galliformes","Phasianidae","Pternistis","jacksoni",0
"Pternistis adspersus","Galliformes","Phasianidae","Pternistis","adspersus",1
"Pternistis capensis","Galliformes","Phasianidae","Pternistis","capensis",NA
"Pternistis natalensis","Galliformes","Phasianidae","Pternistis","natalensis",0
"Pternistis hildebrandti","Galliformes","Phasianidae","Pternistis","hildebrandti",NA
"Pternistis bicalcaratus","Galliformes","Phasianidae","Pternistis","bicalcaratus",1
"Pternistis squamatus","Galliformes","Phasianidae","Pternistis","squamatus",0
"Pternistis icterorhynchus","Galliformes","Phasianidae","Pternistis","icterorhynchus",0
"Pternistis clappertoni","Galliformes","Phasianidae","Pternistis","clappertoni",1
"Pternistis harwoodi","Galliformes","Phasianidae","Pternistis","harwoodi",0
"Pternistis swainsonii","Galliformes","Phasianidae","Pternistis","swainsonii",1
"Pternistis leucoscepus","Galliformes","Phasianidae","Pternistis","leucoscepus",1
"Pternistis rufopictus","Galliformes","Phasianidae","Pternistis","rufopictus",0
"Pternistis afer","Galliformes","Phasianidae","Pternistis","afer",0
"Eurostopodus argus","Caprimulgiformes","Caprimulgidae","Eurostopodus","argus",NA
"Eurostopodus mystacalis","Caprimulgiformes","Caprimulgidae","Eurostopodus","mystacalis",1
"Eurostopodus nigripennis","Caprimulgiformes","Caprimulgidae","Eurostopodus","nigripennis",NA
"Eurostopodus exul","Caprimulgiformes","Caprimulgidae","Eurostopodus","exul",NA
"Eurostopodus diabolicus","Caprimulgiformes","Caprimulgidae","Eurostopodus","diabolicus",NA
"Eurostopodus papuensis","Caprimulgiformes","Caprimulgidae","Eurostopodus","papuensis",NA
"Eurostopodus archboldi","Caprimulgiformes","Caprimulgidae","Eurostopodus","archboldi",NA
"Lyncornis temminckii","Caprimulgiformes","Caprimulgidae","Lyncornis","temminckii",NA
"Lyncornis macrotis","Caprimulgiformes","Caprimulgidae","Lyncornis","macrotis",0
"Gactornis enarratus","Caprimulgiformes","Caprimulgidae","Gactornis","enarratus",NA
"Chordeiles nacunda","Caprimulgiformes","Caprimulgidae","Chordeiles","nacunda",0
"Chordeiles pusillus","Caprimulgiformes","Caprimulgidae","Chordeiles","pusillus",0
"Chordeiles rupestris","Caprimulgiformes","Caprimulgidae","Chordeiles","rupestris",1
"Chordeiles acutipennis","Caprimulgiformes","Caprimulgidae","Chordeiles","acutipennis",1
"Chordeiles minor","Caprimulgiformes","Caprimulgidae","Chordeiles","minor",0
"Chordeiles gundlachii","Caprimulgiformes","Caprimulgidae","Chordeiles","gundlachii",1
"Lurocalis semitorquatus","Caprimulgiformes","Caprimulgidae","Lurocalis","semitorquatus",0
"Lurocalis rufiventris","Caprimulgiformes","Caprimulgidae","Lurocalis","rufiventris",0
"Nyctiprogne leucopyga","Caprimulgiformes","Caprimulgidae","Nyctiprogne","leucopyga",1
"Nyctiprogne vielliardi","Caprimulgiformes","Caprimulgidae","Nyctiprogne","vielliardi",1
"Nyctipolus nigrescens","Caprimulgiformes","Caprimulgidae","Nyctipolus","nigrescens",0
"Nyctipolus hirundinaceus","Caprimulgiformes","Caprimulgidae","Nyctipolus","hirundinaceus",0
"Nyctidromus albicollis","Caprimulgiformes","Caprimulgidae","Nyctidromus","albicollis",0
"Nyctidromus anthonyi","Caprimulgiformes","Caprimulgidae","Nyctidromus","anthonyi",0
"Setopagis heterura","Caprimulgiformes","Caprimulgidae","Setopagis","heterura",NA
"Setopagis parvula","Caprimulgiformes","Caprimulgidae","Setopagis","parvula",0
"Setopagis whitelyi","Caprimulgiformes","Caprimulgidae","Setopagis","whitelyi",0
"Setopagis maculosa","Caprimulgiformes","Caprimulgidae","Setopagis","maculosa",NA
"Eleothreptus anomalus","Caprimulgiformes","Caprimulgidae","Eleothreptus","anomalus",0
"Eleothreptus candicans","Caprimulgiformes","Caprimulgidae","Eleothreptus","candicans",0
"Systellura longirostris","Caprimulgiformes","Caprimulgidae","Systellura","longirostris",0
NA,"Caprimulgiformes",NA,"Systellura","roraimae",NA
"Systellura decussata","Caprimulgiformes","Caprimulgidae","Systellura","decussata",NA
"Uropsalis segmentata","Caprimulgiformes","Caprimulgidae","Uropsalis","segmentata",0
"Uropsalis lyra","Caprimulgiformes","Caprimulgidae","Uropsalis","lyra",0
"Hydropsalis cayennensis","Caprimulgiformes","Caprimulgidae","Hydropsalis","cayennensis",0
"Hydropsalis maculicaudus","Caprimulgiformes","Caprimulgidae","Hydropsalis","maculicaudus",0
"Hydropsalis climacocerca","Caprimulgiformes","Caprimulgidae","Hydropsalis","climacocerca",0
"Hydropsalis torquata","Caprimulgiformes","Caprimulgidae","Hydropsalis","torquata",0
"Macropsalis forcipata","Caprimulgiformes","Caprimulgidae","Macropsalis","forcipata",NA
"Siphonorhis brewsteri","Caprimulgiformes","Caprimulgidae","Siphonorhis","brewsteri",NA
"Siphonorhis americana","Caprimulgiformes","Caprimulgidae","Siphonorhis","americana",0
"Nyctiphrynus rosenbergi","Caprimulgiformes","Caprimulgidae","Nyctiphrynus","rosenbergi",0
"Nyctiphrynus mcleodii","Caprimulgiformes","Caprimulgidae","Nyctiphrynus","mcleodii",NA
"Nyctiphrynus yucatanicus","Caprimulgiformes","Caprimulgidae","Nyctiphrynus","yucatanicus",0
"Nyctiphrynus ocellatus","Caprimulgiformes","Caprimulgidae","Nyctiphrynus","ocellatus",NA
"Phalaenoptilus nuttallii","Caprimulgiformes","Caprimulgidae","Phalaenoptilus","nuttallii",0
"Antrostomus carolinensis","Caprimulgiformes","Caprimulgidae","Antrostomus","carolinensis",1
"Antrostomus rufus","Caprimulgiformes","Caprimulgidae","Antrostomus","rufus",0
"Antrostomus cubanensis","Caprimulgiformes","Caprimulgidae","Antrostomus","cubanensis",0
"Antrostomus ekmani","Caprimulgiformes","Caprimulgidae","Antrostomus","ekmani",0
"Antrostomus salvini","Caprimulgiformes","Caprimulgidae","Antrostomus","salvini",0
"Antrostomus badius","Caprimulgiformes","Caprimulgidae","Antrostomus","badius",0
"Antrostomus sericocaudatus","Caprimulgiformes","Caprimulgidae","Antrostomus","sericocaudatus",NA
"Antrostomus ridgwayi","Caprimulgiformes","Caprimulgidae","Antrostomus","ridgwayi",0
"Antrostomus vociferus","Caprimulgiformes","Caprimulgidae","Antrostomus","vociferus",1
"Antrostomus arizonae","Caprimulgiformes","Caprimulgidae","Antrostomus","arizonae",0
"Antrostomus noctitherus","Caprimulgiformes","Caprimulgidae","Antrostomus","noctitherus",0
"Antrostomus saturatus","Caprimulgiformes","Caprimulgidae","Antrostomus","saturatus",0
"Veles binotatus","Caprimulgiformes","Caprimulgidae","Veles","binotatus",NA
"Caprimulgus ruficollis","Caprimulgiformes","Caprimulgidae","Caprimulgus","ruficollis",0
"Caprimulgus indicus","Caprimulgiformes","Caprimulgidae","Caprimulgus","indicus",0
"Caprimulgus jotaka","Caprimulgiformes","Caprimulgidae","Caprimulgus","jotaka",NA
"Caprimulgus phalaena","Caprimulgiformes","Caprimulgidae","Caprimulgus","phalaena",NA
"Caprimulgus europaeus","Caprimulgiformes","Caprimulgidae","Caprimulgus","europaeus",0
"Caprimulgus fraenatus","Caprimulgiformes","Caprimulgidae","Caprimulgus","fraenatus",NA
"Caprimulgus rufigena","Caprimulgiformes","Caprimulgidae","Caprimulgus","rufigena",NA
"Caprimulgus aegyptius","Caprimulgiformes","Caprimulgidae","Caprimulgus","aegyptius",1
"Caprimulgus mahrattensis","Caprimulgiformes","Caprimulgidae","Caprimulgus","mahrattensis",1
"Caprimulgus nubicus","Caprimulgiformes","Caprimulgidae","Caprimulgus","nubicus",NA
"Caprimulgus eximius","Caprimulgiformes","Caprimulgidae","Caprimulgus","eximius",NA
"Caprimulgus atripennis","Caprimulgiformes","Caprimulgidae","Caprimulgus","atripennis",NA
"Caprimulgus macrurus","Caprimulgiformes","Caprimulgidae","Caprimulgus","macrurus",0
"Caprimulgus meesi","Caprimulgiformes","Caprimulgidae","Caprimulgus","meesi",NA
"Caprimulgus ritae","Caprimulgiformes","Caprimulgidae","Caprimulgus","ritae",NA
"Caprimulgus andamanicus","Caprimulgiformes","Caprimulgidae","Caprimulgus","andamanicus",NA
"Caprimulgus manillensis","Caprimulgiformes","Caprimulgidae","Caprimulgus","manillensis",NA
"Caprimulgus celebensis","Caprimulgiformes","Caprimulgidae","Caprimulgus","celebensis",NA
"Caprimulgus donaldsoni","Caprimulgiformes","Caprimulgidae","Caprimulgus","donaldsoni",NA
"Caprimulgus pectoralis","Caprimulgiformes","Caprimulgidae","Caprimulgus","pectoralis",NA
"Caprimulgus poliocephalus","Caprimulgiformes","Caprimulgidae","Caprimulgus","poliocephalus",NA
"Caprimulgus asiaticus","Caprimulgiformes","Caprimulgidae","Caprimulgus","asiaticus",NA
"Caprimulgus madagascariensis","Caprimulgiformes","Caprimulgidae","Caprimulgus","madagascariensis",1
"Caprimulgus natalensis","Caprimulgiformes","Caprimulgidae","Caprimulgus","natalensis",0
"Caprimulgus solala","Caprimulgiformes","Caprimulgidae","Caprimulgus","solala",NA
"Caprimulgus inornatus","Caprimulgiformes","Caprimulgidae","Caprimulgus","inornatus",NA
"Caprimulgus stellatus","Caprimulgiformes","Caprimulgidae","Caprimulgus","stellatus",NA
"Caprimulgus affinis","Caprimulgiformes","Caprimulgidae","Caprimulgus","affinis",1
"Caprimulgus griseatus","Caprimulgiformes","Caprimulgidae","Caprimulgus","griseatus",NA
"Caprimulgus tristigma","Caprimulgiformes","Caprimulgidae","Caprimulgus","tristigma",NA
"Caprimulgus concretus","Caprimulgiformes","Caprimulgidae","Caprimulgus","concretus",NA
"Caprimulgus pulchellus","Caprimulgiformes","Caprimulgidae","Caprimulgus","pulchellus",NA
"Caprimulgus prigoginei","Caprimulgiformes","Caprimulgidae","Caprimulgus","prigoginei",NA
"Caprimulgus batesi","Caprimulgiformes","Caprimulgidae","Caprimulgus","batesi",NA
"Caprimulgus climacurus","Caprimulgiformes","Caprimulgidae","Caprimulgus","climacurus",NA
"Caprimulgus clarus","Caprimulgiformes","Caprimulgidae","Caprimulgus","clarus",NA
"Caprimulgus fossii","Caprimulgiformes","Caprimulgidae","Caprimulgus","fossii",NA
"Caprimulgus longipennis","Caprimulgiformes","Caprimulgidae","Caprimulgus","longipennis",1
"Caprimulgus vexillarius","Caprimulgiformes","Caprimulgidae","Caprimulgus","vexillarius",1
"Steatornis caripensis","Caprimulgiformes","Steatornithidae","Steatornis","caripensis",0
"Phyllaemulor bracteatus","Caprimulgiformes","Nyctibiidae","Phyllaemulor","bracteatus",NA
"Nyctibius grandis","Caprimulgiformes","Nyctibiidae","Nyctibius","grandis",0
"Nyctibius aethereus","Caprimulgiformes","Nyctibiidae","Nyctibius","aethereus",NA
"Nyctibius jamaicensis","Caprimulgiformes","Nyctibiidae","Nyctibius","jamaicensis",0
"Nyctibius griseus","Caprimulgiformes","Nyctibiidae","Nyctibius","griseus",0
"Nyctibius maculosus","Caprimulgiformes","Nyctibiidae","Nyctibius","maculosus",0
"Nyctibius leucopterus","Caprimulgiformes","Nyctibiidae","Nyctibius","leucopterus",NA
"Podargus ocellatus","Caprimulgiformes","Podargidae","Podargus","ocellatus",NA
"Podargus papuensis","Caprimulgiformes","Podargidae","Podargus","papuensis",NA
"Podargus strigoides","Caprimulgiformes","Podargidae","Podargus","strigoides",NA
"Rigidipenna inexpectata","Caprimulgiformes","Podargidae","Rigidipenna","inexpectata",NA
"Batrachostomus auritus","Caprimulgiformes","Podargidae","Batrachostomus","auritus",NA
"Batrachostomus harterti","Caprimulgiformes","Podargidae","Batrachostomus","harterti",NA
"Batrachostomus septimus","Caprimulgiformes","Podargidae","Batrachostomus","septimus",NA
"Batrachostomus stellatus","Caprimulgiformes","Podargidae","Batrachostomus","stellatus",NA
"Batrachostomus moniliger","Caprimulgiformes","Podargidae","Batrachostomus","moniliger",0
"Batrachostomus hodgsoni","Caprimulgiformes","Podargidae","Batrachostomus","hodgsoni",NA
"Batrachostomus poliolophus","Caprimulgiformes","Podargidae","Batrachostomus","poliolophus",NA
"Batrachostomus mixtus","Caprimulgiformes","Podargidae","Batrachostomus","mixtus",NA
"Batrachostomus javensis","Caprimulgiformes","Podargidae","Batrachostomus","javensis",NA
"Batrachostomus affinis","Caprimulgiformes","Podargidae","Batrachostomus","affinis",NA
"Batrachostomus chaseni","Caprimulgiformes","Podargidae","Batrachostomus","chaseni",NA
"Batrachostomus cornutus","Caprimulgiformes","Podargidae","Batrachostomus","cornutus",NA
"Aegotheles insignis","Caprimulgiformes","Aegothelidae","Aegotheles","insignis",NA
"Aegotheles tatei","Caprimulgiformes","Aegothelidae","Aegotheles","tatei",NA
"Aegotheles crinifrons","Caprimulgiformes","Aegothelidae","Aegotheles","crinifrons",0
"Aegotheles wallacii","Caprimulgiformes","Aegothelidae","Aegotheles","wallacii",NA
NA,"Caprimulgiformes",NA,"Aegotheles","archboldi",NA
"Aegotheles albertisi","Caprimulgiformes","Aegothelidae","Aegotheles","albertisi",NA
"Aegotheles savesi","Caprimulgiformes","Aegothelidae","Aegotheles","savesi",NA
"Aegotheles bennettii","Caprimulgiformes","Aegothelidae","Aegotheles","bennettii",NA
"Aegotheles affinis","Caprimulgiformes","Aegothelidae","Aegotheles","affinis",NA
"Aegotheles terborghi","Caprimulgiformes","Aegothelidae","Aegotheles","terborghi",NA
"Aegotheles cristatus","Caprimulgiformes","Aegothelidae","Aegotheles","cristatus",NA
"Hemiprocne coronata","Caprimulgiformes","Hemiprocnidae","Hemiprocne","coronata",0
"Hemiprocne longipennis","Caprimulgiformes","Hemiprocnidae","Hemiprocne","longipennis",0
"Hemiprocne comata","Caprimulgiformes","Hemiprocnidae","Hemiprocne","comata",0
"Hemiprocne mystacea","Caprimulgiformes","Hemiprocnidae","Hemiprocne","mystacea",0
"Cypseloides cherriei","Caprimulgiformes","Apodidae","Cypseloides","cherriei",1
"Cypseloides cryptus","Caprimulgiformes","Apodidae","Cypseloides","cryptus",1
"Cypseloides storeri","Caprimulgiformes","Apodidae","Cypseloides","storeri",NA
"Cypseloides fumigatus","Caprimulgiformes","Apodidae","Cypseloides","fumigatus",0
"Cypseloides rothschildi","Caprimulgiformes","Apodidae","Cypseloides","rothschildi",NA
"Cypseloides niger","Caprimulgiformes","Apodidae","Cypseloides","niger",0
"Cypseloides lemosi","Caprimulgiformes","Apodidae","Cypseloides","lemosi",1
"Cypseloides senex","Caprimulgiformes","Apodidae","Cypseloides","senex",0
"Streptoprocne phelpsi","Caprimulgiformes","Apodidae","Streptoprocne","phelpsi",1
"Streptoprocne rutila","Caprimulgiformes","Apodidae","Streptoprocne","rutila",1
"Streptoprocne zonaris","Caprimulgiformes","Apodidae","Streptoprocne","zonaris",0
"Streptoprocne biscutata","Caprimulgiformes","Apodidae","Streptoprocne","biscutata",1
"Streptoprocne semicollaris","Caprimulgiformes","Apodidae","Streptoprocne","semicollaris",0
"Hydrochous gigas","Caprimulgiformes","Apodidae","Hydrochous","gigas",0
"Collocalia affinis","Caprimulgiformes","Apodidae","Collocalia","affinis",0
"Collocalia marginata","Caprimulgiformes","Apodidae","Collocalia","marginata",1
"Collocalia isonota","Caprimulgiformes","Apodidae","Collocalia","isonota",1
"Collocalia sumbawae","Caprimulgiformes","Apodidae","Collocalia","sumbawae",1
"Collocalia neglecta","Caprimulgiformes","Apodidae","Collocalia","neglecta",1
"Collocalia esculenta","Caprimulgiformes","Apodidae","Collocalia","esculenta",0
"Collocalia uropygialis","Caprimulgiformes","Apodidae","Collocalia","uropygialis",1
"Collocalia dodgei","Caprimulgiformes","Apodidae","Collocalia","dodgei",0
"Collocalia linchi","Caprimulgiformes","Apodidae","Collocalia","linchi",0
"Collocalia natalis","Caprimulgiformes","Apodidae","Collocalia","natalis",0
"Collocalia troglodytes","Caprimulgiformes","Apodidae","Collocalia","troglodytes",1
"Aerodramus elaphrus","Caprimulgiformes","Apodidae","Aerodramus","elaphrus",0
"Aerodramus francicus","Caprimulgiformes","Apodidae","Aerodramus","francicus",0
"Aerodramus unicolor","Caprimulgiformes","Apodidae","Aerodramus","unicolor",0
"Aerodramus mearnsi","Caprimulgiformes","Apodidae","Aerodramus","mearnsi",0
"Aerodramus infuscatus","Caprimulgiformes","Apodidae","Aerodramus","infuscatus",1
"Aerodramus hirundinaceus","Caprimulgiformes","Apodidae","Aerodramus","hirundinaceus",0
"Aerodramus spodiopygius","Caprimulgiformes","Apodidae","Aerodramus","spodiopygius",0
"Aerodramus terraereginae","Caprimulgiformes","Apodidae","Aerodramus","terraereginae",0
"Aerodramus brevirostris","Caprimulgiformes","Apodidae","Aerodramus","brevirostris",0
"Aerodramus vulcanorum","Caprimulgiformes","Apodidae","Aerodramus","vulcanorum",0
"Aerodramus whiteheadi","Caprimulgiformes","Apodidae","Aerodramus","whiteheadi",NA
"Aerodramus nuditarsus","Caprimulgiformes","Apodidae","Aerodramus","nuditarsus",NA
"Aerodramus orientalis","Caprimulgiformes","Apodidae","Aerodramus","orientalis",NA
"Aerodramus salangana","Caprimulgiformes","Apodidae","Aerodramus","salangana",0
"Aerodramus vanikorensis","Caprimulgiformes","Apodidae","Aerodramus","vanikorensis",0
"Aerodramus amelis","Caprimulgiformes","Apodidae","Aerodramus","amelis",0
"Aerodramus pelewensis","Caprimulgiformes","Apodidae","Aerodramus","pelewensis",0
"Aerodramus bartschi","Caprimulgiformes","Apodidae","Aerodramus","bartschi",0
"Aerodramus inquietus","Caprimulgiformes","Apodidae","Aerodramus","inquietus",0
"Aerodramus leucophaeus","Caprimulgiformes","Apodidae","Aerodramus","leucophaeus",0
"Aerodramus sawtelli","Caprimulgiformes","Apodidae","Aerodramus","sawtelli",0
"Aerodramus ocistus","Caprimulgiformes","Apodidae","Aerodramus","ocistus",0
"Aerodramus maximus","Caprimulgiformes","Apodidae","Aerodramus","maximus",0
"Aerodramus fuciphagus","Caprimulgiformes","Apodidae","Aerodramus","fuciphagus",1
"Aerodramus papuensis","Caprimulgiformes","Apodidae","Aerodramus","papuensis",NA
"Schoutedenapus myoptilus","Caprimulgiformes","Apodidae","Schoutedenapus","myoptilus",1
"Mearnsia picina","Caprimulgiformes","Apodidae","Mearnsia","picina",1
"Mearnsia novaeguineae","Caprimulgiformes","Apodidae","Mearnsia","novaeguineae",1
"Zoonavena grandidieri","Caprimulgiformes","Apodidae","Zoonavena","grandidieri",1
"Zoonavena thomensis","Caprimulgiformes","Apodidae","Zoonavena","thomensis",0
"Zoonavena sylvatica","Caprimulgiformes","Apodidae","Zoonavena","sylvatica",0
"Telacanthura ussheri","Caprimulgiformes","Apodidae","Telacanthura","ussheri",1
"Telacanthura melanopygia","Caprimulgiformes","Apodidae","Telacanthura","melanopygia",0
"Rhaphidura leucopygialis","Caprimulgiformes","Apodidae","Rhaphidura","leucopygialis",0
"Rhaphidura sabini","Caprimulgiformes","Apodidae","Rhaphidura","sabini",0
"Neafrapus cassini","Caprimulgiformes","Apodidae","Neafrapus","cassini",1
"Neafrapus boehmi","Caprimulgiformes","Apodidae","Neafrapus","boehmi",0
"Hirundapus caudacutus","Caprimulgiformes","Apodidae","Hirundapus","caudacutus",0
"Hirundapus cochinchinensis","Caprimulgiformes","Apodidae","Hirundapus","cochinchinensis",1
"Hirundapus giganteus","Caprimulgiformes","Apodidae","Hirundapus","giganteus",0
"Hirundapus celebensis","Caprimulgiformes","Apodidae","Hirundapus","celebensis",1
"Chaetura cinereiventris","Caprimulgiformes","Apodidae","Chaetura","cinereiventris",0
"Chaetura spinicaudus","Caprimulgiformes","Apodidae","Chaetura","spinicaudus",0
"Chaetura martinica","Caprimulgiformes","Apodidae","Chaetura","martinica",1
"Chaetura fumosa","Caprimulgiformes","Apodidae","Chaetura","fumosa",1
"Chaetura egregia","Caprimulgiformes","Apodidae","Chaetura","egregia",NA
"Chaetura pelagica","Caprimulgiformes","Apodidae","Chaetura","pelagica",0
"Chaetura vauxi","Caprimulgiformes","Apodidae","Chaetura","vauxi",0
"Chaetura chapmani","Caprimulgiformes","Apodidae","Chaetura","chapmani",NA
"Chaetura andrei","Caprimulgiformes","Apodidae","Chaetura","andrei",NA
"Chaetura meridionalis","Caprimulgiformes","Apodidae","Chaetura","meridionalis",1
"Chaetura brachyura","Caprimulgiformes","Apodidae","Chaetura","brachyura",0
"Aeronautes saxatalis","Caprimulgiformes","Apodidae","Aeronautes","saxatalis",1
"Aeronautes montivagus","Caprimulgiformes","Apodidae","Aeronautes","montivagus",0
"Aeronautes andecolus","Caprimulgiformes","Apodidae","Aeronautes","andecolus",1
"Tachornis phoenicobia","Caprimulgiformes","Apodidae","Tachornis","phoenicobia",0
"Tachornis furcata","Caprimulgiformes","Apodidae","Tachornis","furcata",0
"Tachornis squamata","Caprimulgiformes","Apodidae","Tachornis","squamata",0
"Panyptila sanctihieronymi","Caprimulgiformes","Apodidae","Panyptila","sanctihieronymi",1
"Panyptila cayennensis","Caprimulgiformes","Apodidae","Panyptila","cayennensis",0
"Cypsiurus parvus","Caprimulgiformes","Apodidae","Cypsiurus","parvus",0
"Cypsiurus gracilis","Caprimulgiformes","Apodidae","Cypsiurus","gracilis",1
"Cypsiurus balasiensis","Caprimulgiformes","Apodidae","Cypsiurus","balasiensis",0
"Tachymarptis melba","Caprimulgiformes","Apodidae","Tachymarptis","melba",0
"Tachymarptis aequatorialis","Caprimulgiformes","Apodidae","Tachymarptis","aequatorialis",0
"Apus alexandri","Caprimulgiformes","Apodidae","Apus","alexandri",1
"Apus apus","Caprimulgiformes","Apodidae","Apus","apus",0
"Apus unicolor","Caprimulgiformes","Apodidae","Apus","unicolor",1
"Apus niansae","Caprimulgiformes","Apodidae","Apus","niansae",0
"Apus pallidus","Caprimulgiformes","Apodidae","Apus","pallidus",0
"Apus barbatus","Caprimulgiformes","Apodidae","Apus","barbatus",0
"Apus balstoni","Caprimulgiformes","Apodidae","Apus","balstoni",1
"Apus sladeniae","Caprimulgiformes","Apodidae","Apus","sladeniae",NA
"Apus berliozi","Caprimulgiformes","Apodidae","Apus","berliozi",1
"Apus bradfieldi","Caprimulgiformes","Apodidae","Apus","bradfieldi",0
"Apus pacificus","Caprimulgiformes","Apodidae","Apus","pacificus",0
"Apus salimalii","Caprimulgiformes","Apodidae","Apus","salimalii",NA
"Apus leuconyx","Caprimulgiformes","Apodidae","Apus","leuconyx",1
"Apus cooki","Caprimulgiformes","Apodidae","Apus","cooki",1
"Apus acuticauda","Caprimulgiformes","Apodidae","Apus","acuticauda",0
"Apus affinis","Caprimulgiformes","Apodidae","Apus","affinis",0
"Apus nipalensis","Caprimulgiformes","Apodidae","Apus","nipalensis",0
"Apus horus","Caprimulgiformes","Apodidae","Apus","horus",0
"Apus caffer","Caprimulgiformes","Apodidae","Apus","caffer",0
"Apus batesi","Caprimulgiformes","Apodidae","Apus","batesi",0
"Topaza pella","Caprimulgiformes","Trochilidae","Topaza","pella",NA
"Topaza pyra","Caprimulgiformes","Trochilidae","Topaza","pyra",NA
"Florisuga mellivora","Caprimulgiformes","Trochilidae","Florisuga","mellivora",NA
"Florisuga fusca","Caprimulgiformes","Trochilidae","Florisuga","fusca",1
"Eutoxeres aquila","Caprimulgiformes","Trochilidae","Eutoxeres","aquila",0
"Eutoxeres condamini","Caprimulgiformes","Trochilidae","Eutoxeres","condamini",NA
"Ramphodon naevius","Caprimulgiformes","Trochilidae","Ramphodon","naevius",NA
"Glaucis dohrnii","Caprimulgiformes","Trochilidae","Glaucis","dohrnii",NA
"Glaucis aeneus","Caprimulgiformes","Trochilidae","Glaucis","aeneus",NA
"Glaucis hirsutus","Caprimulgiformes","Trochilidae","Glaucis","hirsutus",NA
"Threnetes ruckeri","Caprimulgiformes","Trochilidae","Threnetes","ruckeri",NA
"Threnetes leucurus","Caprimulgiformes","Trochilidae","Threnetes","leucurus",NA
"Threnetes niger","Caprimulgiformes","Trochilidae","Threnetes","niger",NA
"Anopetia gounellei","Caprimulgiformes","Trochilidae","Anopetia","gounellei",0
"Phaethornis squalidus","Caprimulgiformes","Trochilidae","Phaethornis","squalidus",NA
"Phaethornis rupurumii","Caprimulgiformes","Trochilidae","Phaethornis","rupurumii",NA
"Phaethornis longuemareus","Caprimulgiformes","Trochilidae","Phaethornis","longuemareus",0
"Phaethornis aethopygus","Caprimulgiformes","Trochilidae","Phaethornis","aethopygus",0
"Phaethornis idaliae","Caprimulgiformes","Trochilidae","Phaethornis","idaliae",0
"Phaethornis nattereri","Caprimulgiformes","Trochilidae","Phaethornis","nattereri",NA
"Phaethornis atrimentalis","Caprimulgiformes","Trochilidae","Phaethornis","atrimentalis",NA
"Phaethornis striigularis","Caprimulgiformes","Trochilidae","Phaethornis","striigularis",0
"Phaethornis griseogularis","Caprimulgiformes","Trochilidae","Phaethornis","griseogularis",0
NA,"Caprimulgiformes",NA,"Phaethornis","porcullae",NA
"Phaethornis ruber","Caprimulgiformes","Trochilidae","Phaethornis","ruber",0
"Phaethornis stuarti","Caprimulgiformes","Trochilidae","Phaethornis","stuarti",NA
"Phaethornis subochraceus","Caprimulgiformes","Trochilidae","Phaethornis","subochraceus",0
"Phaethornis augusti","Caprimulgiformes","Trochilidae","Phaethornis","augusti",0
"Phaethornis pretrei","Caprimulgiformes","Trochilidae","Phaethornis","pretrei",NA
"Phaethornis eurynome","Caprimulgiformes","Trochilidae","Phaethornis","eurynome",NA
"Phaethornis anthophilus","Caprimulgiformes","Trochilidae","Phaethornis","anthophilus",NA
"Phaethornis hispidus","Caprimulgiformes","Trochilidae","Phaethornis","hispidus",0
"Phaethornis yaruqui","Caprimulgiformes","Trochilidae","Phaethornis","yaruqui",0
"Phaethornis guy","Caprimulgiformes","Trochilidae","Phaethornis","guy",0
"Phaethornis syrmatophorus","Caprimulgiformes","Trochilidae","Phaethornis","syrmatophorus",0
"Phaethornis koepckeae","Caprimulgiformes","Trochilidae","Phaethornis","koepckeae",0
"Phaethornis philippii","Caprimulgiformes","Trochilidae","Phaethornis","philippii",NA
"Phaethornis bourcieri","Caprimulgiformes","Trochilidae","Phaethornis","bourcieri",NA
NA,"Caprimulgiformes",NA,"Phaethornis","major",NA
"Phaethornis mexicanus","Caprimulgiformes","Trochilidae","Phaethornis","mexicanus",0
"Phaethornis longirostris","Caprimulgiformes","Trochilidae","Phaethornis","longirostris",0
NA,"Caprimulgiformes",NA,"Phaethornis","baroni",NA
"Phaethornis superciliosus","Caprimulgiformes","Trochilidae","Phaethornis","superciliosus",0
"Phaethornis malaris","Caprimulgiformes","Trochilidae","Phaethornis","malaris",NA
"Doryfera ludovicae","Caprimulgiformes","Trochilidae","Doryfera","ludovicae",NA
"Doryfera johannae","Caprimulgiformes","Trochilidae","Doryfera","johannae",0
"Schistes albogularis","Caprimulgiformes","Trochilidae","Schistes","albogularis",NA
"Schistes geoffroyi","Caprimulgiformes","Trochilidae","Schistes","geoffroyi",NA
"Augastes scutatus","Caprimulgiformes","Trochilidae","Augastes","scutatus",NA
"Augastes lumachella","Caprimulgiformes","Trochilidae","Augastes","lumachella",NA
"Colibri delphinae","Caprimulgiformes","Trochilidae","Colibri","delphinae",0
"Colibri thalassinus","Caprimulgiformes","Trochilidae","Colibri","thalassinus",0
"Colibri cyanotus","Caprimulgiformes","Trochilidae","Colibri","cyanotus",0
"Colibri coruscans","Caprimulgiformes","Trochilidae","Colibri","coruscans",NA
"Colibri serrirostris","Caprimulgiformes","Trochilidae","Colibri","serrirostris",NA
"Androdon aequatorialis","Caprimulgiformes","Trochilidae","Androdon","aequatorialis",0
"Heliactin bilophus","Caprimulgiformes","Trochilidae","Heliactin","bilophus",NA
"Heliothryx barroti","Caprimulgiformes","Trochilidae","Heliothryx","barroti",0
"Heliothryx auritus","Caprimulgiformes","Trochilidae","Heliothryx","auritus",0
"Polytmus guainumbi","Caprimulgiformes","Trochilidae","Polytmus","guainumbi",0
"Polytmus milleri","Caprimulgiformes","Trochilidae","Polytmus","milleri",0
"Polytmus theresiae","Caprimulgiformes","Trochilidae","Polytmus","theresiae",0
"Avocettula recurvirostris","Caprimulgiformes","Trochilidae","Avocettula","recurvirostris",NA
"Chrysolampis mosquitus","Caprimulgiformes","Trochilidae","Chrysolampis","mosquitus",0
"Anthracothorax mango","Caprimulgiformes","Trochilidae","Anthracothorax","mango",NA
"Anthracothorax viridigula","Caprimulgiformes","Trochilidae","Anthracothorax","viridigula",NA
"Anthracothorax prevostii","Caprimulgiformes","Trochilidae","Anthracothorax","prevostii",0
"Anthracothorax veraguensis","Caprimulgiformes","Trochilidae","Anthracothorax","veraguensis",NA
"Anthracothorax nigricollis","Caprimulgiformes","Trochilidae","Anthracothorax","nigricollis",NA
"Anthracothorax dominicus","Caprimulgiformes","Trochilidae","Anthracothorax","dominicus",NA
"Anthracothorax aurulentus","Caprimulgiformes","Trochilidae","Anthracothorax","aurulentus",NA
"Anthracothorax viridis","Caprimulgiformes","Trochilidae","Anthracothorax","viridis",NA
"Eulampis holosericeus","Caprimulgiformes","Trochilidae","Eulampis","holosericeus",0
"Eulampis jugularis","Caprimulgiformes","Trochilidae","Eulampis","jugularis",0
"Heliangelus mavors","Caprimulgiformes","Trochilidae","Heliangelus","mavors",NA
"Heliangelus amethysticollis","Caprimulgiformes","Trochilidae","Heliangelus","amethysticollis",1
"Heliangelus clarisse","Caprimulgiformes","Trochilidae","Heliangelus","clarisse",0
"Heliangelus spencei","Caprimulgiformes","Trochilidae","Heliangelus","spencei",NA
"Heliangelus strophianus","Caprimulgiformes","Trochilidae","Heliangelus","strophianus",0
"Heliangelus exortis","Caprimulgiformes","Trochilidae","Heliangelus","exortis",NA
"Heliangelus micraster","Caprimulgiformes","Trochilidae","Heliangelus","micraster",NA
"Heliangelus viola","Caprimulgiformes","Trochilidae","Heliangelus","viola",NA
"Heliangelus regalis","Caprimulgiformes","Trochilidae","Heliangelus","regalis",NA
"Sephanoides sephaniodes","Caprimulgiformes","Trochilidae","Sephanoides","sephaniodes",NA
"Sephanoides fernandensis","Caprimulgiformes","Trochilidae","Sephanoides","fernandensis",NA
"Discosura conversii","Caprimulgiformes","Trochilidae","Discosura","conversii",1
"Discosura popelairii","Caprimulgiformes","Trochilidae","Discosura","popelairii",NA
"Discosura langsdorffi","Caprimulgiformes","Trochilidae","Discosura","langsdorffi",0
"Discosura letitiae","Caprimulgiformes","Trochilidae","Discosura","letitiae",NA
"Discosura longicaudus","Caprimulgiformes","Trochilidae","Discosura","longicaudus",NA
"Lophornis ornatus","Caprimulgiformes","Trochilidae","Lophornis","ornatus",0
"Lophornis gouldii","Caprimulgiformes","Trochilidae","Lophornis","gouldii",NA
"Lophornis magnificus","Caprimulgiformes","Trochilidae","Lophornis","magnificus",NA
"Lophornis brachylophus","Caprimulgiformes","Trochilidae","Lophornis","brachylophus",NA
"Lophornis delattrei","Caprimulgiformes","Trochilidae","Lophornis","delattrei",NA
"Lophornis stictolophus","Caprimulgiformes","Trochilidae","Lophornis","stictolophus",NA
"Lophornis chalybeus","Caprimulgiformes","Trochilidae","Lophornis","chalybeus",NA
"Lophornis verreauxii","Caprimulgiformes","Trochilidae","Lophornis","verreauxii",NA
"Lophornis pavoninus","Caprimulgiformes","Trochilidae","Lophornis","pavoninus",0
"Lophornis helenae","Caprimulgiformes","Trochilidae","Lophornis","helenae",0
"Lophornis adorabilis","Caprimulgiformes","Trochilidae","Lophornis","adorabilis",NA
"Phlogophilus hemileucurus","Caprimulgiformes","Trochilidae","Phlogophilus","hemileucurus",NA
"Phlogophilus harterti","Caprimulgiformes","Trochilidae","Phlogophilus","harterti",NA
"Adelomyia melanogenys","Caprimulgiformes","Trochilidae","Adelomyia","melanogenys",0
"Aglaiocercus kingii","Caprimulgiformes","Trochilidae","Aglaiocercus","kingii",0
"Aglaiocercus coelestis","Caprimulgiformes","Trochilidae","Aglaiocercus","coelestis",0
"Aglaiocercus berlepschi","Caprimulgiformes","Trochilidae","Aglaiocercus","berlepschi",0
"Sappho sparganurus","Caprimulgiformes","Trochilidae","Sappho","sparganurus",0
"Polyonymus caroli","Caprimulgiformes","Trochilidae","Polyonymus","caroli",0
"Taphrolesbia griseiventris","Caprimulgiformes","Trochilidae","Taphrolesbia","griseiventris",0
"Oreotrochilus estella","Caprimulgiformes","Trochilidae","Oreotrochilus","estella",1
"Oreotrochilus leucopleurus","Caprimulgiformes","Trochilidae","Oreotrochilus","leucopleurus",NA
"Oreotrochilus chimborazo","Caprimulgiformes","Trochilidae","Oreotrochilus","chimborazo",NA
"Oreotrochilus cyanolaemus","Caprimulgiformes","Trochilidae","Oreotrochilus","cyanolaemus",0
"Oreotrochilus stolzmanni","Caprimulgiformes","Trochilidae","Oreotrochilus","stolzmanni",0
"Oreotrochilus melanogaster","Caprimulgiformes","Trochilidae","Oreotrochilus","melanogaster",NA
"Oreotrochilus adela","Caprimulgiformes","Trochilidae","Oreotrochilus","adela",NA
"Opisthoprora euryptera","Caprimulgiformes","Trochilidae","Opisthoprora","euryptera",0
"Lesbia victoriae","Caprimulgiformes","Trochilidae","Lesbia","victoriae",NA
"Lesbia nuna","Caprimulgiformes","Trochilidae","Lesbia","nuna",NA
"Ramphomicron dorsale","Caprimulgiformes","Trochilidae","Ramphomicron","dorsale",NA
"Ramphomicron microrhynchum","Caprimulgiformes","Trochilidae","Ramphomicron","microrhynchum",NA
"Oreonympha nobilis","Caprimulgiformes","Trochilidae","Oreonympha","nobilis",0
NA,"Caprimulgiformes",NA,"Oreonympha","albolimbata",NA
"Oxypogon stuebelii","Caprimulgiformes","Trochilidae","Oxypogon","stuebelii",NA
"Oxypogon cyanolaemus","Caprimulgiformes","Trochilidae","Oxypogon","cyanolaemus",NA
"Oxypogon lindenii","Caprimulgiformes","Trochilidae","Oxypogon","lindenii",NA
"Oxypogon guerinii","Caprimulgiformes","Trochilidae","Oxypogon","guerinii",NA
"Chalcostigma heteropogon","Caprimulgiformes","Trochilidae","Chalcostigma","heteropogon",NA
"Chalcostigma herrani","Caprimulgiformes","Trochilidae","Chalcostigma","herrani",0
"Chalcostigma ruficeps","Caprimulgiformes","Trochilidae","Chalcostigma","ruficeps",NA
"Chalcostigma olivaceum","Caprimulgiformes","Trochilidae","Chalcostigma","olivaceum",0
"Chalcostigma stanleyi","Caprimulgiformes","Trochilidae","Chalcostigma","stanleyi",NA
"Metallura tyrianthina","Caprimulgiformes","Trochilidae","Metallura","tyrianthina",NA
"Metallura iracunda","Caprimulgiformes","Trochilidae","Metallura","iracunda",NA
"Metallura williami","Caprimulgiformes","Trochilidae","Metallura","williami",NA
"Metallura baroni","Caprimulgiformes","Trochilidae","Metallura","baroni",NA
"Metallura odomae","Caprimulgiformes","Trochilidae","Metallura","odomae",0
"Metallura theresiae","Caprimulgiformes","Trochilidae","Metallura","theresiae",0
"Metallura eupogon","Caprimulgiformes","Trochilidae","Metallura","eupogon",NA
"Metallura aeneocauda","Caprimulgiformes","Trochilidae","Metallura","aeneocauda",NA
"Metallura phoebe","Caprimulgiformes","Trochilidae","Metallura","phoebe",0
"Haplophaedia aureliae","Caprimulgiformes","Trochilidae","Haplophaedia","aureliae",NA
"Haplophaedia assimilis","Caprimulgiformes","Trochilidae","Haplophaedia","assimilis",NA
"Haplophaedia lugens","Caprimulgiformes","Trochilidae","Haplophaedia","lugens",0
"Eriocnemis nigrivestis","Caprimulgiformes","Trochilidae","Eriocnemis","nigrivestis",NA
"Eriocnemis isabellae","Caprimulgiformes","Trochilidae","Eriocnemis","isabellae",NA
"Eriocnemis vestita","Caprimulgiformes","Trochilidae","Eriocnemis","vestita",NA
"Eriocnemis derbyi","Caprimulgiformes","Trochilidae","Eriocnemis","derbyi",NA
"Eriocnemis godini","Caprimulgiformes","Trochilidae","Eriocnemis","godini",NA
"Eriocnemis cupreoventris","Caprimulgiformes","Trochilidae","Eriocnemis","cupreoventris",NA
"Eriocnemis luciani","Caprimulgiformes","Trochilidae","Eriocnemis","luciani",0
NA,"Caprimulgiformes",NA,"Eriocnemis","sapphiropygia",NA
"Eriocnemis mosquera","Caprimulgiformes","Trochilidae","Eriocnemis","mosquera",0
"Eriocnemis glaucopoides","Caprimulgiformes","Trochilidae","Eriocnemis","glaucopoides",NA
"Eriocnemis mirabilis","Caprimulgiformes","Trochilidae","Eriocnemis","mirabilis",NA
"Eriocnemis aline","Caprimulgiformes","Trochilidae","Eriocnemis","aline",NA
"Loddigesia mirabilis","Caprimulgiformes","Trochilidae","Loddigesia","mirabilis",NA
"Aglaeactis cupripennis","Caprimulgiformes","Trochilidae","Aglaeactis","cupripennis",NA
"Aglaeactis castelnaudii","Caprimulgiformes","Trochilidae","Aglaeactis","castelnaudii",NA
"Aglaeactis aliciae","Caprimulgiformes","Trochilidae","Aglaeactis","aliciae",NA
"Aglaeactis pamela","Caprimulgiformes","Trochilidae","Aglaeactis","pamela",0
"Coeligena coeligena","Caprimulgiformes","Trochilidae","Coeligena","coeligena",NA
"Coeligena wilsoni","Caprimulgiformes","Trochilidae","Coeligena","wilsoni",0
"Coeligena prunellei","Caprimulgiformes","Trochilidae","Coeligena","prunellei",NA
"Coeligena conradii","Caprimulgiformes","Trochilidae","Coeligena","conradii",NA
"Coeligena torquata","Caprimulgiformes","Trochilidae","Coeligena","torquata",1
NA,"Caprimulgiformes",NA,"Coeligena","eisenmanni",NA
"Coeligena inca","Caprimulgiformes","Trochilidae","Coeligena","inca",NA
"Coeligena violifer","Caprimulgiformes","Trochilidae","Coeligena","violifer",NA
NA,"Caprimulgiformes",NA,"Coeligena","dichroura",NA
NA,"Caprimulgiformes",NA,"Coeligena","albicaudata",NA
NA,"Caprimulgiformes",NA,"Coeligena","osculans",NA
"Coeligena iris","Caprimulgiformes","Trochilidae","Coeligena","iris",NA
"Coeligena phalerata","Caprimulgiformes","Trochilidae","Coeligena","phalerata",NA
"Coeligena orina","Caprimulgiformes","Trochilidae","Coeligena","orina",NA
"Coeligena lutetiae","Caprimulgiformes","Trochilidae","Coeligena","lutetiae",NA
"Coeligena consita","Caprimulgiformes","Trochilidae","Coeligena","consita",0
"Coeligena bonapartei","Caprimulgiformes","Trochilidae","Coeligena","bonapartei",0
"Coeligena eos","Caprimulgiformes","Trochilidae","Coeligena","eos",0
"Coeligena helianthea","Caprimulgiformes","Trochilidae","Coeligena","helianthea",NA
"Lafresnaya lafresnayi","Caprimulgiformes","Trochilidae","Lafresnaya","lafresnayi",NA
"Ensifera ensifera","Caprimulgiformes","Trochilidae","Ensifera","ensifera",NA
"Pterophanes cyanopterus","Caprimulgiformes","Trochilidae","Pterophanes","cyanopterus",0
"Boissonneaua flavescens","Caprimulgiformes","Trochilidae","Boissonneaua","flavescens",NA
"Boissonneaua matthewsii","Caprimulgiformes","Trochilidae","Boissonneaua","matthewsii",0
"Boissonneaua jardini","Caprimulgiformes","Trochilidae","Boissonneaua","jardini",0
"Ocreatus underwoodii","Caprimulgiformes","Trochilidae","Ocreatus","underwoodii",0
"Ocreatus peruanus","Caprimulgiformes","Trochilidae","Ocreatus","peruanus",NA
"Ocreatus addae","Caprimulgiformes","Trochilidae","Ocreatus","addae",0
"Urochroa bougueri","Caprimulgiformes","Trochilidae","Urochroa","bougueri",0
"Urochroa leucura","Caprimulgiformes","Trochilidae","Urochroa","leucura",NA
"Urosticte benjamini","Caprimulgiformes","Trochilidae","Urosticte","benjamini",0
"Urosticte ruficrissa","Caprimulgiformes","Trochilidae","Urosticte","ruficrissa",NA
"Heliodoxa xanthogonys","Caprimulgiformes","Trochilidae","Heliodoxa","xanthogonys",NA
"Heliodoxa gularis","Caprimulgiformes","Trochilidae","Heliodoxa","gularis",NA
"Heliodoxa branickii","Caprimulgiformes","Trochilidae","Heliodoxa","branickii",0
"Heliodoxa schreibersii","Caprimulgiformes","Trochilidae","Heliodoxa","schreibersii",NA
NA,"Caprimulgiformes",NA,"Heliodoxa","whitelyana",NA
"Heliodoxa aurescens","Caprimulgiformes","Trochilidae","Heliodoxa","aurescens",0
"Heliodoxa rubinoides","Caprimulgiformes","Trochilidae","Heliodoxa","rubinoides",0
"Heliodoxa jacula","Caprimulgiformes","Trochilidae","Heliodoxa","jacula",NA
"Heliodoxa imperatrix","Caprimulgiformes","Trochilidae","Heliodoxa","imperatrix",NA
"Heliodoxa leadbeateri","Caprimulgiformes","Trochilidae","Heliodoxa","leadbeateri",NA
"Heliodoxa rubricauda","Caprimulgiformes","Trochilidae","Clytolaema","rubricauda",NA
"Patagona gigas","Caprimulgiformes","Trochilidae","Patagona","gigas",0
"Sternoclyta cyanopectus","Caprimulgiformes","Trochilidae","Sternoclyta","cyanopectus",NA
"Hylonympha macrocerca","Caprimulgiformes","Trochilidae","Hylonympha","macrocerca",NA
"Eugenes fulgens","Caprimulgiformes","Trochilidae","Eugenes","fulgens",NA
"Eugenes spectabilis","Caprimulgiformes","Trochilidae","Eugenes","spectabilis",0
"Panterpe insignis","Caprimulgiformes","Trochilidae","Panterpe","insignis",1
"Heliomaster longirostris","Caprimulgiformes","Trochilidae","Heliomaster","longirostris",NA
"Heliomaster constantii","Caprimulgiformes","Trochilidae","Heliomaster","constantii",0
"Heliomaster squamosus","Caprimulgiformes","Trochilidae","Heliomaster","squamosus",NA
"Heliomaster furcifer","Caprimulgiformes","Trochilidae","Heliomaster","furcifer",NA
"Lampornis hemileucus","Caprimulgiformes","Trochilidae","Lampornis","hemileucus",NA
"Lampornis clemenciae","Caprimulgiformes","Trochilidae","Lampornis","clemenciae",NA
"Lampornis amethystinus","Caprimulgiformes","Trochilidae","Lampornis","amethystinus",0
"Lampornis viridipallens","Caprimulgiformes","Trochilidae","Lampornis","viridipallens",NA
"Lampornis sybillae","Caprimulgiformes","Trochilidae","Lampornis","sybillae",NA
"Lampornis calolaemus","Caprimulgiformes","Trochilidae","Lampornis","calolaemus",NA
"Lampornis cinereicauda","Caprimulgiformes","Trochilidae","Lampornis","cinereicauda",0
"Lampornis castaneoventris","Caprimulgiformes","Trochilidae","Lampornis","castaneoventris",0
"Lamprolaima rhami","Caprimulgiformes","Trochilidae","Lamprolaima","rhami",NA
"Calliphlox amethystina","Caprimulgiformes","Trochilidae","Calliphlox","amethystina",0
"Myrtis fanny","Caprimulgiformes","Trochilidae","Myrtis","fanny",NA
"Rhodopis vesper","Caprimulgiformes","Trochilidae","Rhodopis","vesper",0
"Myrmia micrura","Caprimulgiformes","Trochilidae","Myrmia","micrura",0
"Thaumastura cora","Caprimulgiformes","Trochilidae","Thaumastura","cora",NA
"Philodice bryantae","Caprimulgiformes","Trochilidae","Philodice","bryantae",0
"Philodice mitchellii","Caprimulgiformes","Trochilidae","Philodice","mitchellii",NA
"Eulidia yarrellii","Caprimulgiformes","Trochilidae","Eulidia","yarrellii",NA
"Microstilbon burmeisteri","Caprimulgiformes","Trochilidae","Microstilbon","burmeisteri",0
"Chaetocercus mulsant","Caprimulgiformes","Trochilidae","Chaetocercus","mulsant",NA
"Chaetocercus bombus","Caprimulgiformes","Trochilidae","Chaetocercus","bombus",NA
"Chaetocercus heliodor","Caprimulgiformes","Trochilidae","Chaetocercus","heliodor",NA
"Chaetocercus astreans","Caprimulgiformes","Trochilidae","Chaetocercus","astreans",NA
"Chaetocercus berlepschi","Caprimulgiformes","Trochilidae","Chaetocercus","berlepschi",NA
"Chaetocercus jourdanii","Caprimulgiformes","Trochilidae","Chaetocercus","jourdanii",NA
"Tilmatura dupontii","Caprimulgiformes","Trochilidae","Tilmatura","dupontii",0
"Doricha enicura","Caprimulgiformes","Trochilidae","Doricha","enicura",NA
"Doricha eliza","Caprimulgiformes","Trochilidae","Doricha","eliza",0
"Calothorax lucifer","Caprimulgiformes","Trochilidae","Calothorax","lucifer",NA
"Calothorax pulcher","Caprimulgiformes","Trochilidae","Calothorax","pulcher",0
"Archilochus alexandri","Caprimulgiformes","Trochilidae","Archilochus","alexandri",NA
"Archilochus colubris","Caprimulgiformes","Trochilidae","Archilochus","colubris",0
"Mellisuga minima","Caprimulgiformes","Trochilidae","Mellisuga","minima",0
"Mellisuga helenae","Caprimulgiformes","Trochilidae","Mellisuga","helenae",NA
"Nesophlox evelynae","Caprimulgiformes","Trochilidae","Nesophlox","evelynae",NA
"Nesophlox lyrura","Caprimulgiformes","Trochilidae","Nesophlox","lyrura",NA
"Calypte anna","Caprimulgiformes","Trochilidae","Calypte","anna",NA
"Calypte costae","Caprimulgiformes","Trochilidae","Calypte","costae",NA
"Selasphorus calliope","Caprimulgiformes","Trochilidae","Selasphorus","calliope",NA
"Selasphorus rufus","Caprimulgiformes","Trochilidae","Selasphorus","rufus",0
"Selasphorus sasin","Caprimulgiformes","Trochilidae","Selasphorus","sasin",NA
"Selasphorus platycercus","Caprimulgiformes","Trochilidae","Selasphorus","platycercus",NA
"Selasphorus heloisa","Caprimulgiformes","Trochilidae","Selasphorus","heloisa",0
"Selasphorus ellioti","Caprimulgiformes","Trochilidae","Selasphorus","ellioti",0
"Selasphorus flammula","Caprimulgiformes","Trochilidae","Selasphorus","flammula",0
"Selasphorus scintilla","Caprimulgiformes","Trochilidae","Selasphorus","scintilla",NA
"Selasphorus ardens","Caprimulgiformes","Trochilidae","Selasphorus","ardens",NA
"Phaeoptila sordida","Caprimulgiformes","Trochilidae","Phaeoptila","sordida",0
"Riccordia ricordii","Caprimulgiformes","Trochilidae","Riccordia","ricordii",NA
"Riccordia bracei","Caprimulgiformes","Trochilidae","Riccordia","bracei",NA
"Riccordia swainsonii","Caprimulgiformes","Trochilidae","Riccordia","swainsonii",NA
"Riccordia maugaeus","Caprimulgiformes","Trochilidae","Riccordia","maugaeus",NA
"Riccordia bicolor","Caprimulgiformes","Trochilidae","Riccordia","bicolor",NA
NA,"Caprimulgiformes",NA,"Riccordia","elegans",NA
"Cynanthus latirostris","Caprimulgiformes","Trochilidae","Cynanthus","latirostris",NA
"Cynanthus lawrencei","Caprimulgiformes","Trochilidae","Cynanthus","lawrencei",NA
"Cynanthus doubledayi","Caprimulgiformes","Trochilidae","Cynanthus","doubledayi",NA
"Cynanthus auriceps","Caprimulgiformes","Trochilidae","Cynanthus","auriceps",0
"Cynanthus forficatus","Caprimulgiformes","Trochilidae","Cynanthus","forficatus",0
"Cynanthus canivetii","Caprimulgiformes","Trochilidae","Cynanthus","canivetii",0
"Chlorostilbon assimilis","Caprimulgiformes","Trochilidae","Chlorostilbon","assimilis",NA
"Chlorostilbon melanorhynchus","Caprimulgiformes","Trochilidae","Chlorostilbon","melanorhynchus",NA
"Chlorostilbon gibsoni","Caprimulgiformes","Trochilidae","Chlorostilbon","gibsoni",NA
"Chlorostilbon mellisugus","Caprimulgiformes","Trochilidae","Chlorostilbon","mellisugus",NA
"Chlorostilbon olivaresi","Caprimulgiformes","Trochilidae","Chlorostilbon","olivaresi",NA
"Chlorostilbon lucidus","Caprimulgiformes","Trochilidae","Chlorostilbon","lucidus",NA
"Chlorostilbon russatus","Caprimulgiformes","Trochilidae","Chlorostilbon","russatus",NA
"Chlorostilbon stenurus","Caprimulgiformes","Trochilidae","Chlorostilbon","stenurus",NA
"Chlorostilbon alice","Caprimulgiformes","Trochilidae","Chlorostilbon","alice",0
"Chlorostilbon poortmani","Caprimulgiformes","Trochilidae","Chlorostilbon","poortmani",NA
"Basilinna leucotis","Caprimulgiformes","Trochilidae","Basilinna","leucotis",0
"Basilinna xantusii","Caprimulgiformes","Trochilidae","Basilinna","xantusii",NA
"Pampa curvipennis","Caprimulgiformes","Trochilidae","Pampa","curvipennis",0
"Pampa pampa","Caprimulgiformes","Trochilidae","Pampa","pampa",NA
"Pampa rufa","Caprimulgiformes","Trochilidae","Pampa","rufa",0
"Abeillia abeillei","Caprimulgiformes","Trochilidae","Abeillia","abeillei",0
"Klais guimeti","Caprimulgiformes","Trochilidae","Klais","guimeti",0
"Orthorhyncus cristatus","Caprimulgiformes","Trochilidae","Orthorhyncus","cristatus",NA
"Anthocephala floriceps","Caprimulgiformes","Trochilidae","Anthocephala","floriceps",0
"Anthocephala berlepschi","Caprimulgiformes","Trochilidae","Anthocephala","berlepschi",NA
"Stephanoxis lalandi","Caprimulgiformes","Trochilidae","Stephanoxis","lalandi",0
"Stephanoxis loddigesii","Caprimulgiformes","Trochilidae","Stephanoxis","loddigesii",0
"Campylopterus largipennis","Caprimulgiformes","Trochilidae","Campylopterus","largipennis",0
"Campylopterus calcirupicola","Caprimulgiformes","Trochilidae","Campylopterus","calcirupicola",NA
"Campylopterus diamantinensis","Caprimulgiformes","Trochilidae","Campylopterus","diamantinensis",NA
"Campylopterus hyperythrus","Caprimulgiformes","Trochilidae","Campylopterus","hyperythrus",0
"Campylopterus ensipennis","Caprimulgiformes","Trochilidae","Campylopterus","ensipennis",0
"Campylopterus falcatus","Caprimulgiformes","Trochilidae","Campylopterus","falcatus",0
"Campylopterus phainopeplus","Caprimulgiformes","Trochilidae","Campylopterus","phainopeplus",NA
"Campylopterus hemileucurus","Caprimulgiformes","Trochilidae","Campylopterus","hemileucurus",0
"Campylopterus duidae","Caprimulgiformes","Trochilidae","Campylopterus","duidae",NA
"Campylopterus villaviscensio","Caprimulgiformes","Trochilidae","Campylopterus","villaviscensio",NA
"Chalybura urochrysia","Caprimulgiformes","Trochilidae","Chalybura","urochrysia",NA
"Chalybura buffonii","Caprimulgiformes","Trochilidae","Chalybura","buffonii",NA
"Thalurania colombica","Caprimulgiformes","Trochilidae","Thalurania","colombica",NA
"Thalurania furcata","Caprimulgiformes","Trochilidae","Thalurania","furcata",0
"Thalurania watertonii","Caprimulgiformes","Trochilidae","Thalurania","watertonii",NA
"Thalurania glaucopis","Caprimulgiformes","Trochilidae","Thalurania","glaucopis",NA
"Microchera albocoronata","Caprimulgiformes","Trochilidae","Microchera","albocoronata",0
"Microchera cupreiceps","Caprimulgiformes","Trochilidae","Microchera","cupreiceps",0
"Microchera chionura","Caprimulgiformes","Trochilidae","Microchera","chionura",0
"Goldmania violiceps","Caprimulgiformes","Trochilidae","Goldmania","violiceps",NA
"Goldmania bella","Caprimulgiformes","Trochilidae","Goldmania","bella",0
"Eupherusa ridgwayi","Caprimulgiformes","Trochilidae","Eupherusa","ridgwayi",NA
"Eupherusa poliocerca","Caprimulgiformes","Trochilidae","Eupherusa","poliocerca",0
"Eupherusa cyanophrys","Caprimulgiformes","Trochilidae","Eupherusa","cyanophrys",NA
"Eupherusa eximia","Caprimulgiformes","Trochilidae","Eupherusa","eximia",0
"Eupherusa nigriventris","Caprimulgiformes","Trochilidae","Eupherusa","nigriventris",0
"Phaeochroa cuvierii","Caprimulgiformes","Trochilidae","Phaeochroa","cuvierii",0
"Leucippus fallax","Caprimulgiformes","Trochilidae","Leucippus","fallax",0
"Thaumasius baeri","Caprimulgiformes","Trochilidae","Thaumasius","baeri",0
"Thaumasius taczanowskii","Caprimulgiformes","Trochilidae","Thaumasius","taczanowskii",0
"Taphrospilus hypostictus","Caprimulgiformes","Trochilidae","Taphrospilus","hypostictus",NA
"Eupetomena macroura","Caprimulgiformes","Trochilidae","Eupetomena","macroura",0
"Eupetomena cirrochloris","Caprimulgiformes","Trochilidae","Eupetomena","cirrochloris",0
"Talaphorus chlorocercus","Caprimulgiformes","Trochilidae","Talaphorus","chlorocercus",NA
"Trochilus polytmus","Caprimulgiformes","Trochilidae","Trochilus","polytmus",0
"Trochilus scitulus","Caprimulgiformes","Trochilidae","Trochilus","scitulus",0
"Ramosomyia violiceps","Caprimulgiformes","Trochilidae","Leucolia","violiceps",NA
"Ramosomyia viridifrons","Caprimulgiformes","Trochilidae","Leucolia","viridifrons",NA
"Ramosomyia wagneri","Caprimulgiformes","Trochilidae","Leucolia","wagneri",NA
"Saucerottia cyanocephala","Caprimulgiformes","Trochilidae","Saucerottia","cyanocephala",0
"Saucerottia hoffmanni","Caprimulgiformes","Trochilidae","Saucerottia","hoffmanni",NA
"Saucerottia beryllina","Caprimulgiformes","Trochilidae","Saucerottia","beryllina",NA
"Saucerottia cyanura","Caprimulgiformes","Trochilidae","Saucerottia","cyanura",0
"Saucerottia edward","Caprimulgiformes","Trochilidae","Saucerottia","edward",0
"Saucerottia saucerottei","Caprimulgiformes","Trochilidae","Saucerottia","saucerottei",NA
"Saucerottia cyanifrons","Caprimulgiformes","Trochilidae","Amazilia","cyanifrons",NA
NA,"Caprimulgiformes",NA,"Amazilia","alfaroana",NA
"Saucerottia castaneiventris","Caprimulgiformes","Trochilidae","Saucerottia","castaneiventris",NA
"Saucerottia viridigaster","Caprimulgiformes","Trochilidae","Saucerottia","viridigaster",NA
"Saucerottia cupreicauda","Caprimulgiformes","Trochilidae","Saucerottia","cupreicauda",1
"Saucerottia tobaci","Caprimulgiformes","Trochilidae","Saucerottia","tobaci",NA
"Amazilia rutila","Caprimulgiformes","Trochilidae","Amazilia","rutila",0
"Amazilia yucatanensis","Caprimulgiformes","Trochilidae","Amazilia","yucatanensis",0
"Amazilia tzacatl","Caprimulgiformes","Trochilidae","Amazilia","tzacatl",0
"Amazilia luciae","Caprimulgiformes","Trochilidae","Amazilia","luciae",0
"Amazilis amazilia","Caprimulgiformes","Trochilidae","Amazilis","amazilia",NA
"Uranomitra franciae","Caprimulgiformes","Trochilidae","Amazilia","franciae",NA
"Chrysuronia goudoti","Caprimulgiformes","Trochilidae","Chrysuronia","goudoti",NA
"Chrysuronia oenone","Caprimulgiformes","Trochilidae","Chrysuronia","oenone",0
"Chrysuronia versicolor","Caprimulgiformes","Trochilidae","Chrysuronia","versicolor",NA
"Chrysuronia boucardi","Caprimulgiformes","Trochilidae","Amazilia","boucardi",NA
"Chrysuronia coeruleogularis","Caprimulgiformes","Trochilidae","Chrysuronia","coeruleogularis",NA
"Chrysuronia lilliae","Caprimulgiformes","Trochilidae","Chrysuronia","lilliae",NA
"Chrysuronia humboldtii","Caprimulgiformes","Trochilidae","Chrysuronia","humboldtii",0
"Chrysuronia grayi","Caprimulgiformes","Trochilidae","Chrysuronia","grayi",NA
"Chrysuronia brevirostris","Caprimulgiformes","Trochilidae","Chrysuronia","brevirostris",NA
"Chrysuronia leucogaster","Caprimulgiformes","Trochilidae","Chrysuronia","leucogaster",NA
"Leucochloris albicollis","Caprimulgiformes","Trochilidae","Leucochloris","albicollis",NA
"Chionomesa fimbriata","Caprimulgiformes","Trochilidae","Chionomesa","fimbriata",NA
"Chionomesa lactea","Caprimulgiformes","Trochilidae","Chionomesa","lactea",NA
NA,"Caprimulgiformes",NA,"Chionomesa","bartletti",NA
"Hylocharis sapphirina","Caprimulgiformes","Trochilidae","Hylocharis","sapphirina",NA
"Hylocharis chrysura","Caprimulgiformes","Trochilidae","Hylocharis","chrysura",NA
"Elliotomyia chionogaster","Caprimulgiformes","Trochilidae","Elliotomyia","chionogaster",NA
"Elliotomyia viridicauda","Caprimulgiformes","Trochilidae","Elliotomyia","viridicauda",NA
"Polyerata amabilis","Caprimulgiformes","Trochilidae","Polyerata","amabilis",0
"Polyerata decora","Caprimulgiformes","Trochilidae","Polyerata","decora",0
"Polyerata rosenbergi","Caprimulgiformes","Trochilidae","Polyerata","rosenbergi",NA
"Chlorestes candida","Caprimulgiformes","Trochilidae","Chlorestes","candida",0
"Chlorestes eliciae","Caprimulgiformes","Trochilidae","Chlorestes","eliciae",0
"Chlorestes cyanus","Caprimulgiformes","Trochilidae","Chlorestes","cyanus",NA
"Chlorestes julie","Caprimulgiformes","Trochilidae","Chlorestes","julie",0
"Chlorestes notata","Caprimulgiformes","Trochilidae","Chlorestes","notata",NA
"Corythaeola cristata","Musophagiformes","Musophagidae","Corythaeola","cristata",NA
"Crinifer personatus","Musophagiformes","Musophagidae","Corythaixoides","personatus",NA
NA,"Musophagiformes",NA,"Corythaixoides","leopoldi",0
"Crinifer concolor","Musophagiformes","Musophagidae","Corythaixoides","concolor",NA
"Crinifer leucogaster","Musophagiformes","Musophagidae","Criniferoides","leucogaster",NA
"Crinifer piscator","Musophagiformes","Musophagidae","Crinifer","piscator",NA
"Crinifer zonurus","Musophagiformes","Musophagidae","Crinifer","zonurus",0
"Gallirex porphyreolophus","Musophagiformes","Musophagidae","Gallirex","porphyreolophus",NA
"Gallirex johnstoni","Musophagiformes","Musophagidae","Gallirex","johnstoni",0
"Menelikornis leucotis","Musophagiformes","Musophagidae","Tauraco","leucotis",NA
"Menelikornis ruspolii","Musophagiformes","Musophagidae","Tauraco","ruspolii",NA
"Tauraco violaceus","Musophagiformes","Musophagidae","Musophaga","violacea",NA
"Tauraco rossae","Musophagiformes","Musophagidae","Musophaga","rossae",NA
"Tauraco macrorhynchus","Musophagiformes","Musophagidae","Tauraco","macrorhynchus",NA
"Tauraco bannermani","Musophagiformes","Musophagidae","Tauraco","bannermani",NA
"Tauraco leucolophus","Musophagiformes","Musophagidae","Tauraco","leucolophus",NA
"Tauraco erythrolophus","Musophagiformes","Musophagidae","Tauraco","erythrolophus",NA
"Tauraco persa","Musophagiformes","Musophagidae","Tauraco","persa",NA
"Tauraco livingstonii","Musophagiformes","Musophagidae","Tauraco","livingstonii",NA
"Tauraco schalowi","Musophagiformes","Musophagidae","Tauraco","schalowi",NA
"Tauraco corythaix","Musophagiformes","Musophagidae","Tauraco","corythaix",NA
"Tauraco schuettii","Musophagiformes","Musophagidae","Tauraco","schuettii",NA
"Tauraco fischeri","Musophagiformes","Musophagidae","Tauraco","fischeri",NA
"Tauraco hartlaubi","Musophagiformes","Musophagidae","Tauraco","hartlaubi",1
"Otis tarda","Otidiformes","Otididae","Otis","tarda",1
"Ardeotis arabs","Otidiformes","Otididae","Ardeotis","arabs",NA
"Ardeotis kori","Otidiformes","Otididae","Ardeotis","kori",NA
"Ardeotis nigriceps","Otidiformes","Otididae","Ardeotis","nigriceps",NA
"Ardeotis australis","Otidiformes","Otididae","Ardeotis","australis",0
"Chlamydotis undulata","Otidiformes","Otididae","Chlamydotis","undulata",NA
"Chlamydotis macqueenii","Otidiformes","Otididae","Chlamydotis","macqueenii",NA
"Neotis ludwigii","Otidiformes","Otididae","Neotis","ludwigii",1
"Neotis denhami","Otidiformes","Otididae","Neotis","denhami",NA
"Neotis heuglinii","Otidiformes","Otididae","Neotis","heuglinii",NA
"Neotis nuba","Otidiformes","Otididae","Neotis","nuba",NA
"Eupodotis senegalensis","Otidiformes","Otididae","Eupodotis","senegalensis",0
"Eupodotis caerulescens","Otidiformes","Otididae","Eupodotis","caerulescens",0
"Heterotetrax vigorsii","Otidiformes","Otididae","Heterotetrax","vigorsii",0
"Heterotetrax rueppelii","Otidiformes","Otididae","Heterotetrax","rueppelii",NA
"Heterotetrax humilis","Otidiformes","Otididae","Heterotetrax","humilis",NA
"Lophotis savilei","Otidiformes","Otididae","Lophotis","savilei",NA
"Lophotis gindiana","Otidiformes","Otididae","Lophotis","gindiana",NA
"Lophotis ruficrista","Otidiformes","Otididae","Lophotis","ruficrista",0
"Afrotis afra","Otidiformes","Otididae","Afrotis","afra",0
"Afrotis afraoides","Otidiformes","Otididae","Afrotis","afraoides",0
"Lissotis melanogaster","Otidiformes","Otididae","Lissotis","melanogaster",0
"Lissotis hartlaubii","Otidiformes","Otididae","Lissotis","hartlaubii",NA
"Houbaropsis bengalensis","Otidiformes","Otididae","Houbaropsis","bengalensis",NA
"Sypheotides indicus","Otidiformes","Otididae","Sypheotides","indicus",NA
"Tetrax tetrax","Otidiformes","Otididae","Tetrax","tetrax",0
"Guira guira","Cuculiformes","Cuculidae","Guira","guira",1
"Crotophaga major","Cuculiformes","Cuculidae","Crotophaga","major",1
"Crotophaga ani","Cuculiformes","Cuculidae","Crotophaga","ani",1
"Crotophaga sulcirostris","Cuculiformes","Cuculidae","Crotophaga","sulcirostris",1
"Tapera naevia","Cuculiformes","Cuculidae","Tapera","naevia",0
"Dromococcyx phasianellus","Cuculiformes","Cuculidae","Dromococcyx","phasianellus",0
"Dromococcyx pavoninus","Cuculiformes","Cuculidae","Dromococcyx","pavoninus",0
"Morococcyx erythropygus","Cuculiformes","Cuculidae","Morococcyx","erythropygus",NA
"Geococcyx californianus","Cuculiformes","Cuculidae","Geococcyx","californianus",0
"Geococcyx velox","Cuculiformes","Cuculidae","Geococcyx","velox",NA
"Neomorphus geoffroyi","Cuculiformes","Cuculidae","Neomorphus","geoffroyi",0
"Neomorphus squamiger","Cuculiformes","Cuculidae","Neomorphus","squamiger",0
"Neomorphus radiolosus","Cuculiformes","Cuculidae","Neomorphus","radiolosus",0
"Neomorphus rufipennis","Cuculiformes","Cuculidae","Neomorphus","rufipennis",0
"Neomorphus pucheranii","Cuculiformes","Cuculidae","Neomorphus","pucheranii",0
"Centropus milo","Cuculiformes","Cuculidae","Centropus","milo",NA
"Centropus ateralbus","Cuculiformes","Cuculidae","Centropus","ateralbus",0
"Centropus menbeki","Cuculiformes","Cuculidae","Centropus","menbeki",NA
"Centropus chalybeus","Cuculiformes","Cuculidae","Centropus","chalybeus",NA
"Centropus unirufus","Cuculiformes","Cuculidae","Centropus","unirufus",NA
"Centropus chlororhynchos","Cuculiformes","Cuculidae","Centropus","chlororhynchos",NA
"Centropus melanops","Cuculiformes","Cuculidae","Centropus","melanops",NA
"Centropus steerii","Cuculiformes","Cuculidae","Centropus","steerii",NA
"Centropus rectunguis","Cuculiformes","Cuculidae","Centropus","rectunguis",NA
"Centropus celebensis","Cuculiformes","Cuculidae","Centropus","celebensis",0
"Centropus anselli","Cuculiformes","Cuculidae","Centropus","anselli",NA
"Centropus leucogaster","Cuculiformes","Cuculidae","Centropus","leucogaster",NA
"Centropus senegalensis","Cuculiformes","Cuculidae","Centropus","senegalensis",NA
"Centropus monachus","Cuculiformes","Cuculidae","Centropus","monachus",NA
"Centropus cupreicaudus","Cuculiformes","Cuculidae","Centropus","cupreicaudus",NA
"Centropus superciliosus","Cuculiformes","Cuculidae","Centropus","superciliosus",NA
"Centropus burchellii","Cuculiformes","Cuculidae","Centropus","burchellii",NA
"Centropus nigrorufus","Cuculiformes","Cuculidae","Centropus","nigrorufus",NA
"Centropus sinensis","Cuculiformes","Cuculidae","Centropus","sinensis",0
"Centropus toulou","Cuculiformes","Cuculidae","Centropus","toulou",0
"Centropus goliath","Cuculiformes","Cuculidae","Centropus","goliath",NA
"Centropus grillii","Cuculiformes","Cuculidae","Centropus","grillii",NA
"Centropus viridis","Cuculiformes","Cuculidae","Centropus","viridis",NA
"Centropus bengalensis","Cuculiformes","Cuculidae","Centropus","bengalensis",0
"Centropus violaceus","Cuculiformes","Cuculidae","Centropus","violaceus",NA
"Centropus bernsteini","Cuculiformes","Cuculidae","Centropus","bernsteini",NA
"Centropus spilopterus","Cuculiformes","Cuculidae","Centropus","spilopterus",NA
"Centropus phasianinus","Cuculiformes","Cuculidae","Centropus","phasianinus",NA
"Centropus andamanensis","Cuculiformes","Cuculidae","Centropus","andamanensis",NA
"Carpococcyx radiceus","Cuculiformes","Cuculidae","Carpococcyx","radiceus",NA
"Carpococcyx viridis","Cuculiformes","Cuculidae","Carpococcyx","viridis",NA
"Carpococcyx renauldi","Cuculiformes","Cuculidae","Carpococcyx","renauldi",NA
"Coua delalandei","Cuculiformes","Cuculidae","Coua","delalandei",NA
"Coua cristata","Cuculiformes","Cuculidae","Coua","cristata",NA
NA,"Cuculiformes",NA,"Coua","pyropyga",NA
"Coua verreauxi","Cuculiformes","Cuculidae","Coua","verreauxi",0
"Coua caerulea","Cuculiformes","Cuculidae","Coua","caerulea",0
"Coua ruficeps","Cuculiformes","Cuculidae","Coua","ruficeps",0
"Coua olivaceiceps","Cuculiformes","Cuculidae","Coua","olivaceiceps",0
"Coua reynaudii","Cuculiformes","Cuculidae","Coua","reynaudii",NA
"Coua coquereli","Cuculiformes","Cuculidae","Coua","coquereli",0
"Coua cursor","Cuculiformes","Cuculidae","Coua","cursor",NA
"Coua gigas","Cuculiformes","Cuculidae","Coua","gigas",0
"Coua serriana","Cuculiformes","Cuculidae","Coua","serriana",NA
"Rhinortha chlorophaea","Cuculiformes","Cuculidae","Rhinortha","chlorophaea",1
"Ceuthmochares aereus","Cuculiformes","Cuculidae","Ceuthmochares","aereus",0
"Ceuthmochares australis","Cuculiformes","Cuculidae","Ceuthmochares","australis",0
"Taccocua leschenaultii","Cuculiformes","Cuculidae","Taccocua","leschenaultii",NA
"Zanclostomus javanicus","Cuculiformes","Cuculidae","Zanclostomus","javanicus",0
"Rhamphococcyx calyorhynchus","Cuculiformes","Cuculidae","Rhamphococcyx","calyorhynchus",NA
"Phaenicophaeus curvirostris","Cuculiformes","Cuculidae","Phaenicophaeus","curvirostris",1
"Phaenicophaeus oeneicaudus","Cuculiformes","Cuculidae","Phaenicophaeus","oeneicaudus",NA
"Phaenicophaeus pyrrhocephalus","Cuculiformes","Cuculidae","Phaenicophaeus","pyrrhocephalus",0
"Phaenicophaeus sumatranus","Cuculiformes","Cuculidae","Phaenicophaeus","sumatranus",NA
"Phaenicophaeus viridirostris","Cuculiformes","Cuculidae","Phaenicophaeus","viridirostris",0
"Phaenicophaeus diardi","Cuculiformes","Cuculidae","Phaenicophaeus","diardi",NA
"Phaenicophaeus tristis","Cuculiformes","Cuculidae","Phaenicophaeus","tristis",NA
"Dasylophus superciliosus","Cuculiformes","Cuculidae","Dasylophus","superciliosus",NA
"Dasylophus cumingi","Cuculiformes","Cuculidae","Lepidogrammus","cumingi",NA
"Clamator coromandus","Cuculiformes","Cuculidae","Clamator","coromandus",NA
"Clamator glandarius","Cuculiformes","Cuculidae","Clamator","glandarius",NA
"Clamator levaillantii","Cuculiformes","Cuculidae","Clamator","levaillantii",NA
"Clamator jacobinus","Cuculiformes","Cuculidae","Clamator","jacobinus",NA
"Coccycua minuta","Cuculiformes","Cuculidae","Coccycua","minuta",NA
"Coccycua pumila","Cuculiformes","Cuculidae","Coccycua","pumila",NA
"Coccycua cinerea","Cuculiformes","Cuculidae","Coccycua","cinerea",NA
"Piaya cayana","Cuculiformes","Cuculidae","Piaya","cayana",0
NA,"Cuculiformes",NA,"Piaya","mexicana",NA
"Piaya melanogaster","Cuculiformes","Cuculidae","Piaya","melanogaster",0
"Coccyzus melacoryphus","Cuculiformes","Cuculidae","Coccyzus","melacoryphus",0
"Coccyzus americanus","Cuculiformes","Cuculidae","Coccyzus","americanus",0
"Coccyzus euleri","Cuculiformes","Cuculidae","Coccyzus","euleri",0
"Coccyzus minor","Cuculiformes","Cuculidae","Coccyzus","minor",0
"Coccyzus ferrugineus","Cuculiformes","Cuculidae","Coccyzus","ferrugineus",0
"Coccyzus erythropthalmus","Cuculiformes","Cuculidae","Coccyzus","erythropthalmus",0
"Coccyzus lansbergi","Cuculiformes","Cuculidae","Coccyzus","lansbergi",NA
"Coccyzus pluvialis","Cuculiformes","Cuculidae","Coccyzus","pluvialis",NA
"Coccyzus rufigularis","Cuculiformes","Cuculidae","Coccyzus","rufigularis",NA
"Coccyzus vetula","Cuculiformes","Cuculidae","Coccyzus","vetula",NA
"Coccyzus merlini","Cuculiformes","Cuculidae","Coccyzus","merlini",NA
NA,"Cuculiformes",NA,"Coccyzus","bahamensis",NA
"Coccyzus vieilloti","Cuculiformes","Cuculidae","Coccyzus","vieilloti",0
"Coccyzus longirostris","Cuculiformes","Cuculidae","Coccyzus","longirostris",NA
"Pachycoccyx audeberti","Cuculiformes","Cuculidae","Pachycoccyx","audeberti",0
"Microdynamis parva","Cuculiformes","Cuculidae","Microdynamis","parva",0
"Eudynamys scolopaceus","Cuculiformes","Cuculidae","Eudynamys","scolopaceus",1
"Eudynamys melanorhynchus","Cuculiformes","Cuculidae","Eudynamys","melanorhynchus",NA
"Eudynamys orientalis","Cuculiformes","Cuculidae","Eudynamys","orientalis",1
"Urodynamis taitensis","Cuculiformes","Cuculidae","Urodynamis","taitensis",0
"Scythrops novaehollandiae","Cuculiformes","Cuculidae","Scythrops","novaehollandiae",NA
"Chrysococcyx maculatus","Cuculiformes","Cuculidae","Chrysococcyx","maculatus",NA
"Chrysococcyx xanthorhynchus","Cuculiformes","Cuculidae","Chrysococcyx","xanthorhynchus",NA
"Chrysococcyx caprius","Cuculiformes","Cuculidae","Chrysococcyx","caprius",NA
"Chrysococcyx klaas","Cuculiformes","Cuculidae","Chrysococcyx","klaas",NA
"Chrysococcyx flavigularis","Cuculiformes","Cuculidae","Chrysococcyx","flavigularis",NA
"Chrysococcyx cupreus","Cuculiformes","Cuculidae","Chrysococcyx","cupreus",NA
"Chalcites megarhynchus","Cuculiformes","Cuculidae","Chalcites","megarhynchus",NA
"Chalcites basalis","Cuculiformes","Cuculidae","Chalcites","basalis",NA
"Chalcites osculans","Cuculiformes","Cuculidae","Chalcites","osculans",NA
"Chalcites ruficollis","Cuculiformes","Cuculidae","Chalcites","ruficollis",NA
"Chalcites lucidus","Cuculiformes","Cuculidae","Chalcites","lucidus",1
"Chalcites meyerii","Cuculiformes","Cuculidae","Chalcites","meyerii",NA
"Chalcites minutillus","Cuculiformes","Cuculidae","Chalcites","minutillus",0
"Chalcites crassirostris","Cuculiformes","Cuculidae","Chalcites","crassirostris",NA
"Heteroscenes pallidus","Cuculiformes","Cuculidae","Heteroscenes","pallidus",NA
"Caliechthrus leucolophus","Cuculiformes","Cuculidae","Caliechthrus","leucolophus",NA
"Cacomantis castaneiventris","Cuculiformes","Cuculidae","Cacomantis","castaneiventris",NA
"Cacomantis flabelliformis","Cuculiformes","Cuculidae","Cacomantis","flabelliformis",NA
"Cacomantis sonneratii","Cuculiformes","Cuculidae","Cacomantis","sonneratii",NA
"Cacomantis merulinus","Cuculiformes","Cuculidae","Cacomantis","merulinus",NA
"Cacomantis passerinus","Cuculiformes","Cuculidae","Cacomantis","passerinus",NA
"Cacomantis sepulcralis","Cuculiformes","Cuculidae","Cacomantis","sepulcralis",NA
"Cacomantis virescens","Cuculiformes","Cuculidae","Cacomantis","virescens",NA
"Cacomantis variolosus","Cuculiformes","Cuculidae","Cacomantis","variolosus",NA
"Cacomantis blandus","Cuculiformes","Cuculidae","Cacomantis","blandus",NA
"Cacomantis addendus","Cuculiformes","Cuculidae","Cacomantis","addendus",NA
"Cacomantis aeruginosus","Cuculiformes","Cuculidae","Cacomantis","aeruginosus",NA
"Cercococcyx mechowi","Cuculiformes","Cuculidae","Cercococcyx","mechowi",NA
NA,"Cuculiformes",NA,"Cercococcyx","lemaireae",NA
"Cercococcyx olivinus","Cuculiformes","Cuculidae","Cercococcyx","olivinus",NA
"Cercococcyx montanus","Cuculiformes","Cuculidae","Cercococcyx","montanus",NA
"Surniculus velutinus","Cuculiformes","Cuculidae","Surniculus","velutinus",NA
"Surniculus lugubris","Cuculiformes","Cuculidae","Surniculus","lugubris",NA
"Surniculus dicruroides","Cuculiformes","Cuculidae","Surniculus","dicruroides",0
"Surniculus musschenbroeki","Cuculiformes","Cuculidae","Surniculus","musschenbroeki",NA
"Hierococcyx vagans","Cuculiformes","Cuculidae","Hierococcyx","vagans",NA
"Hierococcyx sparverioides","Cuculiformes","Cuculidae","Hierococcyx","sparverioides",0
"Hierococcyx bocki","Cuculiformes","Cuculidae","Hierococcyx","bocki",NA
"Hierococcyx varius","Cuculiformes","Cuculidae","Hierococcyx","varius",NA
"Hierococcyx hyperythrus","Cuculiformes","Cuculidae","Hierococcyx","hyperythrus",NA
"Hierococcyx pectoralis","Cuculiformes","Cuculidae","Hierococcyx","pectoralis",NA
"Hierococcyx fugax","Cuculiformes","Cuculidae","Hierococcyx","fugax",NA
"Hierococcyx nisicolor","Cuculiformes","Cuculidae","Hierococcyx","nisicolor",NA
"Cuculus clamosus","Cuculiformes","Cuculidae","Cuculus","clamosus",NA
"Cuculus solitarius","Cuculiformes","Cuculidae","Cuculus","solitarius",NA
"Cuculus poliocephalus","Cuculiformes","Cuculidae","Cuculus","poliocephalus",NA
"Cuculus crassirostris","Cuculiformes","Cuculidae","Cuculus","crassirostris",NA
"Cuculus micropterus","Cuculiformes","Cuculidae","Cuculus","micropterus",NA
"Cuculus rochii","Cuculiformes","Cuculidae","Cuculus","rochii",NA
"Cuculus gularis","Cuculiformes","Cuculidae","Cuculus","gularis",NA
"Cuculus saturatus","Cuculiformes","Cuculidae","Cuculus","saturatus",NA
"Cuculus optatus","Cuculiformes","Cuculidae","Cuculus","optatus",1
"Cuculus lepidus","Cuculiformes","Cuculidae","Cuculus","lepidus",NA
"Cuculus canorus","Cuculiformes","Cuculidae","Cuculus","canorus",0
"Nannococcyx psix","Cuculiformes","Cuculidae","Nannococcyx","psix",NA
"Mesitornis variegatus","Mesitornithiformes","Mesitornithidae","Mesitornis","variegatus",0
"Mesitornis unicolor","Mesitornithiformes","Mesitornithidae","Mesitornis","unicolor",0
"Monias benschi","Mesitornithiformes","Mesitornithidae","Monias","benschi",1
"Syrrhaptes tibetanus","Pterocliformes","Pteroclidae","Syrrhaptes","tibetanus",1
"Syrrhaptes paradoxus","Pterocliformes","Pteroclidae","Syrrhaptes","paradoxus",NA
"Pterocles alchata","Pterocliformes","Pteroclidae","Pterocles","alchata",1
"Pterocles namaqua","Pterocliformes","Pteroclidae","Pterocles","namaqua",NA
"Pterocles exustus","Pterocliformes","Pteroclidae","Pterocles","exustus",NA
"Pterocles senegallus","Pterocliformes","Pteroclidae","Pterocles","senegallus",NA
"Pterocles orientalis","Pterocliformes","Pteroclidae","Pterocles","orientalis",NA
"Pterocles gutturalis","Pterocliformes","Pteroclidae","Pterocles","gutturalis",NA
"Pterocles coronatus","Pterocliformes","Pteroclidae","Pterocles","coronatus",NA
"Pterocles decoratus","Pterocliformes","Pteroclidae","Pterocles","decoratus",NA
"Pterocles personatus","Pterocliformes","Pteroclidae","Pterocles","personatus",1
"Pterocles lichtensteinii","Pterocliformes","Pteroclidae","Pterocles","lichtensteinii",NA
"Pterocles indicus","Pterocliformes","Pteroclidae","Pterocles","indicus",NA
"Pterocles quadricinctus","Pterocliformes","Pteroclidae","Pterocles","quadricinctus",NA
"Pterocles bicinctus","Pterocliformes","Pteroclidae","Pterocles","bicinctus",NA
"Pterocles burchelli","Pterocliformes","Pteroclidae","Pterocles","burchelli",NA
"Columba livia","Columbiformes","Columbidae","Columba","livia",0
"Columba rupestris","Columbiformes","Columbidae","Columba","rupestris",0
"Columba leuconota","Columbiformes","Columbidae","Columba","leuconota",0
"Columba guinea","Columbiformes","Columbidae","Columba","guinea",1
"Columba albitorques","Columbiformes","Columbidae","Columba","albitorques",NA
"Columba oenas","Columbiformes","Columbidae","Columba","oenas",NA
"Columba eversmanni","Columbiformes","Columbidae","Columba","eversmanni",NA
"Columba oliviae","Columbiformes","Columbidae","Columba","oliviae",NA
"Columba palumbus","Columbiformes","Columbidae","Columba","palumbus",NA
"Columba trocaz","Columbiformes","Columbidae","Columba","trocaz",NA
"Columba bollii","Columbiformes","Columbidae","Columba","bollii",1
"Columba junoniae","Columbiformes","Columbidae","Columba","junoniae",NA
"Columba unicincta","Columbiformes","Columbidae","Columba","unicincta",NA
"Columba arquatrix","Columbiformes","Columbidae","Columba","arquatrix",1
"Columba sjostedti","Columbiformes","Columbidae","Columba","sjostedti",1
"Columba thomensis","Columbiformes","Columbidae","Columba","thomensis",NA
"Columba pollenii","Columbiformes","Columbidae","Columba","pollenii",NA
"Columba hodgsonii","Columbiformes","Columbidae","Columba","hodgsonii",1
"Columba albinucha","Columbiformes","Columbidae","Columba","albinucha",NA
"Columba pulchricollis","Columbiformes","Columbidae","Columba","pulchricollis",1
"Columba elphinstonii","Columbiformes","Columbidae","Columba","elphinstonii",NA
"Columba torringtoniae","Columbiformes","Columbidae","Columba","torringtoniae",NA
"Columba punicea","Columbiformes","Columbidae","Columba","punicea",1
"Columba argentina","Columbiformes","Columbidae","Columba","argentina",NA
"Columba palumboides","Columbiformes","Columbidae","Columba","palumboides",0
"Columba janthina","Columbiformes","Columbidae","Columba","janthina",1
"Columba versicolor","Columbiformes","Columbidae","Columba","versicolor",NA
"Columba jouyi","Columbiformes","Columbidae","Columba","jouyi",NA
"Columba vitiensis","Columbiformes","Columbidae","Columba","vitiensis",1
"Columba leucomela","Columbiformes","Columbidae","Columba","leucomela",0
"Columba pallidiceps","Columbiformes","Columbidae","Columba","pallidiceps",NA
"Columba delegorguei","Columbiformes","Columbidae","Columba","delegorguei",NA
"Columba iriditorques","Columbiformes","Columbidae","Columba","iriditorques",0
"Columba malherbii","Columbiformes","Columbidae","Columba","malherbii",0
NA,"Columbiformes",NA,"Columba","thiriouxi",NA
"Columba larvata","Columbiformes","Columbidae","Aplopelia","larvata",NA
"Ectopistes migratorius","Columbiformes","Columbidae","Ectopistes","migratorius",0
"Patagioenas leucocephala","Columbiformes","Columbidae","Patagioenas","leucocephala",1
"Patagioenas squamosa","Columbiformes","Columbidae","Patagioenas","squamosa",NA
"Patagioenas speciosa","Columbiformes","Columbidae","Patagioenas","speciosa",1
"Patagioenas picazuro","Columbiformes","Columbidae","Patagioenas","picazuro",1
"Patagioenas corensis","Columbiformes","Columbidae","Patagioenas","corensis",NA
"Patagioenas maculosa","Columbiformes","Columbidae","Patagioenas","maculosa",1
NA,"Columbiformes",NA,"Patagioenas","albipennis",NA
"Patagioenas fasciata","Columbiformes","Columbidae","Patagioenas","fasciata",1
NA,"Columbiformes",NA,"Patagioenas","albilinea",NA
"Patagioenas araucana","Columbiformes","Columbidae","Patagioenas","araucana",1
"Patagioenas caribaea","Columbiformes","Columbidae","Patagioenas","caribaea",NA
"Patagioenas cayennensis","Columbiformes","Columbidae","Patagioenas","cayennensis",1
"Patagioenas flavirostris","Columbiformes","Columbidae","Patagioenas","flavirostris",NA
"Patagioenas oenops","Columbiformes","Columbidae","Patagioenas","oenops",0
"Patagioenas inornata","Columbiformes","Columbidae","Patagioenas","inornata",NA
"Patagioenas plumbea","Columbiformes","Columbidae","Patagioenas","plumbea",NA
"Patagioenas subvinacea","Columbiformes","Columbidae","Patagioenas","subvinacea",1
"Patagioenas nigrirostris","Columbiformes","Columbidae","Patagioenas","nigrirostris",NA
"Patagioenas goodsoni","Columbiformes","Columbidae","Patagioenas","goodsoni",NA
"Nesoenas picturatus","Columbiformes","Columbidae","Nesoenas","picturatus",NA
NA,"Columbiformes",NA,"Nesoenas","cicur",NA
"Nesoenas rodericanus","Columbiformes","Columbidae","Nesoenas","rodericanus",NA
"Nesoenas mayeri","Columbiformes","Columbidae","Nesoenas","mayeri",0
NA,"Columbiformes",NA,"Nesoenas","duboisi",NA
"Streptopelia turtur","Columbiformes","Columbidae","Streptopelia","turtur",NA
"Streptopelia lugens","Columbiformes","Columbidae","Streptopelia","lugens",1
"Streptopelia hypopyrrha","Columbiformes","Columbidae","Streptopelia","hypopyrrha",1
"Streptopelia orientalis","Columbiformes","Columbidae","Streptopelia","orientalis",NA
"Streptopelia bitorquata","Columbiformes","Columbidae","Streptopelia","bitorquata",NA
"Streptopelia dusumieri","Columbiformes","Columbidae","Streptopelia","dusumieri",NA
"Streptopelia decaocto","Columbiformes","Columbidae","Streptopelia","decaocto",NA
"Streptopelia xanthocycla","Columbiformes","Columbidae","Streptopelia","xanthocycla",0
"Streptopelia roseogrisea","Columbiformes","Columbidae","Streptopelia","roseogrisea",1
"Streptopelia reichenowi","Columbiformes","Columbidae","Streptopelia","reichenowi",NA
"Streptopelia decipiens","Columbiformes","Columbidae","Streptopelia","decipiens",NA
"Streptopelia semitorquata","Columbiformes","Columbidae","Streptopelia","semitorquata",NA
"Streptopelia capicola","Columbiformes","Columbidae","Streptopelia","capicola",NA
"Streptopelia vinacea","Columbiformes","Columbidae","Streptopelia","vinacea",1
"Streptopelia tranquebarica","Columbiformes","Columbidae","Streptopelia","tranquebarica",0
"Spilopelia chinensis","Columbiformes","Columbidae","Spilopelia","chinensis",1
NA,"Columbiformes",NA,"Spilopelia","suratensis",NA
"Spilopelia senegalensis","Columbiformes","Columbidae","Spilopelia","senegalensis",0
"Macropygia unchall","Columbiformes","Columbidae","Macropygia","unchall",1
"Macropygia amboinensis","Columbiformes","Columbidae","Macropygia","amboinensis",1
"Macropygia doreya","Columbiformes","Columbidae","Macropygia","doreya",1
"Macropygia emiliana","Columbiformes","Columbidae","Macropygia","emiliana",0
"Macropygia cinnamomea","Columbiformes","Columbidae","Macropygia","cinnamomea",NA
"Macropygia modiglianii","Columbiformes","Columbidae","Macropygia","modiglianii",NA
"Macropygia magna","Columbiformes","Columbidae","Macropygia","magna",0
"Macropygia timorlaoensis","Columbiformes","Columbidae","Macropygia","timorlaoensis",NA
"Macropygia macassariensis","Columbiformes","Columbidae","Macropygia","macassariensis",NA
"Macropygia tenuirostris","Columbiformes","Columbidae","Macropygia","tenuirostris",0
"Macropygia phasianella","Columbiformes","Columbidae","Macropygia","phasianella",NA
"Macropygia rufipennis","Columbiformes","Columbidae","Macropygia","rufipennis",NA
"Macropygia nigrirostris","Columbiformes","Columbidae","Macropygia","nigrirostris",0
"Macropygia mackinlayi","Columbiformes","Columbidae","Macropygia","mackinlayi",0
"Macropygia ruficeps","Columbiformes","Columbidae","Macropygia","ruficeps",1
"Reinwardtoena reinwardti","Columbiformes","Columbidae","Reinwardtoena","reinwardti",0
"Reinwardtoena browni","Columbiformes","Columbidae","Reinwardtoena","browni",0
"Reinwardtoena crassirostris","Columbiformes","Columbidae","Reinwardtoena","crassirostris",0
"Turacoena manadensis","Columbiformes","Columbidae","Turacoena","manadensis",0
"Turacoena sulaensis","Columbiformes","Columbidae","Turacoena","sulaensis",0
"Turacoena modesta","Columbiformes","Columbidae","Turacoena","modesta",0
"Turtur chalcospilos","Columbiformes","Columbidae","Turtur","chalcospilos",NA
"Turtur abyssinicus","Columbiformes","Columbidae","Turtur","abyssinicus",NA
"Turtur afer","Columbiformes","Columbidae","Turtur","afer",0
"Turtur tympanistria","Columbiformes","Columbidae","Turtur","tympanistria",1
"Turtur brehmeri","Columbiformes","Columbidae","Turtur","brehmeri",0
"Oena capensis","Columbiformes","Columbidae","Oena","capensis",1
"Chalcophaps indica","Columbiformes","Columbidae","Chalcophaps","indica",0
"Chalcophaps longirostris","Columbiformes","Columbidae","Chalcophaps","longirostris",NA
"Chalcophaps stephani","Columbiformes","Columbidae","Chalcophaps","stephani",0
"Henicophaps albifrons","Columbiformes","Columbidae","Henicophaps","albifrons",0
"Henicophaps foersteri","Columbiformes","Columbidae","Henicophaps","foersteri",NA
"Phaps chalcoptera","Columbiformes","Columbidae","Phaps","chalcoptera",NA
"Phaps elegans","Columbiformes","Columbidae","Phaps","elegans",NA
"Phaps histrionica","Columbiformes","Columbidae","Phaps","histrionica",NA
"Ocyphaps lophotes","Columbiformes","Columbidae","Ocyphaps","lophotes",1
"Geophaps plumifera","Columbiformes","Columbidae","Geophaps","plumifera",1
"Geophaps scripta","Columbiformes","Columbidae","Geophaps","scripta",NA
"Geophaps smithii","Columbiformes","Columbidae","Geophaps","smithii",1
"Trugon terrestris","Columbiformes","Columbidae","Trugon","terrestris",0
"Leucosarcia melanoleuca","Columbiformes","Columbidae","Leucosarcia","melanoleuca",0
"Petrophassa rufipennis","Columbiformes","Columbidae","Petrophassa","rufipennis",NA
"Petrophassa albipennis","Columbiformes","Columbidae","Petrophassa","albipennis",NA
"Geopelia cuneata","Columbiformes","Columbidae","Geopelia","cuneata",1
"Geopelia striata","Columbiformes","Columbidae","Geopelia","striata",0
"Geopelia placida","Columbiformes","Columbidae","Geopelia","placida",0
"Geopelia maugeus","Columbiformes","Columbidae","Geopelia","maugeus",1
"Geopelia humeralis","Columbiformes","Columbidae","Geopelia","humeralis",1
"Columbina inca","Columbiformes","Columbidae","Columbina","inca",NA
"Columbina squammata","Columbiformes","Columbidae","Columbina","squammata",0
"Columbina passerina","Columbiformes","Columbidae","Columbina","passerina",0
"Columbina minuta","Columbiformes","Columbidae","Columbina","minuta",0
"Columbina buckleyi","Columbiformes","Columbidae","Columbina","buckleyi",NA
"Columbina talpacoti","Columbiformes","Columbidae","Columbina","talpacoti",1
"Columbina picui","Columbiformes","Columbidae","Columbina","picui",1
"Columbina cruziana","Columbiformes","Columbidae","Columbina","cruziana",NA
"Columbina cyanopis","Columbiformes","Columbidae","Columbina","cyanopis",0
"Claravis pretiosa","Columbiformes","Columbidae","Claravis","pretiosa",0
"Paraclaravis geoffroyi","Columbiformes","Columbidae","Paraclaravis","geoffroyi",1
"Paraclaravis mondetoura","Columbiformes","Columbidae","Paraclaravis","mondetoura",1
"Metriopelia ceciliae","Columbiformes","Columbidae","Metriopelia","ceciliae",0
"Metriopelia morenoi","Columbiformes","Columbidae","Metriopelia","morenoi",1
"Metriopelia melanoptera","Columbiformes","Columbidae","Metriopelia","melanoptera",1
"Metriopelia aymara","Columbiformes","Columbidae","Metriopelia","aymara",1
"Uropelia campestris","Columbiformes","Columbidae","Uropelia","campestris",0
"Starnoenas cyanocephala","Columbiformes","Columbidae","Starnoenas","cyanocephala",0
"Geotrygon purpurata","Columbiformes","Columbidae","Geotrygon","purpurata",0
"Geotrygon saphirina","Columbiformes","Columbidae","Geotrygon","saphirina",0
"Geotrygon versicolor","Columbiformes","Columbidae","Geotrygon","versicolor",NA
"Geotrygon montana","Columbiformes","Columbidae","Geotrygon","montana",0
"Geotrygon violacea","Columbiformes","Columbidae","Geotrygon","violacea",NA
"Geotrygon caniceps","Columbiformes","Columbidae","Geotrygon","caniceps",NA
"Geotrygon leucometopia","Columbiformes","Columbidae","Geotrygon","leucometopia",NA
"Geotrygon chrysia","Columbiformes","Columbidae","Geotrygon","chrysia",NA
"Geotrygon mystacea","Columbiformes","Columbidae","Geotrygon","mystacea",0
"Leptotrygon veraguensis","Columbiformes","Columbidae","Leptotrygon","veraguensis",0
"Leptotila verreauxi","Columbiformes","Columbidae","Leptotila","verreauxi",0
"Leptotila megalura","Columbiformes","Columbidae","Leptotila","megalura",0
"Leptotila rufaxilla","Columbiformes","Columbidae","Leptotila","rufaxilla",NA
"Leptotila plumbeiceps","Columbiformes","Columbidae","Leptotila","plumbeiceps",NA
"Leptotila pallida","Columbiformes","Columbidae","Leptotila","pallida",0
"Leptotila battyi","Columbiformes","Columbidae","Leptotila","battyi",0
"Leptotila wellsi","Columbiformes","Columbidae","Leptotila","wellsi",0
"Leptotila jamaicensis","Columbiformes","Columbidae","Leptotila","jamaicensis",0
"Leptotila cassinii","Columbiformes","Columbidae","Leptotila","cassinii",0
"Leptotila ochraceiventris","Columbiformes","Columbidae","Leptotila","ochraceiventris",0
"Leptotila conoveri","Columbiformes","Columbidae","Leptotila","conoveri",NA
"Zentrygon carrikeri","Columbiformes","Columbidae","Zentrygon","carrikeri",0
"Zentrygon costaricensis","Columbiformes","Columbidae","Zentrygon","costaricensis",0
"Zentrygon lawrencii","Columbiformes","Columbidae","Zentrygon","lawrencii",0
"Zentrygon albifacies","Columbiformes","Columbidae","Zentrygon","albifacies",NA
"Zentrygon frenata","Columbiformes","Columbidae","Zentrygon","frenata",0
"Zentrygon linearis","Columbiformes","Columbidae","Zentrygon","linearis",0
"Zentrygon chiriquensis","Columbiformes","Columbidae","Zentrygon","chiriquensis",0
"Zentrygon goldmani","Columbiformes","Columbidae","Zentrygon","goldmani",NA
"Zenaida macroura","Columbiformes","Columbidae","Zenaida","macroura",NA
"Zenaida graysoni","Columbiformes","Columbidae","Zenaida","graysoni",0
"Zenaida auriculata","Columbiformes","Columbidae","Zenaida","auriculata",1
"Zenaida aurita","Columbiformes","Columbidae","Zenaida","aurita",1
"Zenaida galapagoensis","Columbiformes","Columbidae","Zenaida","galapagoensis",0
"Zenaida asiatica","Columbiformes","Columbidae","Zenaida","asiatica",0
"Zenaida meloda","Columbiformes","Columbidae","Zenaida","meloda",0
"Caloenas nicobarica","Columbiformes","Columbidae","Caloenas","nicobarica",0
"Caloenas maculata","Columbiformes","Columbidae","Caloenas","maculata",NA
"Gallicolumba tristigmata","Columbiformes","Columbidae","Gallicolumba","tristigmata",0
"Gallicolumba rufigula","Columbiformes","Columbidae","Gallicolumba","rufigula",0
"Gallicolumba luzonica","Columbiformes","Columbidae","Gallicolumba","luzonica",NA
"Gallicolumba crinigera","Columbiformes","Columbidae","Gallicolumba","crinigera",NA
"Gallicolumba platenae","Columbiformes","Columbidae","Gallicolumba","platenae",NA
"Gallicolumba keayi","Columbiformes","Columbidae","Gallicolumba","keayi",NA
"Gallicolumba menagei","Columbiformes","Columbidae","Gallicolumba","menagei",NA
"Pampusana hoedtii","Columbiformes","Columbidae","Pampusana","hoedtii",0
"Pampusana jobiensis","Columbiformes","Columbidae","Pampusana","jobiensis",NA
"Pampusana kubaryi","Columbiformes","Columbidae","Pampusana","kubaryi",NA
"Pampusana erythroptera","Columbiformes","Columbidae","Pampusana","erythroptera",NA
"Pampusana xanthonura","Columbiformes","Columbidae","Pampusana","xanthonura",NA
"Pampusana norfolkensis","Columbiformes","Columbidae","Pampusana","norfolkensis",NA
"Pampusana stairi","Columbiformes","Columbidae","Pampusana","stairi",NA
"Pampusana sanctaecrucis","Columbiformes","Columbidae","Pampusana","sanctaecrucis",NA
"Pampusana ferruginea","Columbiformes","Columbidae","Pampusana","ferruginea",NA
"Pampusana salamonis","Columbiformes","Columbidae","Pampusana","salamonis",NA
"Pampusana rubescens","Columbiformes","Columbidae","Pampusana","rubescens",NA
"Pampusana beccarii","Columbiformes","Columbidae","Pampusana","beccarii",NA
NA,"Columbiformes",NA,"Pampusana","johannae",NA
"Pampusana canifrons","Columbiformes","Columbidae","Pampusana","canifrons",NA
"Microgoura meeki","Columbiformes","Columbidae","Microgoura","meeki",1
"Otidiphaps nobilis","Columbiformes","Columbidae","Otidiphaps","nobilis",0
NA,"Columbiformes",NA,"Otidiphaps","aruensis",NA
NA,"Columbiformes",NA,"Otidiphaps","cervicalis",NA
NA,"Columbiformes",NA,"Otidiphaps","insularis",NA
"Goura cristata","Columbiformes","Columbidae","Goura","cristata",1
"Goura scheepmakeri","Columbiformes","Columbidae","Goura","scheepmakeri",1
"Goura sclaterii","Columbiformes","Columbidae","Goura","sclaterii",NA
"Goura victoria","Columbiformes","Columbidae","Goura","victoria",1
"Raphus cucullatus","Columbiformes","Columbidae","Raphus","cucullatus",NA
"Pezophaps solitaria","Columbiformes","Columbidae","Pezophaps","solitaria",NA
"Didunculus strigirostris","Columbiformes","Columbidae","Didunculus","strigirostris",NA
"Phapitreron leucotis","Columbiformes","Columbidae","Phapitreron","leucotis",NA
NA,"Columbiformes",NA,"Phapitreron","nigrorum",NA
NA,"Columbiformes",NA,"Phapitreron","brevirostris",NA
"Phapitreron amethystinus","Columbiformes","Columbidae","Phapitreron","amethystinus",NA
NA,"Columbiformes",NA,"Phapitreron","maculipectus",NA
NA,"Columbiformes",NA,"Phapitreron","frontalis",NA
"Phapitreron cinereiceps","Columbiformes","Columbidae","Phapitreron","cinereiceps",NA
"Phapitreron brunneiceps","Columbiformes","Columbidae","Phapitreron","brunneiceps",NA
"Treron fulvicollis","Columbiformes","Columbidae","Treron","fulvicollis",0
"Treron olax","Columbiformes","Columbidae","Treron","olax",1
"Treron vernans","Columbiformes","Columbidae","Treron","vernans",1
"Treron bicinctus","Columbiformes","Columbidae","Treron","bicinctus",1
"Treron pompadora","Columbiformes","Columbidae","Treron","pompadora",1
"Treron affinis","Columbiformes","Columbidae","Treron","affinis",1
"Treron phayrei","Columbiformes","Columbidae","Treron","phayrei",NA
"Treron chloropterus","Columbiformes","Columbidae","Treron","chloropterus",NA
"Treron axillaris","Columbiformes","Columbidae","Treron","axillaris",1
"Treron aromaticus","Columbiformes","Columbidae","Treron","aromaticus",0
"Treron curvirostra","Columbiformes","Columbidae","Treron","curvirostra",1
"Treron griseicauda","Columbiformes","Columbidae","Treron","griseicauda",1
"Treron teysmannii","Columbiformes","Columbidae","Treron","teysmannii",1
"Treron floris","Columbiformes","Columbidae","Treron","floris",1
"Treron psittaceus","Columbiformes","Columbidae","Treron","psittaceus",1
"Treron capellei","Columbiformes","Columbidae","Treron","capellei",1
"Treron phoenicopterus","Columbiformes","Columbidae","Treron","phoenicopterus",1
"Treron waalia","Columbiformes","Columbidae","Treron","waalia",1
"Treron australis","Columbiformes","Columbidae","Treron","australis",1
"Treron griveaudi","Columbiformes","Columbidae","Treron","griveaudi",NA
"Treron calvus","Columbiformes","Columbidae","Treron","calvus",1
NA,"Columbiformes",NA,"Treron","delalandii",NA
"Treron pembaensis","Columbiformes","Columbidae","Treron","pembaensis",1
"Treron sanctithomae","Columbiformes","Columbidae","Treron","sanctithomae",NA
"Treron apicauda","Columbiformes","Columbidae","Treron","apicauda",1
"Treron oxyurus","Columbiformes","Columbidae","Treron","oxyurus",1
"Treron seimundi","Columbiformes","Columbidae","Treron","seimundi",NA
"Treron sphenurus","Columbiformes","Columbidae","Treron","sphenurus",1
"Treron sieboldii","Columbiformes","Columbidae","Treron","sieboldii",1
"Treron permagnus","Columbiformes","Columbidae","Treron","permagnus",NA
"Treron formosae","Columbiformes","Columbidae","Treron","formosae",NA
"Ptilinopus cinctus","Columbiformes","Columbidae","Ptilinopus","cinctus",NA
"Ptilinopus alligator","Columbiformes","Columbidae","Ptilinopus","alligator",0
"Ptilinopus dohertyi","Columbiformes","Columbidae","Ptilinopus","dohertyi",NA
"Ptilinopus porphyreus","Columbiformes","Columbidae","Ptilinopus","porphyreus",NA
"Ptilinopus marchei","Columbiformes","Columbidae","Ramphiculus","marchei",NA
"Ptilinopus merrilli","Columbiformes","Columbidae","Ramphiculus","merrilli",NA
"Ptilinopus occipitalis","Columbiformes","Columbidae","Ramphiculus","occipitalis",NA
"Ptilinopus fischeri","Columbiformes","Columbidae","Ramphiculus","fischeri",NA
"Ptilinopus jambu","Columbiformes","Columbidae","Ramphiculus","jambu",NA
"Ptilinopus subgularis","Columbiformes","Columbidae","Ramphiculus","subgularis",NA
"Ptilinopus gularis","Columbiformes","Columbidae","Ramphiculus","epius",NA
"Ptilinopus mangoliensis","Columbiformes","Columbidae","Ramphiculus","mangoliensis",NA
"Ptilinopus leclancheri","Columbiformes","Columbidae","Ramphiculus","leclancheri",NA
"Ptilinopus bernsteinii","Columbiformes","Columbidae","Megaloprepia","formosa",NA
"Ptilinopus magnificus","Columbiformes","Columbidae","Megaloprepia","magnifica",0
"Ptilinopus perlatus","Columbiformes","Columbidae","Ptilinopus","perlatus",1
"Ptilinopus ornatus","Columbiformes","Columbidae","Ptilinopus","ornatus",1
NA,"Columbiformes",NA,"Ptilinopus","gestroi",0
"Ptilinopus tannensis","Columbiformes","Columbidae","Ptilinopus","tannensis",NA
"Ptilinopus aurantiifrons","Columbiformes","Columbidae","Ptilinopus","aurantiifrons",1
"Ptilinopus wallacii","Columbiformes","Columbidae","Ptilinopus","wallacii",NA
"Ptilinopus superbus","Columbiformes","Columbidae","Ptilinopus","superbus",1
NA,"Columbiformes",NA,"Ptilinopus","temminckii",NA
"Ptilinopus perousii","Columbiformes","Columbidae","Ptilinopus","perousii",1
"Ptilinopus porphyraceus","Columbiformes","Columbidae","Ptilinopus","porphyraceus",1
NA,"Columbiformes",NA,"Ptilinopus","fasciatus",NA
"Ptilinopus ponapensis","Columbiformes","Columbidae","Ptilinopus","ponapensis",NA
"Ptilinopus hernsheimi","Columbiformes","Columbidae","Ptilinopus","hernsheimi",NA
"Ptilinopus pelewensis","Columbiformes","Columbidae","Ptilinopus","pelewensis",NA
"Ptilinopus rarotongensis","Columbiformes","Columbidae","Ptilinopus","rarotongensis",NA
"Ptilinopus roseicapilla","Columbiformes","Columbidae","Ptilinopus","roseicapilla",NA
"Ptilinopus regina","Columbiformes","Columbidae","Ptilinopus","regina",0
"Ptilinopus richardsii","Columbiformes","Columbidae","Ptilinopus","richardsii",1
"Ptilinopus chrysogaster","Columbiformes","Columbidae","Ptilinopus","chrysogaster",NA
"Ptilinopus purpuratus","Columbiformes","Columbidae","Ptilinopus","purpuratus",NA
"Ptilinopus chalcurus","Columbiformes","Columbidae","Ptilinopus","chalcurus",NA
"Ptilinopus coralensis","Columbiformes","Columbidae","Ptilinopus","coralensis",NA
"Ptilinopus greyi","Columbiformes","Columbidae","Ptilinopus","greyi",NA
"Ptilinopus huttoni","Columbiformes","Columbidae","Ptilinopus","huttoni",NA
"Ptilinopus dupetithouarsii","Columbiformes","Columbidae","Ptilinopus","dupetithouarsii",NA
"Ptilinopus mercierii","Columbiformes","Columbidae","Ptilinopus","mercierii",NA
"Ptilinopus insularis","Columbiformes","Columbidae","Ptilinopus","insularis",NA
"Ptilinopus coronulatus","Columbiformes","Columbidae","Ptilinopus","coronulatus",1
"Ptilinopus pulchellus","Columbiformes","Columbidae","Ptilinopus","pulchellus",0
"Ptilinopus monacha","Columbiformes","Columbidae","Ptilinopus","monacha",0
"Ptilinopus rivoli","Columbiformes","Columbidae","Ptilinopus","rivoli",0
"Ptilinopus speciosus","Columbiformes","Columbidae","Ptilinopus","speciosus",NA
"Ptilinopus solomonensis","Columbiformes","Columbidae","Ptilinopus","solomonensis",0
"Ptilinopus viridis","Columbiformes","Columbidae","Ptilinopus","viridis",1
"Ptilinopus eugeniae","Columbiformes","Columbidae","Ptilinopus","eugeniae",NA
"Ptilinopus iozonus","Columbiformes","Columbidae","Ptilinopus","iozonus",1
"Ptilinopus insolitus","Columbiformes","Columbidae","Ptilinopus","insolitus",1
"Ptilinopus hyogastrus","Columbiformes","Columbidae","Ptilinopus","hyogastrus",1
"Ptilinopus granulifrons","Columbiformes","Columbidae","Ptilinopus","granulifrons",NA
"Ptilinopus melanospilus","Columbiformes","Columbidae","Ptilinopus","melanospilus",NA
"Ptilinopus nainus","Columbiformes","Columbidae","Ptilinopus","nainus",NA
"Ptilinopus arcanus","Columbiformes","Columbidae","Ptilinopus","arcanus",NA
"Ptilinopus victor","Columbiformes","Columbidae","Chrysoena","victor",NA
"Ptilinopus luteovirens","Columbiformes","Columbidae","Chrysoena","luteovirens",NA
"Ptilinopus layardi","Columbiformes","Columbidae","Chrysoena","viridis",NA
"Drepanoptila holosericea","Columbiformes","Columbidae","Drepanoptila","holosericea",NA
"Alectroenas nitidissimus","Columbiformes","Columbidae","Alectroenas","nitidissimus",NA
NA,"Columbiformes",NA,"Alectroenas","payandeei",NA
"Alectroenas madagascariensis","Columbiformes","Columbidae","Alectroenas","madagascariensis",1
"Alectroenas sganzini","Columbiformes","Columbidae","Alectroenas","sganzini",1
"Alectroenas pulcherrimus","Columbiformes","Columbidae","Alectroenas","pulcherrimus",NA
"Ducula poliocephala","Columbiformes","Columbidae","Ducula","poliocephala",NA
"Ducula forsteni","Columbiformes","Columbidae","Ducula","forsteni",1
"Ducula mindorensis","Columbiformes","Columbidae","Ducula","mindorensis",0
"Ducula radiata","Columbiformes","Columbidae","Ducula","radiata",1
"Ducula carola","Columbiformes","Columbidae","Ducula","carola",1
"Ducula aenea","Columbiformes","Columbidae","Ducula","aenea",0
"Ducula oenothorax","Columbiformes","Columbidae","Ducula","oenothorax",NA
"Ducula nicobarica","Columbiformes","Columbidae","Ducula","nicobarica",0
"Ducula perspicillata","Columbiformes","Columbidae","Ducula","perspicillata",NA
"Ducula neglecta","Columbiformes","Columbidae","Ducula","neglecta",NA
"Ducula concinna","Columbiformes","Columbidae","Ducula","concinna",1
"Ducula pacifica","Columbiformes","Columbidae","Ducula","pacifica",1
"Ducula oceanica","Columbiformes","Columbidae","Ducula","oceanica",NA
"Ducula aurorae","Columbiformes","Columbidae","Ducula","aurorae",NA
"Ducula galeata","Columbiformes","Columbidae","Ducula","galeata",NA
"Ducula rubricera","Columbiformes","Columbidae","Ducula","rubricera",1
"Ducula myristicivora","Columbiformes","Columbidae","Ducula","myristicivora",NA
"Ducula geelvinkiana","Columbiformes","Columbidae","Ducula","geelvinkiana",NA
"Ducula rufigaster","Columbiformes","Columbidae","Ducula","rufigaster",0
"Ducula basilica","Columbiformes","Columbidae","Ducula","basilica",NA
NA,"Columbiformes",NA,"Ducula","obiensis",NA
"Ducula finschii","Columbiformes","Columbidae","Ducula","finschii",NA
"Ducula chalconota","Columbiformes","Columbidae","Ducula","chalconota",0
"Ducula pistrinaria","Columbiformes","Columbidae","Ducula","pistrinaria",NA
"Ducula rosacea","Columbiformes","Columbidae","Ducula","rosacea",1
"Ducula whartoni","Columbiformes","Columbidae","Ducula","whartoni",1
"Ducula pickeringii","Columbiformes","Columbidae","Ducula","pickeringii",0
"Ducula latrans","Columbiformes","Columbidae","Ducula","latrans",0
"Ducula brenchleyi","Columbiformes","Columbidae","Ducula","brenchleyi",NA
"Ducula bakeri","Columbiformes","Columbidae","Ducula","bakeri",0
"Ducula goliath","Columbiformes","Columbidae","Ducula","goliath",NA
"Ducula pinon","Columbiformes","Columbidae","Ducula","pinon",1
"Ducula melanochroa","Columbiformes","Columbidae","Ducula","melanochroa",1
"Ducula mullerii","Columbiformes","Columbidae","Ducula","mullerii",0
"Ducula zoeae","Columbiformes","Columbidae","Ducula","zoeae",0
"Ducula cuprea","Columbiformes","Columbidae","Ducula","cuprea",NA
"Ducula badia","Columbiformes","Columbidae","Ducula","badia",0
"Ducula lacernulata","Columbiformes","Columbidae","Ducula","lacernulata",0
"Ducula cineracea","Columbiformes","Columbidae","Ducula","cineracea",0
"Ducula bicolor","Columbiformes","Columbidae","Ducula","bicolor",1
"Ducula luctuosa","Columbiformes","Columbidae","Ducula","luctuosa",1
"Ducula spilorrhoa","Columbiformes","Columbidae","Ducula","spilorrhoa",0
"Ducula subflavescens","Columbiformes","Columbidae","Ducula","subflavescens",0
"Lopholaimus antarcticus","Columbiformes","Columbidae","Lopholaimus","antarcticus",1
"Hemiphaga novaeseelandiae","Columbiformes","Columbidae","Hemiphaga","novaeseelandiae",1
"Hemiphaga chathamensis","Columbiformes","Columbidae","Hemiphaga","chathamensis",0
"Cryptophaps poecilorrhoa","Columbiformes","Columbidae","Cryptophaps","poecilorrhoa",0
"Gymnophaps albertisii","Columbiformes","Columbidae","Gymnophaps","albertisii",1
"Gymnophaps mada","Columbiformes","Columbidae","Gymnophaps","mada",1
"Gymnophaps stalkeri","Columbiformes","Columbidae","Gymnophaps","stalkeri",NA
"Gymnophaps solomonensis","Columbiformes","Columbidae","Gymnophaps","solomonensis",1
"Podica senegalensis","Gruiformes","Heliornithidae","Podica","senegalensis",NA
"Heliopais personatus","Gruiformes","Heliornithidae","Heliopais","personatus",NA
"Heliornis fulica","Gruiformes","Heliornithidae","Heliornis","fulica",0
"Mentocrex kioloides","Gruiformes","Sarothruridae","Mentocrex","kioloides",0
"Mentocrex beankaensis","Gruiformes","Sarothruridae","Mentocrex","beankaensis",NA
"Sarothrura pulchra","Gruiformes","Sarothruridae","Sarothrura","pulchra",0
"Sarothrura elegans","Gruiformes","Sarothruridae","Sarothrura","elegans",NA
"Sarothrura rufa","Gruiformes","Sarothruridae","Sarothrura","rufa",0
"Sarothrura lugens","Gruiformes","Sarothruridae","Sarothrura","lugens",NA
"Sarothrura boehmi","Gruiformes","Sarothruridae","Sarothrura","boehmi",NA
"Sarothrura ayresi","Gruiformes","Sarothruridae","Sarothrura","ayresi",NA
"Sarothrura affinis","Gruiformes","Sarothruridae","Sarothrura","affinis",0
"Sarothrura insularis","Gruiformes","Sarothruridae","Sarothrura","insularis",NA
"Sarothrura watersi","Gruiformes","Sarothruridae","Sarothrura","watersi",NA
"Rallicula rubra","Gruiformes","Sarothruridae","Rallicula","rubra",NA
"Rallicula leucospila","Gruiformes","Sarothruridae","Rallicula","leucospila",NA
"Rallicula forbesi","Gruiformes","Sarothruridae","Rallicula","forbesi",1
"Rallicula mayri","Gruiformes","Sarothruridae","Rallicula","mayri",NA
"Canirallus oculeus","Gruiformes","Rallidae","Canirallus","oculeus",NA
"Anurolimnas castaneiceps","Gruiformes","Rallidae","Rufirallus","castaneiceps",0
"Pardirallus maculatus","Gruiformes","Rallidae","Pardirallus","maculatus",NA
"Pardirallus nigricans","Gruiformes","Rallidae","Pardirallus","nigricans",NA
"Pardirallus sanguinolentus","Gruiformes","Rallidae","Pardirallus","sanguinolentus",NA
"Mustelirallus albicollis","Gruiformes","Rallidae","Porzana","albicollis",NA
"Mustelirallus cerverai","Gruiformes","Rallidae","Cyanolimnas","cerverai",NA
"Mustelirallus colombianus","Gruiformes","Rallidae","Neocrex","colombiana",NA
"Mustelirallus erythrops","Gruiformes","Rallidae","Neocrex","erythrops",NA
"Amaurolimnas concolor","Gruiformes","Rallidae","Amaurolimnas","concolor",NA
"Aramides axillaris","Gruiformes","Rallidae","Aramides","axillaris",NA
"Aramides mangle","Gruiformes","Rallidae","Aramides","mangle",NA
"Aramides albiventris","Gruiformes","Rallidae","Aramides","albiventris",NA
"Aramides cajaneus","Gruiformes","Rallidae","Aramides","cajaneus",0
"Aramides wolfi","Gruiformes","Rallidae","Aramides","wolfi",NA
"Aramides ypecaha","Gruiformes","Rallidae","Aramides","ypecaha",0
"Aramides calopterus","Gruiformes","Rallidae","Aramides","calopterus",NA
"Aramides saracura","Gruiformes","Rallidae","Aramides","saracura",NA
"Rallus obsoletus","Gruiformes","Rallidae","Rallus","obsoletus",NA
"Rallus crepitans","Gruiformes","Rallidae","Rallus","crepitans",NA
"Rallus tenuirostris","Gruiformes","Rallidae","Rallus","tenuirostris",0
"Rallus longirostris","Gruiformes","Rallidae","Rallus","longirostris",NA
"Rallus elegans","Gruiformes","Rallidae","Rallus","elegans",NA
"Rallus wetmorei","Gruiformes","Rallidae","Rallus","wetmorei",0
"Rallus limicola","Gruiformes","Rallidae","Rallus","limicola",NA
"Rallus semiplumbeus","Gruiformes","Rallidae","Rallus","semiplumbeus",0
"Rallus aequatorialis","Gruiformes","Rallidae","Rallus","aequatorialis",0
"Rallus antarcticus","Gruiformes","Rallidae","Rallus","antarcticus",NA
"Rallus aquaticus","Gruiformes","Rallidae","Rallus","aquaticus",0
"Rallus indicus","Gruiformes","Rallidae","Rallus","indicus",NA
"Rallus caerulescens","Gruiformes","Rallidae","Rallus","caerulescens",NA
"Rallus madagascariensis","Gruiformes","Rallidae","Rallus","madagascariensis",NA
"Crecopsis egregia","Gruiformes","Rallidae","Crex","egregia",0
"Rougetius rougetii","Gruiformes","Rallidae","Rougetius","rougetii",NA
"Dryolimnas cuvieri","Gruiformes","Rallidae","Dryolimnas","cuvieri",NA
"Dryolimnas augusti","Gruiformes","Rallidae","Dryolimnas","augusti",NA
"Crex crex","Gruiformes","Rallidae","Crex","crex",NA
"Aramidopsis plateni","Gruiformes","Rallidae","Aramidopsis","plateni",NA
"Lewinia striata","Gruiformes","Rallidae","Lewinia","striata",NA
"Lewinia mirifica","Gruiformes","Rallidae","Lewinia","mirifica",NA
"Lewinia pectoralis","Gruiformes","Rallidae","Lewinia","pectoralis",NA
"Lewinia muelleri","Gruiformes","Rallidae","Lewinia","muelleri",NA
"Diaphorapteryx hawkinsi","Gruiformes","Rallidae","Diaphorapteryx","hawkinsi",NA
"Aptenorallus calayanensis","Gruiformes","Rallidae","Aptenorallus","calayanensis",NA
"Habroptila wallacii","Gruiformes","Rallidae","Habroptila","wallacii",NA
"Gallirallus australis","Gruiformes","Rallidae","Gallirallus","australis",NA
"Eulabeornis castaneoventris","Gruiformes","Rallidae","Eulabeornis","castaneoventris",NA
"Cabalus lafresnayanus","Gruiformes","Rallidae","Gallirallus","lafresnayanus",NA
"Cabalus modestus","Gruiformes","Rallidae","Cabalus","modestus",NA
"Hypotaenidia okinawae","Gruiformes","Rallidae","Hypotaenidia","okinawae",NA
"Hypotaenidia torquata","Gruiformes","Rallidae","Hypotaenidia","torquata",NA
"Hypotaenidia philippensis","Gruiformes","Rallidae","Hypotaenidia","philippensis",NA
"Hypotaenidia owstoni","Gruiformes","Rallidae","Hypotaenidia","owstoni",NA
"Hypotaenidia insignis","Gruiformes","Rallidae","Hypotaenidia","insignis",0
"Hypotaenidia rovianae","Gruiformes","Rallidae","Hypotaenidia","rovianae",NA
"Hypotaenidia woodfordi","Gruiformes","Rallidae","Hypotaenidia","woodfordi",NA
NA,"Gruiformes",NA,"Hypotaenidia","tertia",NA
NA,"Gruiformes",NA,"Hypotaenidia","immaculata",NA
"Hypotaenidia poeciloptera","Gruiformes","Rallidae","Hypotaenidia","poeciloptera",NA
"Hypotaenidia sylvestris","Gruiformes","Rallidae","Hypotaenidia","sylvestris",NA
"Hypotaenidia dieffenbachii","Gruiformes","Rallidae","Hypotaenidia","dieffenbachii",NA
"Hypotaenidia pacifica","Gruiformes","Rallidae","Hypotaenidia","pacifica",NA
"Hypotaenidia wakensis","Gruiformes","Rallidae","Hypotaenidia","wakensis",NA
"Porphyriops melanops","Gruiformes","Rallidae","Porphyriops","melanops",NA
"Porzana carolina","Gruiformes","Rallidae","Porzana","carolina",NA
"Porzana porzana","Gruiformes","Rallidae","Porzana","porzana",NA
"Porzana fluminea","Gruiformes","Rallidae","Porzana","fluminea",1
"Tribonyx ventralis","Gruiformes","Rallidae","Tribonyx","ventralis",0
NA,"Gruiformes",NA,"Tribonyx","hodgenorum",NA
"Tribonyx mortierii","Gruiformes","Rallidae","Tribonyx","mortierii",1
"Paragallinula angulata","Gruiformes","Rallidae","Paragallinula","angulata",NA
"Gallinula tenebrosa","Gruiformes","Rallidae","Gallinula","tenebrosa",1
"Gallinula galeata","Gruiformes","Rallidae","Gallinula","galeata",0
"Gallinula chloropus","Gruiformes","Rallidae","Gallinula","chloropus",NA
"Gallinula nesiotis","Gruiformes","Rallidae","Gallinula","nesiotis",NA
"Gallinula comeri","Gruiformes","Rallidae","Gallinula","comeri",0
"Gallinula silvestris","Gruiformes","Rallidae","Pareudiastes","silvestris",NA
"Gallinula pacifica","Gruiformes","Rallidae","Pareudiastes","pacificus",NA
"Fulica rufifrons","Gruiformes","Rallidae","Fulica","rufifrons",NA
"Fulica cornuta","Gruiformes","Rallidae","Fulica","cornuta",0
"Fulica gigantea","Gruiformes","Rallidae","Fulica","gigantea",NA
"Fulica armillata","Gruiformes","Rallidae","Fulica","armillata",0
"Fulica atra","Gruiformes","Rallidae","Fulica","atra",NA
"Fulica cristata","Gruiformes","Rallidae","Fulica","cristata",NA
"Fulica newtonii","Gruiformes","Rallidae","Fulica","newtonii",NA
"Fulica alai","Gruiformes","Rallidae","Fulica","alai",NA
"Fulica americana","Gruiformes","Rallidae","Fulica","americana",NA
"Fulica ardesiaca","Gruiformes","Rallidae","Fulica","ardesiaca",NA
"Fulica leucoptera","Gruiformes","Rallidae","Fulica","leucoptera",1
"Porphyrio alleni","Gruiformes","Rallidae","Porphyrio","alleni",0
"Porphyrio martinica","Gruiformes","Rallidae","Porphyrio","martinicus",0
"Porphyrio flavirostris","Gruiformes","Rallidae","Porphyrio","flavirostris",NA
"Porphyrio porphyrio","Gruiformes","Rallidae","Porphyrio","porphyrio",1
"Porphyrio madagascariensis","Gruiformes","Rallidae","Porphyrio","madagascariensis",0
"Porphyrio poliocephalus","Gruiformes","Rallidae","Porphyrio","poliocephalus",0
"Porphyrio indicus","Gruiformes","Rallidae","Porphyrio","indicus",NA
"Porphyrio pulverulentus","Gruiformes","Rallidae","Porphyrio","pulverulentus",0
"Porphyrio melanotus","Gruiformes","Rallidae","Porphyrio","melanotus",0
"Porphyrio albus","Gruiformes","Rallidae","Porphyrio","albus",NA
"Porphyrio paepae","Gruiformes","Rallidae","Porphyrio","paepae",NA
"Porphyrio mantelli","Gruiformes","Rallidae","Porphyrio","mantelli",0
"Porphyrio hochstetteri","Gruiformes","Rallidae","Porphyrio","hochstetteri",0
NA,"Gruiformes",NA,"Porphyrio","kukwiedei",NA
NA,"Gruiformes",NA,"Porphyrio","caerulescens",NA
"Rufirallus xenopterus","Gruiformes","Rallidae","Laterallus","xenopterus",NA
"Rufirallus leucopyrrhus","Gruiformes","Rallidae","Laterallus","leucopyrrhus",0
"Rufirallus fasciatus","Gruiformes","Rallidae","Porzana","fasciata",0
"Rufirallus schomburgkii","Gruiformes","Rallidae","Micropygia","schomburgkii",NA
"Rufirallus viridis","Gruiformes","Rallidae","Rufirallus","viridis",NA
"Coturnicops exquisitus","Gruiformes","Rallidae","Coturnicops","exquisitus",NA
"Coturnicops noveboracensis","Gruiformes","Rallidae","Coturnicops","noveboracensis",1
"Laterallus notatus","Gruiformes","Rallidae","Coturnicops","notatus",NA
"Laterallus spiloptera","Gruiformes","Rallidae","Laterallus","spilopterus",NA
"Laterallus rogersi","Gruiformes","Rallidae","Laterallus","rogersi",NA
"Laterallus jamaicensis","Gruiformes","Rallidae","Laterallus","jamaicensis",NA
NA,"Gruiformes",NA,"Laterallus","tuerosi",NA
"Laterallus spilonota","Gruiformes","Rallidae","Laterallus","spilonota",NA
"Laterallus flaviventer","Gruiformes","Rallidae","Laterallus","flaviventer",NA
"Laterallus exilis","Gruiformes","Rallidae","Laterallus","exilis",0
"Laterallus albigularis","Gruiformes","Rallidae","Laterallus","albigularis",NA
"Laterallus ruber","Gruiformes","Rallidae","Laterallus","ruber",NA
"Laterallus levraudi","Gruiformes","Rallidae","Laterallus","levraudi",NA
"Laterallus melanophaius","Gruiformes","Rallidae","Laterallus","melanophaius",0
"Mundia elpenor","Gruiformes","Rallidae","Mundia","elpenor",NA
"Aphanocrex podarces","Gruiformes","Rallidae","Laterallus","podarces",NA
"Zapornia flavirostra","Gruiformes","Rallidae","Zapornia","flavirostra",0
"Zapornia olivieri","Gruiformes","Rallidae","Zapornia","olivieri",NA
"Zapornia fusca","Gruiformes","Rallidae","Zapornia","fusca",NA
"Zapornia paykullii","Gruiformes","Rallidae","Zapornia","paykullii",0
"Zapornia bicolor","Gruiformes","Rallidae","Zapornia","bicolor",0
"Zapornia akool","Gruiformes","Rallidae","Zapornia","akool",NA
"Zapornia pusilla","Gruiformes","Rallidae","Zapornia","pusilla",0
"Zapornia astrictocarpus","Gruiformes","Rallidae","Zapornia","astrictocarpus",NA
"Zapornia parva","Gruiformes","Rallidae","Zapornia","parva",NA
"Zapornia tabuensis","Gruiformes","Rallidae","Zapornia","tabuensis",0
"Zapornia monasa","Gruiformes","Rallidae","Zapornia","monasa",0
"Zapornia nigra","Gruiformes","Rallidae","Zapornia","nigra",NA
"Zapornia atra","Gruiformes","Rallidae","Zapornia","atra",0
"Zapornia sandwichensis","Gruiformes","Rallidae","Zapornia","sandwichensis",NA
"Zapornia palmeri","Gruiformes","Rallidae","Zapornia","palmeri",0
"Rallina eurizonoides","Gruiformes","Rallidae","Rallina","eurizonoides",NA
"Rallina canningi","Gruiformes","Rallidae","Rallina","canningi",NA
"Rallina fasciata","Gruiformes","Rallidae","Rallina","fasciata",NA
"Rallina tricolor","Gruiformes","Rallidae","Rallina","tricolor",NA
"Gymnocrex rosenbergii","Gruiformes","Rallidae","Gymnocrex","rosenbergii",NA
"Gymnocrex talaudensis","Gruiformes","Rallidae","Gymnocrex","talaudensis",NA
"Gymnocrex plumbeiventris","Gruiformes","Rallidae","Gymnocrex","plumbeiventris",0
"Himantornis haematopus","Gruiformes","Rallidae","Himantornis","haematopus",0
"Megacrex inepta","Gruiformes","Rallidae","Megacrex","inepta",NA
"Poliolimnas cinereus","Gruiformes","Rallidae","Amaurornis","cinerea",NA
"Aenigmatolimnas marginalis","Gruiformes","Rallidae","Amaurornis","marginalis",NA
"Gallicrex cinerea","Gruiformes","Rallidae","Gallicrex","cinerea",NA
"Amaurornis phoenicurus","Gruiformes","Rallidae","Amaurornis","phoenicurus",0
"Amaurornis olivacea","Gruiformes","Rallidae","Amaurornis","olivacea",NA
"Amaurornis magnirostris","Gruiformes","Rallidae","Amaurornis","magnirostris",NA
"Amaurornis isabellina","Gruiformes","Rallidae","Amaurornis","isabellina",NA
"Amaurornis moluccana","Gruiformes","Rallidae","Amaurornis","moluccana",0
"Aphanapteryx bonasia","Gruiformes","Rallidae","Aphanapteryx","bonasia",NA
"Erythromachus leguati","Gruiformes","Rallidae","Erythromachus","leguati",NA
"Psophia crepitans","Gruiformes","Psophiidae","Psophia","crepitans",1
NA,"Gruiformes",NA,"Psophia","ochroptera",1
"Psophia leucoptera","Gruiformes","Psophiidae","Psophia","leucoptera",1
"Psophia viridis","Gruiformes","Psophiidae","Psophia","viridis",1
NA,"Gruiformes",NA,"Psophia","dextralis",0
NA,"Gruiformes",NA,"Psophia","obscura",1
"Balearica regulorum","Gruiformes","Gruidae","Balearica","regulorum",NA
"Balearica pavonina","Gruiformes","Gruidae","Balearica","pavonina",NA
"Leucogeranus leucogeranus","Gruiformes","Gruidae","Leucogeranus","leucogeranus",NA
"Antigone canadensis","Gruiformes","Gruidae","Grus","canadensis",NA
"Antigone vipio","Gruiformes","Gruidae","Grus","vipio",NA
"Antigone antigone","Gruiformes","Gruidae","Grus","antigone",NA
"Antigone rubicunda","Gruiformes","Gruidae","Grus","rubicunda",1
"Grus carunculata","Gruiformes","Gruidae","Bugeranus","carunculatus",NA
"Grus paradisea","Gruiformes","Gruidae","Anthropoides","paradiseus",NA
"Grus virgo","Gruiformes","Gruidae","Anthropoides","virgo",1
"Grus japonensis","Gruiformes","Gruidae","Grus","japonensis",NA
"Grus americana","Gruiformes","Gruidae","Grus","americana",NA
"Grus grus","Gruiformes","Gruidae","Grus","grus",NA
"Grus monacha","Gruiformes","Gruidae","Grus","monacha",NA
"Grus nigricollis","Gruiformes","Gruidae","Grus","nigricollis",NA
"Aramus guarauna","Gruiformes","Aramidae","Aramus","guarauna",0
"Tachybaptus rufolavatus","Podicipediformes","Podicipedidae","Tachybaptus","rufolavatus",0
"Tachybaptus ruficollis","Podicipediformes","Podicipedidae","Tachybaptus","ruficollis",NA
"Tachybaptus tricolor","Podicipediformes","Podicipedidae","Tachybaptus","tricolor",0
"Tachybaptus novaehollandiae","Podicipediformes","Podicipedidae","Tachybaptus","novaehollandiae",0
"Tachybaptus pelzelnii","Podicipediformes","Podicipedidae","Tachybaptus","pelzelnii",0
"Tachybaptus dominicus","Podicipediformes","Podicipedidae","Tachybaptus","dominicus",0
"Podilymbus podiceps","Podicipediformes","Podicipedidae","Podilymbus","podiceps",0
"Podilymbus gigas","Podicipediformes","Podicipedidae","Podilymbus","gigas",0
"Rollandia rolland","Podicipediformes","Podicipedidae","Rollandia","rolland",0
"Rollandia microptera","Podicipediformes","Podicipedidae","Rollandia","microptera",0
"Poliocephalus poliocephalus","Podicipediformes","Podicipedidae","Poliocephalus","poliocephalus",1
"Poliocephalus rufopectus","Podicipediformes","Podicipedidae","Poliocephalus","rufopectus",1
"Podiceps major","Podicipediformes","Podicipedidae","Podiceps","major",1
"Podiceps grisegena","Podicipediformes","Podicipedidae","Podiceps","grisegena",1
"Podiceps cristatus","Podicipediformes","Podicipedidae","Podiceps","cristatus",0
"Podiceps auritus","Podicipediformes","Podicipedidae","Podiceps","auritus",0
"Podiceps nigricollis","Podicipediformes","Podicipedidae","Podiceps","nigricollis",0
"Podiceps andinus","Podicipediformes","Podicipedidae","Podiceps","andinus",NA
"Podiceps occipitalis","Podicipediformes","Podicipedidae","Podiceps","occipitalis",0
NA,"Podicipediformes",NA,"Podiceps","juninensis",0
"Podiceps taczanowskii","Podicipediformes","Podicipedidae","Podiceps","taczanowskii",0
"Podiceps gallardoi","Podicipediformes","Podicipedidae","Podiceps","gallardoi",0
"Aechmophorus occidentalis","Podicipediformes","Podicipedidae","Aechmophorus","occidentalis",0
"Aechmophorus clarkii","Podicipediformes","Podicipedidae","Aechmophorus","clarkii",0
"Phoenicopterus roseus","Phoenicopteriformes","Phoenicopteridae","Phoenicopterus","roseus",0
"Phoenicopterus ruber","Phoenicopteriformes","Phoenicopteridae","Phoenicopterus","ruber",0
"Phoenicopterus chilensis","Phoenicopteriformes","Phoenicopteridae","Phoenicopterus","chilensis",0
"Phoeniconaias minor","Phoenicopteriformes","Phoenicopteridae","Phoeniconaias","minor",0
"Phoenicoparrus andinus","Phoenicopteriformes","Phoenicopteridae","Phoenicoparrus","andinus",0
"Phoenicoparrus jamesi","Phoenicopteriformes","Phoenicopteridae","Phoenicoparrus","jamesi",0
"Turnix tanki","Charadriiformes","Turnicidae","Turnix","tanki",0
"Turnix maculosus","Charadriiformes","Turnicidae","Turnix","maculosus",0
"Turnix suscitator","Charadriiformes","Turnicidae","Turnix","suscitator",0
"Turnix ocellatus","Charadriiformes","Turnicidae","Turnix","ocellatus",NA
"Turnix sylvaticus","Charadriiformes","Turnicidae","Turnix","sylvaticus",0
"Turnix velox","Charadriiformes","Turnicidae","Turnix","velox",1
"Turnix pyrrhothorax","Charadriiformes","Turnicidae","Turnix","pyrrhothorax",0
"Turnix worcesteri","Charadriiformes","Turnicidae","Turnix","worcesteri",NA
"Turnix everetti","Charadriiformes","Turnicidae","Turnix","everetti",NA
"Turnix nanus","Charadriiformes","Turnicidae","Turnix","nanus",NA
"Turnix hottentottus","Charadriiformes","Turnicidae","Turnix","hottentottus",0
"Turnix castanotus","Charadriiformes","Turnicidae","Turnix","castanotus",0
"Turnix olivii","Charadriiformes","Turnicidae","Turnix","olivii",0
"Turnix varius","Charadriiformes","Turnicidae","Turnix","varius",0
"Turnix novaecaledoniae","Charadriiformes","Turnicidae","Turnix","novaecaledoniae",NA
"Turnix melanogaster","Charadriiformes","Turnicidae","Turnix","melanogaster",0
"Turnix nigricollis","Charadriiformes","Turnicidae","Turnix","nigricollis",0
"Ortyxelos meiffrenii","Charadriiformes","Turnicidae","Ortyxelos","meiffrenii",0
"Hesperoburhinus bistriatus","Charadriiformes","Burhinidae","Burhinus","bistriatus",0
"Hesperoburhinus superciliaris","Charadriiformes","Burhinidae","Burhinus","superciliaris",1
"Esacus recurvirostris","Charadriiformes","Burhinidae","Esacus","recurvirostris",0
"Esacus magnirostris","Charadriiformes","Burhinidae","Esacus","magnirostris",0
"Burhinus capensis","Charadriiformes","Burhinidae","Burhinus","capensis",0
"Burhinus vermiculatus","Charadriiformes","Burhinidae","Burhinus","vermiculatus",0
"Burhinus grallarius","Charadriiformes","Burhinidae","Burhinus","grallarius",0
"Burhinus oedicnemus","Charadriiformes","Burhinidae","Burhinus","oedicnemus",0
"Burhinus indicus","Charadriiformes","Burhinidae","Burhinus","indicus",NA
"Burhinus senegalensis","Charadriiformes","Burhinidae","Burhinus","senegalensis",0
"Pluvianellus socialis","Charadriiformes","Pluvianellidae","Pluvianellus","socialis",0
"Chionis albus","Charadriiformes","Chionidae","Chionis","albus",NA
"Chionis minor","Charadriiformes","Chionidae","Chionis","minor",0
"Haematopus leucopodus","Charadriiformes","Haematopodidae","Haematopus","leucopodus",NA
"Haematopus ater","Charadriiformes","Haematopodidae","Haematopus","ater",NA
"Haematopus bachmani","Charadriiformes","Haematopodidae","Haematopus","bachmani",NA
"Haematopus palliatus","Charadriiformes","Haematopodidae","Haematopus","palliatus",0
"Haematopus meadewaldoi","Charadriiformes","Haematopodidae","Haematopus","meadewaldoi",0
"Haematopus moquini","Charadriiformes","Haematopodidae","Haematopus","moquini",NA
"Haematopus ostralegus","Charadriiformes","Haematopodidae","Haematopus","ostralegus",NA
"Haematopus finschi","Charadriiformes","Haematopodidae","Haematopus","finschi",NA
"Haematopus longirostris","Charadriiformes","Haematopodidae","Haematopus","longirostris",NA
"Haematopus unicolor","Charadriiformes","Haematopodidae","Haematopus","unicolor",NA
"Haematopus chathamensis","Charadriiformes","Haematopodidae","Haematopus","chathamensis",NA
"Haematopus fuliginosus","Charadriiformes","Haematopodidae","Haematopus","fuliginosus",NA
"Ibidorhyncha struthersii","Charadriiformes","Ibidorhynchidae","Ibidorhyncha","struthersii",NA
"Himantopus himantopus","Charadriiformes","Recurvirostridae","Himantopus","himantopus",0
"Himantopus leucocephalus","Charadriiformes","Recurvirostridae","Himantopus","leucocephalus",0
"Himantopus mexicanus","Charadriiformes","Recurvirostridae","Himantopus","mexicanus",0
"Himantopus melanurus","Charadriiformes","Recurvirostridae","Himantopus","melanurus",1
"Himantopus novaezelandiae","Charadriiformes","Recurvirostridae","Himantopus","novaezelandiae",NA
"Cladorhynchus leucocephalus","Charadriiformes","Recurvirostridae","Cladorhynchus","leucocephalus",0
"Recurvirostra avosetta","Charadriiformes","Recurvirostridae","Recurvirostra","avosetta",0
"Recurvirostra americana","Charadriiformes","Recurvirostridae","Recurvirostra","americana",0
"Recurvirostra novaehollandiae","Charadriiformes","Recurvirostridae","Recurvirostra","novaehollandiae",0
"Recurvirostra andina","Charadriiformes","Recurvirostridae","Recurvirostra","andina",0
"Pluvialis squatarola","Charadriiformes","Charadriidae","Pluvialis","squatarola",1
"Pluvialis apricaria","Charadriiformes","Charadriidae","Pluvialis","apricaria",0
"Pluvialis fulva","Charadriiformes","Charadriidae","Pluvialis","fulva",NA
"Pluvialis dominica","Charadriiformes","Charadriidae","Pluvialis","dominica",NA
"Oreopholus ruficollis","Charadriiformes","Charadriidae","Oreopholus","ruficollis",1
"Zonibyx modestus","Charadriiformes","Charadriidae","Charadrius","modestus",1
"Phegornis mitchellii","Charadriiformes","Charadriidae","Phegornis","mitchellii",NA
"Eudromias morinellus","Charadriiformes","Charadriidae","Eudromias","morinellus",1
"Charadrius vociferus","Charadriiformes","Charadriidae","Charadrius","vociferus",NA
"Charadrius hiaticula","Charadriiformes","Charadriidae","Charadrius","hiaticula",0
"Charadrius semipalmatus","Charadriiformes","Charadriidae","Charadrius","semipalmatus",1
"Charadrius melodus","Charadriiformes","Charadriidae","Charadrius","melodus",1
"Charadrius cucullatus","Charadriiformes","Charadriidae","Thinornis","cucullatus",0
"Charadrius forbesi","Charadriiformes","Charadriidae","Charadrius","forbesi",0
"Charadrius tricollaris","Charadriiformes","Charadriidae","Charadrius","tricollaris",0
NA,"Charadriiformes",NA,"Charadrius","bifrontatus",NA
"Charadrius melanops","Charadriiformes","Charadriidae","Elseyornis","melanops",0
"Charadrius novaeseelandiae","Charadriiformes","Charadriidae","Thinornis","novaeseelandiae",NA
"Charadrius dubius","Charadriiformes","Charadriidae","Charadrius","dubius",0
"Charadrius placidus","Charadriiformes","Charadriidae","Charadrius","placidus",NA
"Hoploxypterus cayanus","Charadriiformes","Charadriidae","Hoploxypterus","cayanus",NA
"Vanellus vanellus","Charadriiformes","Charadriidae","Vanellus","vanellus",1
"Vanellus crassirostris","Charadriiformes","Charadriidae","Vanellus","crassirostris",NA
"Vanellus armatus","Charadriiformes","Charadriidae","Vanellus","armatus",0
"Vanellus spinosus","Charadriiformes","Charadriidae","Vanellus","spinosus",1
"Vanellus duvaucelii","Charadriiformes","Charadriidae","Vanellus","duvaucelii",NA
"Vanellus malabaricus","Charadriiformes","Charadriidae","Vanellus","malabaricus",NA
"Vanellus tectus","Charadriiformes","Charadriidae","Vanellus","tectus",1
"Vanellus albiceps","Charadriiformes","Charadriidae","Vanellus","albiceps",1
"Vanellus lugubris","Charadriiformes","Charadriidae","Vanellus","lugubris",1
"Vanellus melanopterus","Charadriiformes","Charadriidae","Vanellus","melanopterus",1
"Vanellus coronatus","Charadriiformes","Charadriidae","Vanellus","coronatus",1
"Vanellus senegallus","Charadriiformes","Charadriidae","Vanellus","senegallus",1
"Vanellus melanocephalus","Charadriiformes","Charadriidae","Vanellus","melanocephalus",NA
"Vanellus superciliosus","Charadriiformes","Charadriidae","Vanellus","superciliosus",NA
"Vanellus cinereus","Charadriiformes","Charadriidae","Vanellus","cinereus",NA
"Vanellus indicus","Charadriiformes","Charadriidae","Vanellus","indicus",0
"Vanellus macropterus","Charadriiformes","Charadriidae","Vanellus","macropterus",NA
"Vanellus tricolor","Charadriiformes","Charadriidae","Vanellus","tricolor",1
"Vanellus miles","Charadriiformes","Charadriidae","Vanellus","miles",1
NA,"Charadriiformes",NA,"Vanellus","novaehollandiae",NA
"Vanellus gregarius","Charadriiformes","Charadriidae","Vanellus","gregarius",1
"Vanellus leucurus","Charadriiformes","Charadriidae","Vanellus","leucurus",1
"Vanellus chilensis","Charadriiformes","Charadriidae","Vanellus","chilensis",1
"Vanellus resplendens","Charadriiformes","Charadriidae","Vanellus","resplendens",NA
"Erythrogonys cinctus","Charadriiformes","Charadriidae","Erythrogonys","cinctus",1
"Peltohyas australis","Charadriiformes","Charadriidae","Peltohyas","australis",1
"Anarhynchus asiaticus","Charadriiformes","Charadriidae","Charadrius","asiaticus",1
"Anarhynchus veredus","Charadriiformes","Charadriidae","Charadrius","veredus",0
"Anarhynchus atrifrons","Charadriiformes","Charadriidae","Charadrius","atrifrons",1
"Anarhynchus mongolus","Charadriiformes","Charadriidae","Charadrius","mongolus",1
"Anarhynchus leschenaultii","Charadriiformes","Charadriidae","Charadrius","leschenaultii",0
"Anarhynchus bicinctus","Charadriiformes","Charadriidae","Charadrius","bicinctus",0
"Anarhynchus frontalis","Charadriiformes","Charadriidae","Anarhynchus","frontalis",0
"Anarhynchus obscurus","Charadriiformes","Charadriidae","Charadrius","obscurus",0
NA,"Charadriiformes",NA,"Charadrius","aquilonius",0
"Anarhynchus wilsonia","Charadriiformes","Charadriidae","Charadrius","wilsonia",1
"Anarhynchus collaris","Charadriiformes","Charadriidae","Charadrius","collaris",1
"Anarhynchus montanus","Charadriiformes","Charadriidae","Charadrius","montanus",NA
"Anarhynchus alticola","Charadriiformes","Charadriidae","Charadrius","alticola",0
"Anarhynchus falklandicus","Charadriiformes","Charadriidae","Charadrius","falklandicus",0
"Anarhynchus thoracicus","Charadriiformes","Charadriidae","Charadrius","thoracicus",NA
"Anarhynchus pecuarius","Charadriiformes","Charadriidae","Charadrius","pecuarius",1
"Anarhynchus sanctaehelenae","Charadriiformes","Charadriidae","Charadrius","sanctaehelenae",0
"Anarhynchus ruficapillus","Charadriiformes","Charadriidae","Charadrius","ruficapillus",1
"Anarhynchus nivosus","Charadriiformes","Charadriidae","Charadrius","nivosus",1
"Anarhynchus pallidus","Charadriiformes","Charadriidae","Charadrius","pallidus",0
"Anarhynchus peronii","Charadriiformes","Charadriidae","Charadrius","peronii",1
"Anarhynchus marginatus","Charadriiformes","Charadriidae","Charadrius","marginatus",0
"Anarhynchus javanicus","Charadriiformes","Charadriidae","Charadrius","javanicus",NA
"Anarhynchus alexandrinus","Charadriiformes","Charadriidae","Charadrius","alexandrinus",0
"Anarhynchus dealbatus","Charadriiformes","Charadriidae","Charadrius","dealbatus",NA
"Pluvianus aegyptius","Charadriiformes","Pluvianidae","Pluvianus","aegyptius",0
"Rostratula benghalensis","Charadriiformes","Rostratulidae","Rostratula","benghalensis",NA
"Rostratula australis","Charadriiformes","Rostratulidae","Rostratula","australis",1
"Nycticryphes semicollaris","Charadriiformes","Rostratulidae","Nycticryphes","semicollaris",0
"Hydrophasianus chirurgus","Charadriiformes","Jacanidae","Hydrophasianus","chirurgus",NA
"Jacana spinosa","Charadriiformes","Jacanidae","Jacana","spinosa",NA
"Jacana jacana","Charadriiformes","Jacanidae","Jacana","jacana",NA
"Microparra capensis","Charadriiformes","Jacanidae","Microparra","capensis",NA
"Irediparra gallinacea","Charadriiformes","Jacanidae","Irediparra","gallinacea",NA
"Metopidius indicus","Charadriiformes","Jacanidae","Metopidius","indicus",NA
"Actophilornis africanus","Charadriiformes","Jacanidae","Actophilornis","africanus",NA
"Actophilornis albinucha","Charadriiformes","Jacanidae","Actophilornis","albinucha",NA
"Pedionomus torquatus","Charadriiformes","Pedionomidae","Pedionomus","torquatus",0
"Attagis gayi","Charadriiformes","Thinocoridae","Attagis","gayi",0
"Attagis malouinus","Charadriiformes","Thinocoridae","Attagis","malouinus",NA
"Thinocorus orbignyianus","Charadriiformes","Thinocoridae","Thinocorus","orbignyianus",0
"Thinocorus rumicivorus","Charadriiformes","Thinocoridae","Thinocorus","rumicivorus",0
"Bartramia longicauda","Charadriiformes","Scolopacidae","Bartramia","longicauda",1
"Numenius tahitiensis","Charadriiformes","Scolopacidae","Numenius","tahitiensis",NA
"Numenius phaeopus","Charadriiformes","Scolopacidae","Numenius","phaeopus",1
"Numenius hudsonicus","Charadriiformes","Scolopacidae","Numenius","hudsonicus",NA
"Numenius minutus","Charadriiformes","Scolopacidae","Numenius","minutus",1
"Numenius borealis","Charadriiformes","Scolopacidae","Numenius","borealis",1
"Numenius americanus","Charadriiformes","Scolopacidae","Numenius","americanus",NA
"Numenius madagascariensis","Charadriiformes","Scolopacidae","Numenius","madagascariensis",0
"Numenius tenuirostris","Charadriiformes","Scolopacidae","Numenius","tenuirostris",0
"Numenius arquata","Charadriiformes","Scolopacidae","Numenius","arquata",NA
"Limosa lapponica","Charadriiformes","Scolopacidae","Limosa","lapponica",1
"Limosa limosa","Charadriiformes","Scolopacidae","Limosa","limosa",0
"Limosa haemastica","Charadriiformes","Scolopacidae","Limosa","haemastica",1
"Limosa fedoa","Charadriiformes","Scolopacidae","Limosa","fedoa",1
"Limnodromus semipalmatus","Charadriiformes","Scolopacidae","Limnodromus","semipalmatus",0
"Limnodromus scolopaceus","Charadriiformes","Scolopacidae","Limnodromus","scolopaceus",NA
"Limnodromus griseus","Charadriiformes","Scolopacidae","Limnodromus","griseus",NA
"Lymnocryptes minimus","Charadriiformes","Scolopacidae","Lymnocryptes","minimus",NA
"Scolopax minor","Charadriiformes","Scolopacidae","Scolopax","minor",NA
"Scolopax rusticola","Charadriiformes","Scolopacidae","Scolopax","rusticola",NA
"Scolopax mira","Charadriiformes","Scolopacidae","Scolopax","mira",NA
"Scolopax bukidnonensis","Charadriiformes","Scolopacidae","Scolopax","bukidnonensis",NA
"Scolopax saturata","Charadriiformes","Scolopacidae","Scolopax","saturata",NA
"Scolopax rosenbergii","Charadriiformes","Scolopacidae","Scolopax","rosenbergii",NA
"Scolopax celebensis","Charadriiformes","Scolopacidae","Scolopax","celebensis",NA
"Scolopax rochussenii","Charadriiformes","Scolopacidae","Scolopax","rochussenii",NA
"Coenocorypha barrierensis","Charadriiformes","Scolopacidae","Coenocorypha","barrierensis",NA
"Coenocorypha iredalei","Charadriiformes","Scolopacidae","Coenocorypha","iredalei",NA
"Coenocorypha pusilla","Charadriiformes","Scolopacidae","Coenocorypha","pusilla",0
"Coenocorypha huegeli","Charadriiformes","Scolopacidae","Coenocorypha","huegeli",0
"Coenocorypha aucklandica","Charadriiformes","Scolopacidae","Coenocorypha","aucklandica",0
"Gallinago imperialis","Charadriiformes","Scolopacidae","Gallinago","imperialis",NA
"Gallinago jamesoni","Charadriiformes","Scolopacidae","Gallinago","jamesoni",NA
"Gallinago stricklandii","Charadriiformes","Scolopacidae","Gallinago","stricklandii",NA
"Gallinago solitaria","Charadriiformes","Scolopacidae","Gallinago","solitaria",NA
"Gallinago nemoricola","Charadriiformes","Scolopacidae","Gallinago","nemoricola",NA
"Gallinago media","Charadriiformes","Scolopacidae","Gallinago","media",0
"Gallinago megala","Charadriiformes","Scolopacidae","Gallinago","megala",0
"Gallinago stenura","Charadriiformes","Scolopacidae","Gallinago","stenura",NA
"Gallinago hardwickii","Charadriiformes","Scolopacidae","Gallinago","hardwickii",0
"Gallinago nigripennis","Charadriiformes","Scolopacidae","Gallinago","nigripennis",0
"Gallinago gallinago","Charadriiformes","Scolopacidae","Gallinago","gallinago",NA
"Gallinago delicata","Charadriiformes","Scolopacidae","Gallinago","delicata",NA
"Gallinago undulata","Charadriiformes","Scolopacidae","Gallinago","undulata",0
"Gallinago nobilis","Charadriiformes","Scolopacidae","Gallinago","nobilis",NA
"Gallinago andina","Charadriiformes","Scolopacidae","Gallinago","andina",NA
"Gallinago macrodactyla","Charadriiformes","Scolopacidae","Gallinago","macrodactyla",NA
"Gallinago paraguaiae","Charadriiformes","Scolopacidae","Gallinago","paraguaiae",0
"Gallinago magellanica","Charadriiformes","Scolopacidae","Gallinago","magellanica",NA
"Phalaropus tricolor","Charadriiformes","Scolopacidae","Steganopus","tricolor",NA
"Phalaropus fulicarius","Charadriiformes","Scolopacidae","Phalaropus","fulicarius",NA
"Phalaropus lobatus","Charadriiformes","Scolopacidae","Phalaropus","lobatus",1
"Xenus cinereus","Charadriiformes","Scolopacidae","Xenus","cinereus",1
"Actitis hypoleucos","Charadriiformes","Scolopacidae","Actitis","hypoleucos",0
"Actitis macularius","Charadriiformes","Scolopacidae","Actitis","macularius",0
"Tringa ochropus","Charadriiformes","Scolopacidae","Tringa","ochropus",NA
"Tringa solitaria","Charadriiformes","Scolopacidae","Tringa","solitaria",NA
"Tringa brevipes","Charadriiformes","Scolopacidae","Tringa","brevipes",NA
"Tringa incana","Charadriiformes","Scolopacidae","Tringa","incana",NA
"Tringa stagnatilis","Charadriiformes","Scolopacidae","Tringa","stagnatilis",1
"Tringa glareola","Charadriiformes","Scolopacidae","Tringa","glareola",0
"Tringa totanus","Charadriiformes","Scolopacidae","Tringa","totanus",1
"Tringa flavipes","Charadriiformes","Scolopacidae","Tringa","flavipes",NA
"Tringa guttifer","Charadriiformes","Scolopacidae","Tringa","guttifer",1
"Tringa semipalmata","Charadriiformes","Scolopacidae","Tringa","semipalmata",1
"Tringa erythropus","Charadriiformes","Scolopacidae","Tringa","erythropus",NA
"Tringa nebularia","Charadriiformes","Scolopacidae","Tringa","nebularia",NA
"Tringa melanoleuca","Charadriiformes","Scolopacidae","Tringa","melanoleuca",NA
"Prosobonia cancellata","Charadriiformes","Scolopacidae","Prosobonia","cancellata",NA
"Prosobonia leucoptera","Charadriiformes","Scolopacidae","Prosobonia","leucoptera",NA
"Prosobonia ellisi","Charadriiformes","Scolopacidae","Prosobonia","ellisi",NA
"Prosobonia parvirostris","Charadriiformes","Scolopacidae","Prosobonia","parvirostris",NA
"Arenaria interpres","Charadriiformes","Scolopacidae","Arenaria","interpres",1
"Arenaria melanocephala","Charadriiformes","Scolopacidae","Arenaria","melanocephala",1
"Calidris tenuirostris","Charadriiformes","Scolopacidae","Calidris","tenuirostris",NA
"Calidris canutus","Charadriiformes","Scolopacidae","Calidris","canutus",1
"Calidris virgata","Charadriiformes","Scolopacidae","Calidris","virgata",NA
"Calidris pugnax","Charadriiformes","Scolopacidae","Calidris","pugnax",1
"Calidris falcinellus","Charadriiformes","Scolopacidae","Calidris","falcinellus",1
"Calidris acuminata","Charadriiformes","Scolopacidae","Calidris","acuminata",NA
"Calidris himantopus","Charadriiformes","Scolopacidae","Calidris","himantopus",1
"Calidris ferruginea","Charadriiformes","Scolopacidae","Calidris","ferruginea",NA
"Calidris temminckii","Charadriiformes","Scolopacidae","Calidris","temminckii",NA
"Calidris subminuta","Charadriiformes","Scolopacidae","Calidris","subminuta",0
"Calidris ruficollis","Charadriiformes","Scolopacidae","Calidris","ruficollis",1
"Calidris pygmaea","Charadriiformes","Scolopacidae","Calidris","pygmaea",1
"Calidris subruficollis","Charadriiformes","Scolopacidae","Calidris","subruficollis",1
"Calidris alba","Charadriiformes","Scolopacidae","Calidris","alba",1
"Calidris alpina","Charadriiformes","Scolopacidae","Calidris","alpina",0
"Calidris maritima","Charadriiformes","Scolopacidae","Calidris","maritima",0
"Calidris ptilocnemis","Charadriiformes","Scolopacidae","Calidris","ptilocnemis",NA
"Calidris bairdii","Charadriiformes","Scolopacidae","Calidris","bairdii",1
"Calidris minuta","Charadriiformes","Scolopacidae","Calidris","minuta",1
"Calidris minutilla","Charadriiformes","Scolopacidae","Calidris","minutilla",NA
"Calidris fuscicollis","Charadriiformes","Scolopacidae","Calidris","fuscicollis",0
"Calidris melanotos","Charadriiformes","Scolopacidae","Calidris","melanotos",0
"Calidris mauri","Charadriiformes","Scolopacidae","Calidris","mauri",NA
"Calidris pusilla","Charadriiformes","Scolopacidae","Calidris","pusilla",1
"Dromas ardeola","Charadriiformes","Dromadidae","Dromas","ardeola",0
"Rhinoptilus africanus","Charadriiformes","Glareolidae","Smutsornis","africanus",NA
"Rhinoptilus chalcopterus","Charadriiformes","Glareolidae","Rhinoptilus","chalcopterus",NA
"Rhinoptilus cinctus","Charadriiformes","Glareolidae","Rhinoptilus","cinctus",NA
"Rhinoptilus bitorquatus","Charadriiformes","Glareolidae","Rhinoptilus","bitorquatus",NA
"Cursorius coromandelicus","Charadriiformes","Glareolidae","Cursorius","coromandelicus",1
"Cursorius temminckii","Charadriiformes","Glareolidae","Cursorius","temminckii",NA
"Cursorius rufus","Charadriiformes","Glareolidae","Cursorius","rufus",NA
"Cursorius cursor","Charadriiformes","Glareolidae","Cursorius","cursor",NA
"Cursorius somalensis","Charadriiformes","Glareolidae","Cursorius","somalensis",NA
"Stiltia isabella","Charadriiformes","Glareolidae","Stiltia","isabella",0
"Glareola nuchalis","Charadriiformes","Glareolidae","Glareola","nuchalis",0
"Glareola cinerea","Charadriiformes","Glareolidae","Glareola","cinerea",1
"Glareola lactea","Charadriiformes","Glareolidae","Glareola","lactea",0
"Glareola maldivarum","Charadriiformes","Glareolidae","Glareola","maldivarum",0
"Glareola nordmanni","Charadriiformes","Glareolidae","Glareola","nordmanni",1
"Glareola pratincola","Charadriiformes","Glareolidae","Glareola","pratincola",0
"Glareola ocularis","Charadriiformes","Glareolidae","Glareola","ocularis",0
"Rynchops flavirostris","Charadriiformes","Laridae","Rynchops","flavirostris",0
"Rynchops albicollis","Charadriiformes","Laridae","Rynchops","albicollis",0
"Rynchops niger","Charadriiformes","Laridae","Rynchops","niger",1
"Gygis alba","Charadriiformes","Laridae","Gygis","alba",0
NA,"Charadriiformes",NA,"Gygis","candida",0
NA,"Charadriiformes",NA,"Gygis","microrhyncha",NA
"Anous stolidus","Charadriiformes","Laridae","Anous","stolidus",1
"Anous tenuirostris","Charadriiformes","Laridae","Anous","tenuirostris",0
"Anous minutus","Charadriiformes","Laridae","Anous","minutus",0
"Anous albivitta","Charadriiformes","Laridae","Anous","albivittus",0
"Anous ceruleus","Charadriiformes","Laridae","Anous","ceruleus",0
"Onychoprion aleuticus","Charadriiformes","Laridae","Onychoprion","aleuticus",0
"Onychoprion fuscatus","Charadriiformes","Laridae","Onychoprion","fuscatus",0
"Onychoprion anaethetus","Charadriiformes","Laridae","Onychoprion","anaethetus",0
"Onychoprion lunatus","Charadriiformes","Laridae","Onychoprion","lunatus",0
"Sternula albifrons","Charadriiformes","Laridae","Sternula","albifrons",0
"Sternula saundersi","Charadriiformes","Laridae","Sternula","saundersi",0
"Sternula antillarum","Charadriiformes","Laridae","Sternula","antillarum",0
"Sternula superciliaris","Charadriiformes","Laridae","Sternula","superciliaris",0
"Sternula lorata","Charadriiformes","Laridae","Sternula","lorata",1
"Sternula nereis","Charadriiformes","Laridae","Sternula","nereis",0
"Sternula balaenarum","Charadriiformes","Laridae","Sternula","balaenarum",1
"Phaetusa simplex","Charadriiformes","Laridae","Phaetusa","simplex",1
"Gelochelidon nilotica","Charadriiformes","Laridae","Gelochelidon","nilotica",0
"Gelochelidon macrotarsa","Charadriiformes","Laridae","Gelochelidon","macrotarsa",0
"Hydroprogne caspia","Charadriiformes","Laridae","Hydroprogne","caspia",1
"Larosterna inca","Charadriiformes","Laridae","Larosterna","inca",1
"Chlidonias hybrida","Charadriiformes","Laridae","Chlidonias","hybrida",0
"Chlidonias albostriatus","Charadriiformes","Laridae","Chlidonias","albostriatus",0
"Chlidonias niger","Charadriiformes","Laridae","Chlidonias","niger",0
"Chlidonias leucopterus","Charadriiformes","Laridae","Chlidonias","leucopterus",0
"Sterna aurantia","Charadriiformes","Laridae","Sterna","aurantia",0
"Sterna forsteri","Charadriiformes","Laridae","Sterna","forsteri",1
"Sterna trudeaui","Charadriiformes","Laridae","Sterna","trudeaui",0
"Sterna paradisaea","Charadriiformes","Laridae","Sterna","paradisaea",0
"Sterna hirundinacea","Charadriiformes","Laridae","Sterna","hirundinacea",0
"Sterna vittata","Charadriiformes","Laridae","Sterna","vittata",1
"Sterna virgata","Charadriiformes","Laridae","Sterna","virgata",0
"Sterna hirundo","Charadriiformes","Laridae","Sterna","hirundo",0
"Sterna repressa","Charadriiformes","Laridae","Sterna","repressa",0
"Sterna sumatrana","Charadriiformes","Laridae","Sterna","sumatrana",0
"Sterna dougallii","Charadriiformes","Laridae","Sterna","dougallii",0
"Sterna striata","Charadriiformes","Laridae","Sterna","striata",0
"Sterna acuticauda","Charadriiformes","Laridae","Sterna","acuticauda",1
"Thalasseus sandvicensis","Charadriiformes","Laridae","Thalasseus","sandvicensis",0
"Thalasseus acuflavidus","Charadriiformes","Laridae","Thalasseus","acuflavidus",0
"Thalasseus elegans","Charadriiformes","Laridae","Thalasseus","elegans",0
"Thalasseus bengalensis","Charadriiformes","Laridae","Thalasseus","bengalensis",0
"Thalasseus albididorsalis","Charadriiformes","Laridae","Thalasseus","albididorsalis",1
"Thalasseus maximus","Charadriiformes","Laridae","Thalasseus","maximus",1
"Thalasseus bergii","Charadriiformes","Laridae","Thalasseus","bergii",0
"Thalasseus bernsteini","Charadriiformes","Laridae","Thalasseus","bernsteini",NA
"Creagrus furcatus","Charadriiformes","Laridae","Creagrus","furcatus",0
"Hydrocoloeus minutus","Charadriiformes","Laridae","Hydrocoloeus","minutus",0
"Rhodostethia rosea","Charadriiformes","Laridae","Rhodostethia","rosea",0
"Rissa tridactyla","Charadriiformes","Laridae","Rissa","tridactyla",0
"Rissa brevirostris","Charadriiformes","Laridae","Rissa","brevirostris",0
"Pagophila eburnea","Charadriiformes","Laridae","Pagophila","eburnea",0
"Xema sabini","Charadriiformes","Laridae","Xema","sabini",0
"Saundersilarus saundersi","Charadriiformes","Laridae","Saundersilarus","saundersi",0
"Chroicocephalus genei","Charadriiformes","Laridae","Larus","genei",0
"Chroicocephalus philadelphia","Charadriiformes","Laridae","Larus","philadelphia",1
"Chroicocephalus novaehollandiae","Charadriiformes","Laridae","Larus","novaehollandiae",0
"Chroicocephalus bulleri","Charadriiformes","Laridae","Larus","bulleri",0
"Chroicocephalus serranus","Charadriiformes","Laridae","Larus","serranus",0
"Chroicocephalus maculipennis","Charadriiformes","Laridae","Larus","maculipennis",0
"Chroicocephalus ridibundus","Charadriiformes","Laridae","Larus","ridibundus",0
"Chroicocephalus brunnicephalus","Charadriiformes","Laridae","Larus","brunnicephalus",0
"Chroicocephalus cirrocephalus","Charadriiformes","Laridae","Larus","cirrocephalus",0
"Chroicocephalus hartlaubii","Charadriiformes","Laridae","Larus","hartlaubii",0
"Leucophaeus modestus","Charadriiformes","Laridae","Larus","modestus",0
"Leucophaeus scoresbii","Charadriiformes","Laridae","Larus","scoresbii",0
"Leucophaeus atricilla","Charadriiformes","Laridae","Larus","atricilla",0
"Leucophaeus pipixcan","Charadriiformes","Laridae","Larus","pipixcan",0
"Leucophaeus fuliginosus","Charadriiformes","Laridae","Larus","fuliginosus",0
"Ichthyaetus ichthyaetus","Charadriiformes","Laridae","Larus","ichthyaetus",0
"Ichthyaetus relictus","Charadriiformes","Laridae","Larus","relictus",0
"Ichthyaetus audouinii","Charadriiformes","Laridae","Larus","audouinii",0
"Ichthyaetus melanocephalus","Charadriiformes","Laridae","Larus","melanocephalus",1
"Ichthyaetus hemprichii","Charadriiformes","Laridae","Larus","hemprichii",0
"Ichthyaetus leucophthalmus","Charadriiformes","Laridae","Larus","leucophthalmus",1
"Larus pacificus","Charadriiformes","Laridae","Larus","pacificus",0
"Larus belcheri","Charadriiformes","Laridae","Larus","belcheri",0
"Larus crassirostris","Charadriiformes","Laridae","Larus","crassirostris",0
"Larus atlanticus","Charadriiformes","Laridae","Larus","atlanticus",0
"Larus heermanni","Charadriiformes","Laridae","Larus","heermanni",0
"Larus canus","Charadriiformes","Laridae","Larus","canus",1
"Larus brachyrhynchus","Charadriiformes","Laridae","Larus","brachyrhynchus",0
"Larus delawarensis","Charadriiformes","Laridae","Larus","delawarensis",0
"Larus livens","Charadriiformes","Laridae","Larus","livens",0
"Larus occidentalis","Charadriiformes","Laridae","Larus","occidentalis",NA
"Larus cachinnans","Charadriiformes","Laridae","Larus","cachinnans",0
"Larus dominicanus","Charadriiformes","Laridae","Larus","dominicanus",0
"Larus argentatus","Charadriiformes","Laridae","Larus","argentatus",0
"Larus vegae","Charadriiformes","Laridae","Larus","vegae",NA
"Larus mongolicus","Charadriiformes","Laridae","Larus","mongolicus",NA
"Larus michahellis","Charadriiformes","Laridae","Larus","michahellis",0
"Larus armenicus","Charadriiformes","Laridae","Larus","armenicus",0
"Larus marinus","Charadriiformes","Laridae","Larus","marinus",0
"Larus hyperboreus","Charadriiformes","Laridae","Larus","hyperboreus",0
"Larus fuscus","Charadriiformes","Laridae","Larus","fuscus",0
"Larus californicus","Charadriiformes","Laridae","Larus","californicus",0
"Larus smithsonianus","Charadriiformes","Laridae","Larus","smithsonianus",0
"Larus glaucescens","Charadriiformes","Laridae","Larus","glaucescens",0
"Larus schistisagus","Charadriiformes","Laridae","Larus","schistisagus",0
"Larus glaucoides","Charadriiformes","Laridae","Larus","glaucoides",0
"Stercorarius longicaudus","Charadriiformes","Stercorariidae","Stercorarius","longicaudus",NA
"Stercorarius parasiticus","Charadriiformes","Stercorariidae","Stercorarius","parasiticus",0
"Stercorarius pomarinus","Charadriiformes","Stercorariidae","Stercorarius","pomarinus",1
"Stercorarius skua","Charadriiformes","Stercorariidae","Catharacta","skua",1
"Stercorarius chilensis","Charadriiformes","Stercorariidae","Catharacta","chilensis",0
"Stercorarius antarcticus","Charadriiformes","Stercorariidae","Catharacta","antarctica",0
"Stercorarius maccormicki","Charadriiformes","Stercorariidae","Catharacta","maccormicki",1
"Cerorhinca monocerata","Charadriiformes","Alcidae","Cerorhinca","monocerata",0
"Fratercula cirrhata","Charadriiformes","Alcidae","Fratercula","cirrhata",0
"Fratercula arctica","Charadriiformes","Alcidae","Fratercula","arctica",0
"Fratercula corniculata","Charadriiformes","Alcidae","Fratercula","corniculata",0
"Ptychoramphus aleuticus","Charadriiformes","Alcidae","Ptychoramphus","aleuticus",0
"Aethia pusilla","Charadriiformes","Alcidae","Aethia","pusilla",0
"Aethia pygmaea","Charadriiformes","Alcidae","Aethia","pygmaea",0
"Aethia cristatella","Charadriiformes","Alcidae","Aethia","cristatella",0
"Aethia psittacula","Charadriiformes","Alcidae","Aethia","psittacula",0
"Brachyramphus perdix","Charadriiformes","Alcidae","Brachyramphus","perdix",NA
"Brachyramphus brevirostris","Charadriiformes","Alcidae","Brachyramphus","brevirostris",0
"Brachyramphus marmoratus","Charadriiformes","Alcidae","Brachyramphus","marmoratus",0
"Cepphus grylle","Charadriiformes","Alcidae","Cepphus","grylle",0
"Cepphus carbo","Charadriiformes","Alcidae","Cepphus","carbo",0
"Cepphus columba","Charadriiformes","Alcidae","Cepphus","columba",0
"Alca torda","Charadriiformes","Alcidae","Alca","torda",0
"Pinguinus impennis","Charadriiformes","Alcidae","Pinguinus","impennis",0
"Alle alle","Charadriiformes","Alcidae","Alle","alle",0
"Uria lomvia","Charadriiformes","Alcidae","Uria","lomvia",0
"Uria aalge","Charadriiformes","Alcidae","Uria","aalge",0
"Synthliboramphus antiquus","Charadriiformes","Alcidae","Synthliboramphus","antiquus",0
"Synthliboramphus wumizusume","Charadriiformes","Alcidae","Synthliboramphus","wumizusume",1
"Synthliboramphus scrippsi","Charadriiformes","Alcidae","Synthliboramphus","scrippsi",0
"Synthliboramphus hypoleucus","Charadriiformes","Alcidae","Synthliboramphus","hypoleucus",0
"Synthliboramphus craveri","Charadriiformes","Alcidae","Synthliboramphus","craveri",0
"Rhynochetos jubatus","Eurypygiformes","Rhynochetidae","Rhynochetos","jubatus",0
"Eurypyga helias","Eurypygiformes","Eurypygidae","Eurypyga","helias",0
"Phaethon aethereus","Phaethontiformes","Phaethontidae","Phaethon","aethereus",0
"Phaethon rubricauda","Phaethontiformes","Phaethontidae","Phaethon","rubricauda",0
"Phaethon lepturus","Phaethontiformes","Phaethontidae","Phaethon","lepturus",0
"Gavia stellata","Gaviiformes","Gaviidae","Gavia","stellata",1
"Gavia arctica","Gaviiformes","Gaviidae","Gavia","arctica",0
"Gavia pacifica","Gaviiformes","Gaviidae","Gavia","pacifica",0
"Gavia immer","Gaviiformes","Gaviidae","Gavia","immer",0
"Gavia adamsii","Gaviiformes","Gaviidae","Gavia","adamsii",0
"Aptenodytes patagonicus","Sphenisciformes","Spheniscidae","Aptenodytes","patagonicus",0
"Aptenodytes forsteri","Sphenisciformes","Spheniscidae","Aptenodytes","forsteri",0
"Pygoscelis adeliae","Sphenisciformes","Spheniscidae","Pygoscelis","adeliae",0
"Pygoscelis antarcticus","Sphenisciformes","Spheniscidae","Pygoscelis","antarcticus",0
"Pygoscelis papua","Sphenisciformes","Spheniscidae","Pygoscelis","papua",0
"Eudyptula minor","Sphenisciformes","Spheniscidae","Eudyptula","minor",0
"Spheniscus mendiculus","Sphenisciformes","Spheniscidae","Spheniscus","mendiculus",0
"Spheniscus humboldti","Sphenisciformes","Spheniscidae","Spheniscus","humboldti",0
"Spheniscus magellanicus","Sphenisciformes","Spheniscidae","Spheniscus","magellanicus",0
"Spheniscus demersus","Sphenisciformes","Spheniscidae","Spheniscus","demersus",0
"Megadyptes antipodes","Sphenisciformes","Spheniscidae","Megadyptes","antipodes",1
"Eudyptes chrysolophus","Sphenisciformes","Spheniscidae","Eudyptes","chrysolophus",0
"Eudyptes schlegeli","Sphenisciformes","Spheniscidae","Eudyptes","schlegeli",0
"Eudyptes moseleyi","Sphenisciformes","Spheniscidae","Eudyptes","moseleyi",0
"Eudyptes filholi","Sphenisciformes","Spheniscidae","Eudyptes","filholi",0
"Eudyptes chrysocome","Sphenisciformes","Spheniscidae","Eudyptes","chrysocome",0
"Eudyptes pachyrhynchus","Sphenisciformes","Spheniscidae","Eudyptes","pachyrhynchus",0
"Eudyptes robustus","Sphenisciformes","Spheniscidae","Eudyptes","robustus",0
"Eudyptes sclateri","Sphenisciformes","Spheniscidae","Eudyptes","sclateri",0
"Oceanites oceanicus","Procellariiformes","Oceanitidae","Oceanites","oceanicus",0
"Oceanites gracilis","Procellariiformes","Oceanitidae","Oceanites","gracilis",0
"Oceanites pincoyae","Procellariiformes","Oceanitidae","Oceanites","pincoyae",0
"Garrodia nereis","Procellariiformes","Oceanitidae","Garrodia","nereis",0
"Pelagodroma marina","Procellariiformes","Oceanitidae","Pelagodroma","marina",1
"Fregetta grallaria","Procellariiformes","Oceanitidae","Fregetta","grallaria",0
"Fregetta tropica","Procellariiformes","Oceanitidae","Fregetta","tropica",0
"Fregetta lineata","Procellariiformes","Oceanitidae","Fregetta","lineata",1
"Fregetta maoriana","Procellariiformes","Oceanitidae","Fregetta","maoriana",0
"Nesofregetta fuliginosa","Procellariiformes","Oceanitidae","Nesofregetta","fuliginosa",0
"Diomedea sanfordi","Procellariiformes","Diomedeidae","Diomedea","sanfordi",0
"Diomedea epomophora","Procellariiformes","Diomedeidae","Diomedea","epomophora",0
"Diomedea exulans","Procellariiformes","Diomedeidae","Diomedea","exulans",0
"Diomedea dabbenena","Procellariiformes","Diomedeidae","Diomedea","dabbenena",0
"Diomedea antipodensis","Procellariiformes","Diomedeidae","Diomedea","antipodensis",0
"Diomedea amsterdamensis","Procellariiformes","Diomedeidae","Diomedea","amsterdamensis",NA
"Phoebastria irrorata","Procellariiformes","Diomedeidae","Phoebastria","irrorata",0
"Phoebastria immutabilis","Procellariiformes","Diomedeidae","Phoebastria","immutabilis",0
"Phoebastria nigripes","Procellariiformes","Diomedeidae","Phoebastria","nigripes",0
"Phoebastria albatrus","Procellariiformes","Diomedeidae","Phoebastria","albatrus",0
"Phoebetria fusca","Procellariiformes","Diomedeidae","Phoebetria","fusca",0
"Phoebetria palpebrata","Procellariiformes","Diomedeidae","Phoebetria","palpebrata",0
"Thalassarche chlororhynchos","Procellariiformes","Diomedeidae","Thalassarche","chlororhynchos",0
"Thalassarche carteri","Procellariiformes","Diomedeidae","Thalassarche","carteri",0
"Thalassarche chrysostoma","Procellariiformes","Diomedeidae","Thalassarche","chrysostoma",0
"Thalassarche bulleri","Procellariiformes","Diomedeidae","Thalassarche","bulleri",0
"Thalassarche cauta","Procellariiformes","Diomedeidae","Thalassarche","cauta",0
NA,"Procellariiformes",NA,"Thalassarche","steadi",0
"Thalassarche salvini","Procellariiformes","Diomedeidae","Thalassarche","salvini",0
"Thalassarche eremita","Procellariiformes","Diomedeidae","Thalassarche","eremita",0
"Thalassarche melanophris","Procellariiformes","Diomedeidae","Thalassarche","melanophris",0
"Thalassarche impavida","Procellariiformes","Diomedeidae","Thalassarche","impavida",0
"Hydrobates pelagicus","Procellariiformes","Hydrobatidae","Hydrobates","pelagicus",0
"Hydrobates furcatus","Procellariiformes","Hydrobatidae","Hydrobates","furcatus",0
"Hydrobates hornbyi","Procellariiformes","Hydrobatidae","Hydrobates","hornbyi",1
"Hydrobates monorhis","Procellariiformes","Hydrobatidae","Hydrobates","monorhis",0
"Hydrobates matsudairae","Procellariiformes","Hydrobatidae","Hydrobates","matsudairae",0
"Hydrobates leucorhous","Procellariiformes","Hydrobatidae","Hydrobates","leucorhous",0
"Hydrobates socorroensis","Procellariiformes","Hydrobatidae","Hydrobates","socorroensis",0
"Hydrobates cheimomnestes","Procellariiformes","Hydrobatidae","Hydrobates","cheimomnestes",0
"Hydrobates homochroa","Procellariiformes","Hydrobatidae","Hydrobates","homochroa",0
"Hydrobates castro","Procellariiformes","Hydrobatidae","Hydrobates","castro",0
"Hydrobates monteiroi","Procellariiformes","Hydrobatidae","Hydrobates","monteiroi",NA
"Hydrobates jabejabe","Procellariiformes","Hydrobatidae","Hydrobates","jabejabe",0
"Hydrobates tethys","Procellariiformes","Hydrobatidae","Hydrobates","tethys",0
"Hydrobates melania","Procellariiformes","Hydrobatidae","Hydrobates","melania",0
"Hydrobates macrodactylus","Procellariiformes","Hydrobatidae","Hydrobates","macrodactylus",NA
"Hydrobates markhami","Procellariiformes","Hydrobatidae","Hydrobates","markhami",0
"Hydrobates tristrami","Procellariiformes","Hydrobatidae","Hydrobates","tristrami",0
"Hydrobates microsoma","Procellariiformes","Hydrobatidae","Hydrobates","microsoma",0
"Macronectes giganteus","Procellariiformes","Procellariidae","Macronectes","giganteus",0
"Macronectes halli","Procellariiformes","Procellariidae","Macronectes","halli",0
"Fulmarus glacialis","Procellariiformes","Procellariidae","Fulmarus","glacialis",0
"Fulmarus glacialoides","Procellariiformes","Procellariidae","Fulmarus","glacialoides",0
"Thalassoica antarctica","Procellariiformes","Procellariidae","Thalassoica","antarctica",0
"Daption capense","Procellariiformes","Procellariidae","Daption","capense",0
"Pagodroma nivea","Procellariiformes","Procellariidae","Pagodroma","nivea",0
"Halobaena caerulea","Procellariiformes","Procellariidae","Halobaena","caerulea",0
"Pachyptila vittata","Procellariiformes","Procellariidae","Pachyptila","vittata",0
"Pachyptila salvini","Procellariiformes","Procellariidae","Pachyptila","salvini",0
"Pachyptila macgillivrayi","Procellariiformes","Procellariidae","Pachyptila","macgillivrayi",0
"Pachyptila desolata","Procellariiformes","Procellariidae","Pachyptila","desolata",0
"Pachyptila belcheri","Procellariiformes","Procellariidae","Pachyptila","belcheri",0
"Pachyptila turtur","Procellariiformes","Procellariidae","Pachyptila","turtur",0
"Pachyptila crassirostris","Procellariiformes","Procellariidae","Pachyptila","crassirostris",0
"Aphrodroma brevirostris","Procellariiformes","Procellariidae","Aphrodroma","brevirostris",0
"Pterodroma macroptera","Procellariiformes","Procellariidae","Pterodroma","macroptera",0
"Pterodroma lessonii","Procellariiformes","Procellariidae","Pterodroma","lessonii",1
"Pterodroma gouldi","Procellariiformes","Procellariidae","Pterodroma","gouldi",0
"Pterodroma incerta","Procellariiformes","Procellariidae","Pterodroma","incerta",0
"Pterodroma solandri","Procellariiformes","Procellariidae","Pterodroma","solandri",0
"Pterodroma magentae","Procellariiformes","Procellariidae","Pterodroma","magentae",0
"Pterodroma ultima","Procellariiformes","Procellariidae","Pterodroma","ultima",0
"Pterodroma mollis","Procellariiformes","Procellariidae","Pterodroma","mollis",0
"Pterodroma madeira","Procellariiformes","Procellariidae","Pterodroma","madeira",0
"Pterodroma feae","Procellariiformes","Procellariidae","Pterodroma","feae",0
"Pterodroma deserta","Procellariiformes","Procellariidae","Pterodroma","deserta",NA
"Pterodroma cahow","Procellariiformes","Procellariidae","Pterodroma","cahow",0
"Pterodroma hasitata","Procellariiformes","Procellariidae","Pterodroma","hasitata",1
"Pterodroma caribbaea","Procellariiformes","Procellariidae","Pterodroma","caribbaea",NA
"Pterodroma externa","Procellariiformes","Procellariidae","Pterodroma","externa",0
"Pterodroma occulta","Procellariiformes","Procellariidae","Pterodroma","occulta",NA
"Pterodroma neglecta","Procellariiformes","Procellariidae","Pterodroma","neglecta",0
"Pterodroma heraldica","Procellariiformes","Procellariidae","Pterodroma","heraldica",0
"Pterodroma arminjoniana","Procellariiformes","Procellariidae","Pterodroma","arminjoniana",0
"Pterodroma atrata","Procellariiformes","Procellariidae","Pterodroma","atrata",0
"Pterodroma alba","Procellariiformes","Procellariidae","Pterodroma","alba",0
"Pterodroma baraui","Procellariiformes","Procellariidae","Pterodroma","baraui",0
"Pterodroma sandwichensis","Procellariiformes","Procellariidae","Pterodroma","sandwichensis",0
"Pterodroma phaeopygia","Procellariiformes","Procellariidae","Pterodroma","phaeopygia",0
"Pterodroma inexpectata","Procellariiformes","Procellariidae","Pterodroma","inexpectata",0
"Pterodroma cervicalis","Procellariiformes","Procellariidae","Pterodroma","cervicalis",0
"Pterodroma nigripennis","Procellariiformes","Procellariidae","Pterodroma","nigripennis",0
"Pterodroma axillaris","Procellariiformes","Procellariidae","Pterodroma","axillaris",0
"Pterodroma hypoleuca","Procellariiformes","Procellariidae","Pterodroma","hypoleuca",0
"Pterodroma leucoptera","Procellariiformes","Procellariidae","Pterodroma","leucoptera",0
"Pterodroma brevipes","Procellariiformes","Procellariidae","Pterodroma","brevipes",1
"Pterodroma cookii","Procellariiformes","Procellariidae","Pterodroma","cookii",0
"Pterodroma defilippiana","Procellariiformes","Procellariidae","Pterodroma","defilippiana",0
"Pterodroma longirostris","Procellariiformes","Procellariidae","Pterodroma","longirostris",0
"Pterodroma pycrofti","Procellariiformes","Procellariidae","Pterodroma","pycrofti",0
"Pseudobulweria aterrima","Procellariiformes","Procellariidae","Pseudobulweria","aterrima",0
"Pseudobulweria rupinarum","Procellariiformes","Procellariidae","Pterodroma","rupinarum",NA
"Pseudobulweria rostrata","Procellariiformes","Procellariidae","Pseudobulweria","rostrata",0
"Pseudobulweria becki","Procellariiformes","Procellariidae","Pseudobulweria","becki",0
"Pseudobulweria macgillivrayi","Procellariiformes","Procellariidae","Pseudobulweria","macgillivrayi",NA
"Procellaria cinerea","Procellariiformes","Procellariidae","Procellaria","cinerea",0
"Procellaria aequinoctialis","Procellariiformes","Procellariidae","Procellaria","aequinoctialis",0
"Procellaria conspicillata","Procellariiformes","Procellariidae","Procellaria","conspicillata",0
"Procellaria parkinsoni","Procellariiformes","Procellariidae","Procellaria","parkinsoni",0
"Procellaria westlandica","Procellariiformes","Procellariidae","Procellaria","westlandica",0
"Calonectris leucomelas","Procellariiformes","Procellariidae","Calonectris","leucomelas",0
"Calonectris borealis","Procellariiformes","Procellariidae","Calonectris","borealis",0
"Calonectris diomedea","Procellariiformes","Procellariidae","Calonectris","diomedea",0
"Calonectris edwardsii","Procellariiformes","Procellariidae","Calonectris","edwardsii",0
"Ardenna pacifica","Procellariiformes","Procellariidae","Ardenna","pacifica",0
"Ardenna bulleri","Procellariiformes","Procellariidae","Ardenna","bulleri",0
"Ardenna grisea","Procellariiformes","Procellariidae","Ardenna","grisea",0
"Ardenna tenuirostris","Procellariiformes","Procellariidae","Ardenna","tenuirostris",0
"Ardenna creatopus","Procellariiformes","Procellariidae","Ardenna","creatopus",1
"Ardenna carneipes","Procellariiformes","Procellariidae","Ardenna","carneipes",0
"Ardenna gravis","Procellariiformes","Procellariidae","Ardenna","gravis",0
"Puffinus nativitatis","Procellariiformes","Procellariidae","Puffinus","nativitatis",0
"Puffinus puffinus","Procellariiformes","Procellariidae","Puffinus","puffinus",0
"Puffinus yelkouan","Procellariiformes","Procellariidae","Puffinus","yelkouan",0
"Puffinus mauretanicus","Procellariiformes","Procellariidae","Puffinus","mauretanicus",NA
"Puffinus bryani","Procellariiformes","Procellariidae","Puffinus","bryani",NA
"Puffinus opisthomelas","Procellariiformes","Procellariidae","Puffinus","opisthomelas",1
"Puffinus auricularis","Procellariiformes","Procellariidae","Puffinus","auricularis",0
"Puffinus newelli","Procellariiformes","Procellariidae","Puffinus","newelli",0
"Puffinus myrtae","Procellariiformes","Procellariidae","Puffinus","myrtae",0
"Puffinus gavia","Procellariiformes","Procellariidae","Puffinus","gavia",0
"Puffinus huttoni","Procellariiformes","Procellariidae","Puffinus","huttoni",0
"Puffinus lherminieri","Procellariiformes","Procellariidae","Puffinus","lherminieri",0
"Puffinus persicus","Procellariiformes","Procellariidae","Puffinus","persicus",NA
"Puffinus bailloni","Procellariiformes","Procellariidae","Puffinus","bailloni",0
"Puffinus subalaris","Procellariiformes","Procellariidae","Puffinus","subalaris",0
"Puffinus bannermani","Procellariiformes","Procellariidae","Puffinus","bannermani",NA
"Puffinus heinrothi","Procellariiformes","Procellariidae","Puffinus","heinrothi",NA
"Puffinus assimilis","Procellariiformes","Procellariidae","Puffinus","assimilis",0
"Puffinus elegans","Procellariiformes","Procellariidae","Puffinus","elegans",0
"Puffinus baroli","Procellariiformes","Procellariidae","Puffinus","baroli",0
"Puffinus boydi","Procellariiformes","Procellariidae","Puffinus","boydi",0
"Pelecanoides garnotii","Procellariiformes","Procellariidae","Pelecanoides","garnotii",1
"Pelecanoides magellani","Procellariiformes","Procellariidae","Pelecanoides","magellani",0
"Pelecanoides georgicus","Procellariiformes","Procellariidae","Pelecanoides","georgicus",0
NA,"Procellariiformes",NA,"Pelecanoides","whenuahouensis",0
"Pelecanoides urinatrix","Procellariiformes","Procellariidae","Pelecanoides","urinatrix",0
"Bulweria bulwerii","Procellariiformes","Procellariidae","Bulweria","bulwerii",0
"Bulweria bifax","Procellariiformes","Procellariidae","Bulweria","bifax",NA
"Bulweria fallax","Procellariiformes","Procellariidae","Bulweria","fallax",0
"Anastomus lamelligerus","Ciconiiformes","Ciconiidae","Anastomus","lamelligerus",0
"Anastomus oscitans","Ciconiiformes","Ciconiidae","Anastomus","oscitans",0
"Leptoptilos crumenifer","Ciconiiformes","Ciconiidae","Leptoptilos","crumenifer",0
"Leptoptilos javanicus","Ciconiiformes","Ciconiidae","Leptoptilos","javanicus",0
"Leptoptilos dubius","Ciconiiformes","Ciconiidae","Leptoptilos","dubius",0
"Mycteria americana","Ciconiiformes","Ciconiidae","Mycteria","americana",0
"Mycteria ibis","Ciconiiformes","Ciconiidae","Mycteria","ibis",0
"Mycteria leucocephala","Ciconiiformes","Ciconiidae","Mycteria","leucocephala",0
"Mycteria cinerea","Ciconiiformes","Ciconiidae","Mycteria","cinerea",0
"Jabiru mycteria","Ciconiiformes","Ciconiidae","Jabiru","mycteria",0
"Ephippiorhynchus senegalensis","Ciconiiformes","Ciconiidae","Ephippiorhynchus","senegalensis",0
"Ephippiorhynchus asiaticus","Ciconiiformes","Ciconiidae","Ephippiorhynchus","asiaticus",0
"Ciconia abdimii","Ciconiiformes","Ciconiidae","Ciconia","abdimii",0
"Ciconia microscelis","Ciconiiformes","Ciconiidae","Ciconia","microscelis",0
"Ciconia episcopus","Ciconiiformes","Ciconiidae","Ciconia","episcopus",0
"Ciconia stormi","Ciconiiformes","Ciconiidae","Ciconia","stormi",0
"Ciconia nigra","Ciconiiformes","Ciconiidae","Ciconia","nigra",1
"Ciconia maguari","Ciconiiformes","Ciconiidae","Ciconia","maguari",0
"Ciconia ciconia","Ciconiiformes","Ciconiidae","Ciconia","ciconia",0
"Ciconia boyciana","Ciconiiformes","Ciconiidae","Ciconia","boyciana",0
"Fregata aquila","Pelecaniformes","Fregatidae","Fregata","aquila",0
"Fregata magnificens","Pelecaniformes","Fregatidae","Fregata","magnificens",0
"Fregata ariel","Pelecaniformes","Fregatidae","Fregata","ariel",0
"Fregata minor","Pelecaniformes","Fregatidae","Fregata","minor",0
"Fregata andrewsi","Pelecaniformes","Fregatidae","Fregata","andrewsi",0
"Papasula abbotti","Pelecaniformes","Sulidae","Papasula","abbotti",0
"Morus bassanus","Pelecaniformes","Sulidae","Morus","bassanus",1
"Morus capensis","Pelecaniformes","Sulidae","Morus","capensis",0
"Morus serrator","Pelecaniformes","Sulidae","Morus","serrator",0
"Sula sula","Pelecaniformes","Sulidae","Sula","sula",0
"Sula leucogaster","Pelecaniformes","Sulidae","Sula","leucogaster",0
"Sula brewsteri","Pelecaniformes","Sulidae","Sula","brewsteri",0
"Sula dactylatra","Pelecaniformes","Sulidae","Sula","dactylatra",0
"Sula granti","Pelecaniformes","Sulidae","Sula","granti",0
"Sula nebouxii","Pelecaniformes","Sulidae","Sula","nebouxii",0
"Sula variegata","Pelecaniformes","Sulidae","Sula","variegata",0
"Anhinga anhinga","Pelecaniformes","Anhingidae","Anhinga","anhinga",0
"Anhinga novaehollandiae","Pelecaniformes","Anhingidae","Anhinga","novaehollandiae",0
"Anhinga melanogaster","Pelecaniformes","Anhingidae","Anhinga","melanogaster",0
"Anhinga rufa","Pelecaniformes","Anhingidae","Anhinga","rufa",0
"Microcarbo pygmaeus","Suliformes","Phalacrocoracidae","Microcarbo","pygmaeus",0
"Microcarbo africanus","Pelecaniformes","Phalacrocoracidae","Microcarbo","africanus",0
"Microcarbo coronatus","Pelecaniformes","Phalacrocoracidae","Microcarbo","coronatus",1
"Microcarbo niger","Pelecaniformes","Phalacrocoracidae","Microcarbo","niger",0
"Microcarbo melanoleucos","Pelecaniformes","Phalacrocoracidae","Microcarbo","melanoleucos",0
"Poikilocarbo gaimardi","Pelecaniformes","Phalacrocoracidae","Poikilocarbo","gaimardi",0
"Urile penicillatus","Pelecaniformes","Phalacrocoracidae","Urile","penicillatus",0
"Urile urile","Pelecaniformes","Phalacrocoracidae","Urile","urile",0
"Urile pelagicus","Pelecaniformes","Phalacrocoracidae","Urile","pelagicus",0
"Urile perspicillatus","Pelecaniformes","Phalacrocoracidae","Urile","perspicillatus",NA
"Phalacrocorax neglectus","Pelecaniformes","Phalacrocoracidae","Phalacrocorax","neglectus",0
"Phalacrocorax nigrogularis","Pelecaniformes","Phalacrocoracidae","Phalacrocorax","nigrogularis",0
"Phalacrocorax featherstoni","Pelecaniformes","Phalacrocoracidae","Phalacrocorax","featherstoni",NA
"Phalacrocorax punctatus","Pelecaniformes","Phalacrocoracidae","Phalacrocorax","punctatus",0
"Phalacrocorax fuscescens","Pelecaniformes","Phalacrocoracidae","Phalacrocorax","fuscescens",0
"Phalacrocorax varius","Pelecaniformes","Phalacrocoracidae","Phalacrocorax","varius",0
"Phalacrocorax sulcirostris","Pelecaniformes","Phalacrocoracidae","Phalacrocorax","sulcirostris",0
"Phalacrocorax fuscicollis","Pelecaniformes","Phalacrocoracidae","Phalacrocorax","fuscicollis",0
"Phalacrocorax capensis","Pelecaniformes","Phalacrocoracidae","Phalacrocorax","capensis",0
"Phalacrocorax capillatus","Pelecaniformes","Phalacrocoracidae","Phalacrocorax","capillatus",0
"Phalacrocorax carbo","Suliformes","Phalacrocoracidae","Phalacrocorax","carbo",0
"Gulosus aristotelis","Suliformes","Phalacrocoracidae","Gulosus","aristotelis",0
"Nannopterum harrisi","Pelecaniformes","Phalacrocoracidae","Nannopterum","harrisi",0
"Nannopterum brasilianum","Pelecaniformes","Phalacrocoracidae","Nannopterum","brasilianum",0
"Nannopterum auritum","Pelecaniformes","Phalacrocoracidae","Nannopterum","auritum",0
"Leucocarbo magellanicus","Pelecaniformes","Phalacrocoracidae","Leucocarbo","magellanicus",0
"Leucocarbo bougainvilliorum","Pelecaniformes","Phalacrocoracidae","Leucocarbo","bougainvilliorum",0
"Leucocarbo ranfurlyi","Pelecaniformes","Phalacrocoracidae","Leucocarbo","ranfurlyi",0
"Leucocarbo carunculatus","Pelecaniformes","Phalacrocoracidae","Leucocarbo","carunculatus",0
"Leucocarbo onslowi","Pelecaniformes","Phalacrocoracidae","Leucocarbo","onslowi",0
"Leucocarbo chalconotus","Pelecaniformes","Phalacrocoracidae","Leucocarbo","chalconotus",1
"Leucocarbo colensoi","Pelecaniformes","Phalacrocoracidae","Leucocarbo","colensoi",0
"Leucocarbo campbelli","Pelecaniformes","Phalacrocoracidae","Leucocarbo","campbelli",0
"Leucocarbo atriceps","Pelecaniformes","Phalacrocoracidae","Leucocarbo","atriceps",0
"Leucocarbo georgianus","Pelecaniformes","Phalacrocoracidae","Leucocarbo","georgianus",0
"Leucocarbo melanogenis","Pelecaniformes","Phalacrocoracidae","Leucocarbo","melanogenis",0
"Leucocarbo bransfieldensis","Pelecaniformes","Phalacrocoracidae","Leucocarbo","bransfieldensis",0
"Leucocarbo verrucosus","Pelecaniformes","Phalacrocoracidae","Leucocarbo","verrucosus",0
"Leucocarbo nivalis","Pelecaniformes","Phalacrocoracidae","Leucocarbo","nivalis",0
"Leucocarbo purpurascens","Pelecaniformes","Phalacrocoracidae","Leucocarbo","purpurascens",0
"Threskiornis aethiopicus","Pelecaniformes","Threskiornithidae","Threskiornis","aethiopicus",0
"Threskiornis bernieri","Pelecaniformes","Threskiornithidae","Threskiornis","bernieri",0
"Threskiornis solitarius","Pelecaniformes","Threskiornithidae","Threskiornis","solitarius",NA
"Threskiornis melanocephalus","Pelecaniformes","Threskiornithidae","Threskiornis","melanocephalus",0
"Threskiornis molucca","Pelecaniformes","Threskiornithidae","Threskiornis","moluccus",0
"Threskiornis spinicollis","Pelecaniformes","Threskiornithidae","Threskiornis","spinicollis",0
"Pseudibis papillosa","Pelecaniformes","Threskiornithidae","Pseudibis","papillosa",0
"Pseudibis davisoni","Pelecaniformes","Threskiornithidae","Pseudibis","davisoni",0
"Pseudibis gigantea","Pelecaniformes","Threskiornithidae","Thaumatibis","gigantea",0
"Geronticus eremita","Pelecaniformes","Threskiornithidae","Geronticus","eremita",0
"Geronticus calvus","Pelecaniformes","Threskiornithidae","Geronticus","calvus",0
"Nipponia nippon","Pelecaniformes","Threskiornithidae","Nipponia","nippon",1
"Bostrychia olivacea","Pelecaniformes","Threskiornithidae","Bostrychia","olivacea",NA
"Bostrychia bocagei","Pelecaniformes","Threskiornithidae","Bostrychia","bocagei",NA
"Bostrychia rara","Pelecaniformes","Threskiornithidae","Bostrychia","rara",0
"Bostrychia hagedash","Pelecaniformes","Threskiornithidae","Bostrychia","hagedash",1
"Bostrychia carunculata","Pelecaniformes","Threskiornithidae","Bostrychia","carunculata",0
"Theristicus caerulescens","Pelecaniformes","Threskiornithidae","Theristicus","caerulescens",0
"Theristicus caudatus","Pelecaniformes","Threskiornithidae","Theristicus","caudatus",1
"Theristicus melanopis","Pelecaniformes","Threskiornithidae","Theristicus","melanopis",1
"Theristicus branickii","Pelecaniformes","Threskiornithidae","Theristicus","branickii",NA
"Cercibis oxycerca","Pelecaniformes","Threskiornithidae","Cercibis","oxycerca",0
"Mesembrinibis cayennensis","Pelecaniformes","Threskiornithidae","Mesembrinibis","cayennensis",0
"Phimosus infuscatus","Pelecaniformes","Threskiornithidae","Phimosus","infuscatus",0
"Eudocimus albus","Pelecaniformes","Threskiornithidae","Eudocimus","albus",0
"Eudocimus ruber","Pelecaniformes","Threskiornithidae","Eudocimus","ruber",1
"Plegadis falcinellus","Pelecaniformes","Threskiornithidae","Plegadis","falcinellus",0
"Plegadis chihi","Pelecaniformes","Threskiornithidae","Plegadis","chihi",0
"Plegadis ridgwayi","Pelecaniformes","Threskiornithidae","Plegadis","ridgwayi",1
"Lophotibis cristata","Pelecaniformes","Threskiornithidae","Lophotibis","cristata",0
"Platalea leucorodia","Pelecaniformes","Threskiornithidae","Platalea","leucorodia",0
"Platalea minor","Pelecaniformes","Threskiornithidae","Platalea","minor",1
"Platalea alba","Pelecaniformes","Threskiornithidae","Platalea","alba",0
"Platalea regia","Pelecaniformes","Threskiornithidae","Platalea","regia",0
"Platalea flavipes","Pelecaniformes","Threskiornithidae","Platalea","flavipes",0
"Platalea ajaja","Pelecaniformes","Threskiornithidae","Platalea","ajaja",0
"Tigriornis leucolopha","Pelecaniformes","Ardeidae","Tigriornis","leucolopha",0
"Tigrisoma lineatum","Pelecaniformes","Ardeidae","Tigrisoma","lineatum",0
"Tigrisoma mexicanum","Pelecaniformes","Ardeidae","Tigrisoma","mexicanum",0
"Tigrisoma fasciatum","Pelecaniformes","Ardeidae","Tigrisoma","fasciatum",0
"Cochlearius cochlearius","Pelecaniformes","Ardeidae","Cochlearius","cochlearius",1
"Agamia agami","Pelecaniformes","Ardeidae","Agamia","agami",0
"Zebrilus undulatus","Pelecaniformes","Ardeidae","Zebrilus","undulatus",0
"Botaurus stellaris","Pelecaniformes","Ardeidae","Botaurus","stellaris",0
"Botaurus poiciloptilus","Pelecaniformes","Ardeidae","Botaurus","poiciloptilus",0
"Botaurus lentiginosus","Pelecaniformes","Ardeidae","Botaurus","lentiginosus",0
"Botaurus pinnatus","Pelecaniformes","Ardeidae","Botaurus","pinnatus",0
"Botaurus involucris","Pelecaniformes","Ardeidae","Ixobrychus","involucris",0
"Botaurus exilis","Pelecaniformes","Ardeidae","Ixobrychus","exilis",1
"Botaurus flavicollis","Pelecaniformes","Ardeidae","Ixobrychus","flavicollis",0
"Botaurus cinnamomeus","Pelecaniformes","Ardeidae","Ixobrychus","cinnamomeus",0
"Botaurus eurhythmus","Pelecaniformes","Ardeidae","Ixobrychus","eurhythmus",0
"Botaurus sturmii","Pelecaniformes","Ardeidae","Ixobrychus","sturmii",0
"Botaurus minutus","Pelecaniformes","Ardeidae","Ixobrychus","minutus",0
"Botaurus sinensis","Pelecaniformes","Ardeidae","Ixobrychus","sinensis",0
"Botaurus dubius","Pelecaniformes","Ardeidae","Ixobrychus","dubius",0
"Botaurus novaezelandiae","Pelecaniformes","Ardeidae","Ixobrychus","novaezelandiae",NA
"Nyctanassa violacea","Pelecaniformes","Ardeidae","Nyctanassa","violacea",0
"Nyctanassa carcinocatactes","Pelecaniformes","Ardeidae","Nyctanassa","carcinocatactes",NA
"Nycticorax nycticorax","Pelecaniformes","Ardeidae","Nycticorax","nycticorax",0
"Nycticorax olsoni","Pelecaniformes","Ardeidae","Nycticorax","olsoni",NA
"Nycticorax duboisi","Pelecaniformes","Ardeidae","Nycticorax","duboisi",NA
"Nycticorax mauritianus","Pelecaniformes","Ardeidae","Nycticorax","mauritianus",NA
"Nycticorax megacephalus","Pelecaniformes","Ardeidae","Nycticorax","megacephalus",NA
"Nycticorax caledonicus","Pelecaniformes","Ardeidae","Nycticorax","caledonicus",0
"Gorsachius melanolophus","Pelecaniformes","Ardeidae","Gorsachius","melanolophus",0
"Gorsachius goisagi","Pelecaniformes","Ardeidae","Gorsachius","goisagi",0
"Pilherodius pileatus","Pelecaniformes","Ardeidae","Pilherodius","pileatus",0
"Syrigma sibilatrix","Pelecaniformes","Ardeidae","Syrigma","sibilatrix",1
"Egretta caerulea","Pelecaniformes","Ardeidae","Egretta","caerulea",0
"Egretta tricolor","Pelecaniformes","Ardeidae","Egretta","tricolor",0
"Egretta rufescens","Pelecaniformes","Ardeidae","Egretta","rufescens",0
"Egretta vinaceigula","Pelecaniformes","Ardeidae","Egretta","vinaceigula",0
"Egretta ardesiaca","Pelecaniformes","Ardeidae","Egretta","ardesiaca",0
"Egretta sacra","Pelecaniformes","Ardeidae","Egretta","sacra",1
"Egretta eulophotes","Pelecaniformes","Ardeidae","Egretta","eulophotes",0
"Egretta thula","Pelecaniformes","Ardeidae","Egretta","thula",0
"Egretta garzetta","Pelecaniformes","Ardeidae","Egretta","garzetta",0
"Egretta dimorpha","Pelecaniformes","Ardeidae","Egretta","dimorpha",NA
"Egretta gularis","Pelecaniformes","Ardeidae","Egretta","gularis",0
"Egretta picata","Pelecaniformes","Ardeidae","Egretta","picata",0
"Egretta novaehollandiae","Pelecaniformes","Ardeidae","Egretta","novaehollandiae",1
"Calherodius leuconotus","Pelecaniformes","Ardeidae","Calherodius","leuconotus",0
"Oroanassa magnifica","Pelecaniformes","Ardeidae","Oroanassa","magnifica",0
"Butorides atricapilla","Pelecaniformes","Ardeidae","Butorides","atricapilla",0
"Butorides striata","Pelecaniformes","Ardeidae","Butorides","striata",0
"Butorides sundevalli","Pelecaniformes","Ardeidae","Butorides","sundevalli",NA
"Butorides virescens","Pelecaniformes","Ardeidae","Butorides","virescens",0
"Zonerodius heliosylus","Pelecaniformes","Ardeidae","Zonerodius","heliosylus",0
"Ardeola rufiventris","Pelecaniformes","Ardeidae","Ardeola","rufiventris",0
"Ardeola ralloides","Pelecaniformes","Ardeidae","Ardeola","ralloides",0
"Ardeola idae","Pelecaniformes","Ardeidae","Ardeola","idae",0
"Ardeola grayii","Pelecaniformes","Ardeidae","Ardeola","grayii",1
"Ardeola bacchus","Pelecaniformes","Ardeidae","Ardeola","bacchus",0
"Ardeola speciosa","Pelecaniformes","Ardeidae","Ardeola","speciosa",0
"Ardea pacifica","Pelecaniformes","Ardeidae","Ardea","pacifica",0
"Ardea alba","Pelecaniformes","Ardeidae","Ardea","alba",0
"Ardea brachyrhyncha","Pelecaniformes","Ardeidae","Ardea","brachyrhyncha",0
"Ardea intermedia","Pelecaniformes","Ardeidae","Ardea","intermedia",0
"Ardea plumifera","Pelecaniformes","Ardeidae","Ardea","plumifera",0
"Ardea ibis","Pelecaniformes","Ardeidae","Bubulcus","ibis",0
"Ardea coromanda","Pelecaniformes","Ardeidae","Ardea","coromanda",0
"Ardea cinerea","Pelecaniformes","Ardeidae","Ardea","cinerea",0
"Ardea herodias","Pelecaniformes","Ardeidae","Ardea","herodias",0
NA,"Pelecaniformes",NA,"Ardea","occidentalis",NA
"Ardea cocoi","Pelecaniformes","Ardeidae","Ardea","cocoi",1
"Ardea purpurea","Pelecaniformes","Ardeidae","Ardea","purpurea",1
"Ardea humbloti","Pelecaniformes","Ardeidae","Ardea","humbloti",NA
"Ardea insignis","Pelecaniformes","Ardeidae","Ardea","insignis",0
"Ardea sumatrana","Pelecaniformes","Ardeidae","Ardea","sumatrana",0
"Ardea melanocephala","Pelecaniformes","Ardeidae","Ardea","melanocephala",0
"Ardea goliath","Pelecaniformes","Ardeidae","Ardea","goliath",0
"Scopus umbretta","Pelecaniformes","Scopidae","Scopus","umbretta",0
"Balaeniceps rex","Pelecaniformes","Balaenicipitidae","Balaeniceps","rex",0
"Pelecanus onocrotalus","Pelecaniformes","Pelecanidae","Pelecanus","onocrotalus",0
"Pelecanus rufescens","Pelecaniformes","Pelecanidae","Pelecanus","rufescens",0
"Pelecanus philippensis","Pelecaniformes","Pelecanidae","Pelecanus","philippensis",1
"Pelecanus crispus","Pelecaniformes","Pelecanidae","Pelecanus","crispus",0
"Pelecanus conspicillatus","Pelecaniformes","Pelecanidae","Pelecanus","conspicillatus",NA
"Pelecanus erythrorhynchos","Pelecaniformes","Pelecanidae","Pelecanus","erythrorhynchos",0
"Pelecanus occidentalis","Pelecaniformes","Pelecanidae","Pelecanus","occidentalis",0
"Pelecanus thagus","Pelecaniformes","Pelecanidae","Pelecanus","thagus",0
"Opisthocomus hoazin","Opisthocomiformes","Opisthocomidae","Opisthocomus","hoazin",1
"Gymnogyps californianus","Cathartiformes","Cathartidae","Gymnogyps","californianus",NA
"Sarcoramphus papa","Cathartiformes","Cathartidae","Sarcoramphus","papa",0
"Vultur gryphus","Cathartiformes","Cathartidae","Vultur","gryphus",NA
"Coragyps atratus","Cathartiformes","Cathartidae","Coragyps","atratus",0
"Cathartes aura","Cathartiformes","Cathartidae","Cathartes","aura",1
"Cathartes burrovianus","Cathartiformes","Cathartidae","Cathartes","burrovianus",0
"Cathartes melambrotus","Cathartiformes","Cathartidae","Cathartes","melambrotus",0
"Sagittarius serpentarius","Accipitriformes","Sagittariidae","Sagittarius","serpentarius",NA
"Pandion haliaetus","Accipitriformes","Pandionidae","Pandion","haliaetus",1
"Gampsonyx swainsonii","Accipitriformes","Accipitridae","Gampsonyx","swainsonii",NA
"Chelictinia riocourii","Accipitriformes","Accipitridae","Chelictinia","riocourii",1
"Elanus leucurus","Accipitriformes","Accipitridae","Elanus","leucurus",NA
"Elanus caeruleus","Accipitriformes","Accipitridae","Elanus","caeruleus",NA
"Elanus axillaris","Accipitriformes","Accipitridae","Elanus","axillaris",1
"Elanus scriptus","Accipitriformes","Accipitridae","Elanus","scriptus",1
"Polyboroides typus","Accipitriformes","Accipitridae","Polyboroides","typus",NA
"Polyboroides radiatus","Accipitriformes","Accipitridae","Polyboroides","radiatus",NA
"Gypohierax angolensis","Accipitriformes","Accipitridae","Gypohierax","angolensis",NA
"Gypaetus barbatus","Accipitriformes","Accipitridae","Gypaetus","barbatus",0
"Neophron percnopterus","Accipitriformes","Accipitridae","Neophron","percnopterus",0
"Eutriorchis astur","Accipitriformes","Accipitridae","Eutriorchis","astur",NA
"Chondrohierax uncinatus","Accipitriformes","Accipitridae","Chondrohierax","uncinatus",0
"Chondrohierax wilsonii","Accipitriformes","Accipitridae","Chondrohierax","wilsonii",NA
"Leptodon cayanensis","Accipitriformes","Accipitridae","Leptodon","cayanensis",NA
"Leptodon forbesi","Accipitriformes","Accipitridae","Leptodon","forbesi",NA
"Aviceda cuculoides","Accipitriformes","Accipitridae","Aviceda","cuculoides",NA
"Aviceda madagascariensis","Accipitriformes","Accipitridae","Aviceda","madagascariensis",NA
"Aviceda jerdoni","Accipitriformes","Accipitridae","Aviceda","jerdoni",NA
"Aviceda subcristata","Accipitriformes","Accipitridae","Aviceda","subcristata",NA
"Aviceda leuphotes","Accipitriformes","Accipitridae","Aviceda","leuphotes",NA
"Pernis apivorus","Accipitriformes","Accipitridae","Pernis","apivorus",NA
"Pernis ptilorhynchus","Accipitriformes","Accipitridae","Pernis","ptilorhynchus",NA
"Pernis celebensis","Accipitriformes","Accipitridae","Pernis","celebensis",NA
"Pernis steerei","Accipitriformes","Accipitridae","Pernis","steerei",NA
"Elanoides forficatus","Accipitriformes","Accipitridae","Elanoides","forficatus",1
"Hamirostra melanosternon","Accipitriformes","Accipitridae","Hamirostra","melanosternon",0
"Lophoictinia isura","Accipitriformes","Accipitridae","Lophoictinia","isura",0
"Henicopernis longicauda","Accipitriformes","Accipitridae","Henicopernis","longicauda",NA
"Henicopernis infuscatus","Accipitriformes","Accipitridae","Henicopernis","infuscatus",NA
"Sarcogyps calvus","Accipitriformes","Accipitridae","Sarcogyps","calvus",NA
"Trigonoceps occipitalis","Accipitriformes","Accipitridae","Trigonoceps","occipitalis",NA
"Aegypius monachus","Accipitriformes","Accipitridae","Aegypius","monachus",1
"Torgos tracheliotos","Accipitriformes","Accipitridae","Torgos","tracheliotos",NA
"Necrosyrtes monachus","Accipitriformes","Accipitridae","Necrosyrtes","monachus",NA
"Gyps himalayensis","Accipitriformes","Accipitridae","Gyps","himalayensis",1
"Gyps bengalensis","Accipitriformes","Accipitridae","Gyps","bengalensis",0
"Gyps africanus","Accipitriformes","Accipitridae","Gyps","africanus",1
"Gyps indicus","Accipitriformes","Accipitridae","Gyps","indicus",0
"Gyps tenuirostris","Accipitriformes","Accipitridae","Gyps","tenuirostris",NA
"Gyps coprotheres","Accipitriformes","Accipitridae","Gyps","coprotheres",0
"Gyps rueppelli","Accipitriformes","Accipitridae","Gyps","rueppelli",0
"Gyps fulvus","Accipitriformes","Accipitridae","Gyps","fulvus",1
"Spilornis klossi","Accipitriformes","Accipitridae","Spilornis","klossi",NA
"Spilornis rufipectus","Accipitriformes","Accipitridae","Spilornis","rufipectus",NA
"Spilornis kinabaluensis","Accipitriformes","Accipitridae","Spilornis","kinabaluensis",NA
"Spilornis cheela","Accipitriformes","Accipitridae","Spilornis","cheela",NA
"Spilornis holospilus","Accipitriformes","Accipitridae","Spilornis","holospilus",NA
"Spilornis elgini","Accipitriformes","Accipitridae","Spilornis","elgini",NA
"Pithecophaga jefferyi","Accipitriformes","Accipitridae","Pithecophaga","jefferyi",NA
"Terathopius ecaudatus","Accipitriformes","Accipitridae","Terathopius","ecaudatus",NA
"Circaetus cinerascens","Accipitriformes","Accipitridae","Circaetus","cinerascens",NA
"Circaetus fasciolatus","Accipitriformes","Accipitridae","Circaetus","fasciolatus",NA
"Circaetus spectabilis","Accipitriformes","Accipitridae","Dryotriorchis","spectabilis",NA
"Circaetus beaudouini","Accipitriformes","Accipitridae","Circaetus","beaudouini",NA
"Circaetus pectoralis","Accipitriformes","Accipitridae","Circaetus","pectoralis",NA
"Circaetus gallicus","Accipitriformes","Accipitridae","Circaetus","gallicus",NA
"Circaetus cinereus","Accipitriformes","Accipitridae","Circaetus","cinereus",NA
"Macheiramphus alcinus","Accipitriformes","Accipitridae","Macheiramphus","alcinus",NA
"Harpyopsis novaeguineae","Accipitriformes","Accipitridae","Harpyopsis","novaeguineae",NA
"Morphnus guianensis","Accipitriformes","Accipitridae","Morphnus","guianensis",0
"Harpia harpyja","Accipitriformes","Accipitridae","Harpia","harpyja",0
"Stephanoaetus coronatus","Accipitriformes","Accipitridae","Stephanoaetus","coronatus",NA
"Nisaetus nanus","Accipitriformes","Accipitridae","Nisaetus","nanus",NA
"Nisaetus kelaarti","Accipitriformes","Accipitridae","Nisaetus","kelaarti",NA
"Nisaetus nipalensis","Accipitriformes","Accipitridae","Nisaetus","nipalensis",NA
"Nisaetus alboniger","Accipitriformes","Accipitridae","Nisaetus","alboniger",NA
"Nisaetus bartelsi","Accipitriformes","Accipitridae","Nisaetus","bartelsi",NA
"Nisaetus lanceolatus","Accipitriformes","Accipitridae","Nisaetus","lanceolatus",NA
"Nisaetus pinskeri","Accipitriformes","Accipitridae","Nisaetus","pinskeri",NA
"Nisaetus philippensis","Accipitriformes","Accipitridae","Nisaetus","philippensis",NA
"Nisaetus cirrhatus","Accipitriformes","Accipitridae","Nisaetus","cirrhatus",NA
"Nisaetus floris","Accipitriformes","Accipitridae","Nisaetus","floris",NA
"Spizaetus tyrannus","Accipitriformes","Accipitridae","Spizaetus","tyrannus",0
"Spizaetus melanoleucus","Accipitriformes","Accipitridae","Spizaetus","melanoleucus",0
"Spizaetus ornatus","Accipitriformes","Accipitridae","Spizaetus","ornatus",0
"Spizaetus isidori","Accipitriformes","Accipitridae","Spizaetus","isidori",NA
"Lophotriorchis kienerii","Accipitriformes","Accipitridae","Lophotriorchis","kienerii",NA
"Polemaetus bellicosus","Accipitriformes","Accipitridae","Polemaetus","bellicosus",NA
"Lophaetus occipitalis","Accipitriformes","Accipitridae","Lophaetus","occipitalis",NA
"Ictinaetus malaiensis","Accipitriformes","Accipitridae","Ictinaetus","malaiensis",NA
"Clanga hastata","Accipitriformes","Accipitridae","Clanga","hastata",NA
"Clanga pomarina","Accipitriformes","Accipitridae","Clanga","pomarina",NA
"Clanga clanga","Accipitriformes","Accipitridae","Clanga","clanga",NA
"Hieraaetus wahlbergi","Accipitriformes","Accipitridae","Hieraaetus","wahlbergi",NA
"Hieraaetus ayresii","Accipitriformes","Accipitridae","Hieraaetus","ayresii",NA
"Hieraaetus weiskei","Accipitriformes","Accipitridae","Hieraaetus","weiskei",NA
"Hieraaetus pennatus","Accipitriformes","Accipitridae","Hieraaetus","pennatus",NA
"Hieraaetus morphnoides","Accipitriformes","Accipitridae","Hieraaetus","morphnoides",0
"Aquila nipalensis","Accipitriformes","Accipitridae","Aquila","nipalensis",NA
"Aquila rapax","Accipitriformes","Accipitridae","Aquila","rapax",NA
"Aquila adalberti","Accipitriformes","Accipitridae","Aquila","adalberti",NA
"Aquila heliaca","Accipitriformes","Accipitridae","Aquila","heliaca",0
"Aquila africana","Accipitriformes","Accipitridae","Aquila","africana",NA
"Aquila chrysaetos","Accipitriformes","Accipitridae","Aquila","chrysaetos",NA
"Aquila fasciata","Accipitriformes","Accipitridae","Aquila","fasciata",NA
"Aquila spilogaster","Accipitriformes","Accipitridae","Aquila","spilogaster",NA
"Aquila verreauxii","Accipitriformes","Accipitridae","Aquila","verreauxii",NA
"Aquila gurneyi","Accipitriformes","Accipitridae","Aquila","gurneyi",NA
"Aquila audax","Accipitriformes","Accipitridae","Aquila","audax",0
"Lophospiza trivirgata","Accipitriformes","Accipitridae","Accipiter","trivirgatus",NA
"Lophospiza griseiceps","Accipitriformes","Accipitridae","Accipiter","griseiceps",NA
"Micronisus gabar","Accipitriformes","Accipitridae","Micronisus","gabar",0
"Urotriorchis macrourus","Accipitriformes","Accipitridae","Urotriorchis","macrourus",NA
"Melierax metabates","Accipitriformes","Accipitridae","Melierax","metabates",NA
"Melierax poliopterus","Accipitriformes","Accipitridae","Melierax","poliopterus",NA
"Melierax canorus","Accipitriformes","Accipitridae","Melierax","canorus",NA
"Kaupifalco monogrammicus","Accipitriformes","Accipitridae","Kaupifalco","monogrammicus",NA
"Aerospiza castanilius","Accipitriformes","Accipitridae","Accipiter","castanilius",NA
"Aerospiza tachiro","Accipitriformes","Accipitridae","Accipiter","tachiro",0
NA,"Accipitriformes",NA,"Accipiter","toussenelii",NA
"Tachyspiza erythropus","Accipitriformes","Accipitridae","Accipiter","erythropus",NA
"Tachyspiza minulla","Accipitriformes","Accipitridae","Accipiter","minullus",NA
"Tachyspiza virgata","Accipitriformes","Accipitridae","Accipiter","virgatus",NA
"Tachyspiza nanus","Accipitriformes","Accipitridae","Accipiter","nanus",NA
"Tachyspiza erythrauchen","Accipitriformes","Accipitridae","Accipiter","erythrauchen",NA
"Tachyspiza cirrocephala","Accipitriformes","Accipitridae","Accipiter","cirrocephalus",0
"Tachyspiza brachyura","Accipitriformes","Accipitridae","Accipiter","brachyurus",NA
"Tachyspiza rhodogaster","Accipitriformes","Accipitridae","Accipiter","rhodogaster",NA
"Tachyspiza gularis","Accipitriformes","Accipitridae","Accipiter","gularis",NA
"Tachyspiza brevipes","Accipitriformes","Accipitridae","Accipiter","brevipes",NA
"Tachyspiza badia","Accipitriformes","Accipitridae","Accipiter","badius",NA
"Tachyspiza butleri","Accipitriformes","Accipitridae","Accipiter","butleri",NA
"Tachyspiza soloensis","Accipitriformes","Accipitridae","Accipiter","soloensis",NA
"Tachyspiza francesiae","Accipitriformes","Accipitridae","Accipiter","francesiae",NA
"Tachyspiza trinotata","Accipitriformes","Accipitridae","Accipiter","trinotatus",NA
"Tachyspiza poliocephala","Accipitriformes","Accipitridae","Accipiter","poliocephalus",0
"Tachyspiza princeps","Accipitriformes","Accipitridae","Accipiter","princeps",NA
"Tachyspiza novaehollandiae","Accipitriformes","Accipitridae","Accipiter","novaehollandiae",0
"Tachyspiza hiogaster","Accipitriformes","Accipitridae","Accipiter","hiogaster",NA
NA,"Accipitriformes",NA,"Accipiter","sylvestris",NA
"Tachyspiza imitator","Accipitriformes","Accipitridae","Accipiter","imitator",NA
"Tachyspiza melanochlamys","Accipitriformes","Accipitridae","Accipiter","melanochlamys",NA
"Tachyspiza albogularis","Accipitriformes","Accipitridae","Accipiter","albogularis",NA
"Tachyspiza rufitorques","Accipitriformes","Accipitridae","Accipiter","rufitorques",0
"Tachyspiza henicogramma","Accipitriformes","Accipitridae","Accipiter","henicogrammus",NA
"Tachyspiza luteoschistacea","Accipitriformes","Accipitridae","Accipiter","luteoschistaceus",NA
"Tachyspiza haplochroa","Accipitriformes","Accipitridae","Accipiter","haplochrous",NA
"Tachyspiza fasciata","Accipitriformes","Accipitridae","Accipiter","fasciatus",0
"Erythrotriorchis buergersi","Accipitriformes","Accipitridae","Erythrotriorchis","buergersi",NA
"Erythrotriorchis radiatus","Accipitriformes","Accipitridae","Erythrotriorchis","radiatus",0
"Accipiter poliogaster","Accipitriformes","Accipitridae","Accipiter","poliogaster",NA
"Accipiter ovampensis","Accipitriformes","Accipitridae","Accipiter","ovampensis",NA
"Accipiter madagascariensis","Accipitriformes","Accipitridae","Accipiter","madagascariensis",NA
"Accipiter striatus","Accipitriformes","Accipitridae","Accipiter","striatus",0
"Accipiter chionogaster","Accipitriformes","Accipitridae","Accipiter","chionogaster",NA
"Accipiter ventralis","Accipitriformes","Accipitridae","Accipiter","ventralis",NA
"Accipiter erythronemius","Accipitriformes","Accipitridae","Accipiter","erythronemius",NA
"Accipiter nisus","Accipitriformes","Accipitridae","Accipiter","nisus",NA
"Accipiter rufiventris","Accipitriformes","Accipitridae","Accipiter","rufiventris",NA
"Astur bicolor","Accipitriformes","Accipitridae","Accipiter","bicolor",0
"Astur chilensis","Accipitriformes","Accipitridae","Astur","chilensis",NA
"Astur cooperii","Accipitriformes","Accipitridae","Accipiter","cooperii",0
"Astur gundlachi","Accipitriformes","Accipitridae","Accipiter","gundlachi",NA
"Astur gentilis","Accipitriformes","Accipitridae","Accipiter","gentilis",0
"Astur atricapillus","Accipitriformes","Accipitridae","Astur","atricapillus",NA
"Astur meyerianus","Accipitriformes","Accipitridae","Accipiter","meyerianus",0
"Astur melanoleucus","Accipitriformes","Accipitridae","Accipiter","melanoleucus",NA
"Astur henstii","Accipitriformes","Accipitridae","Accipiter","henstii",NA
"Megatriorchis doriae","Accipitriformes","Accipitridae","Megatriorchis","doriae",NA
"Circus assimilis","Accipitriformes","Accipitridae","Circus","assimilis",0
"Circus macrourus","Accipitriformes","Accipitridae","Circus","macrourus",1
"Circus maurus","Accipitriformes","Accipitridae","Circus","maurus",NA
"Circus cyaneus","Accipitriformes","Accipitridae","Circus","cyaneus",1
"Circus hudsonius","Accipitriformes","Accipitridae","Circus","hudsonius",NA
"Circus cinereus","Accipitriformes","Accipitridae","Circus","cinereus",0
"Circus buffoni","Accipitriformes","Accipitridae","Circus","buffoni",NA
"Circus pygargus","Accipitriformes","Accipitridae","Circus","pygargus",1
"Circus melanoleucos","Accipitriformes","Accipitridae","Circus","melanoleucos",NA
"Circus aeruginosus","Accipitriformes","Accipitridae","Circus","aeruginosus",1
"Circus ranivorus","Accipitriformes","Accipitridae","Circus","ranivorus",NA
"Circus spilonotus","Accipitriformes","Accipitridae","Circus","spilonotus",NA
"Circus spilothorax","Accipitriformes","Accipitridae","Circus","spilothorax",NA
"Circus approximans","Accipitriformes","Accipitridae","Circus","approximans",0
"Circus macrosceles","Accipitriformes","Accipitridae","Circus","macrosceles",NA
"Circus maillardi","Accipitriformes","Accipitridae","Circus","maillardi",NA
"Microspizias superciliosus","Accipitriformes","Accipitridae","Accipiter","superciliosus",0
"Microspizias collaris","Accipitriformes","Accipitridae","Accipiter","collaris",NA
"Harpagus bidentatus","Accipitriformes","Accipitridae","Harpagus","bidentatus",NA
"Harpagus diodon","Accipitriformes","Accipitridae","Harpagus","diodon",NA
"Milvus milvus","Accipitriformes","Accipitridae","Milvus","milvus",NA
"Milvus migrans","Accipitriformes","Accipitridae","Milvus","migrans",0
"Milvus aegyptius","Accipitriformes","Accipitridae","Milvus","aegyptius",0
"Haliastur indus","Accipitriformes","Accipitridae","Haliastur","indus",0
"Haliastur sphenurus","Accipitriformes","Accipitridae","Haliastur","sphenurus",0
"Haliaeetus pelagicus","Accipitriformes","Accipitridae","Haliaeetus","pelagicus",NA
"Haliaeetus leucoryphus","Accipitriformes","Accipitridae","Haliaeetus","leucoryphus",0
"Haliaeetus albicilla","Accipitriformes","Accipitridae","Haliaeetus","albicilla",0
"Haliaeetus leucocephalus","Accipitriformes","Accipitridae","Haliaeetus","leucocephalus",0
"Icthyophaga vocifer","Accipitriformes","Accipitridae","Haliaeetus","vocifer",1
"Icthyophaga vociferoides","Accipitriformes","Accipitridae","Haliaeetus","vociferoides",NA
"Icthyophaga leucogaster","Accipitriformes","Accipitridae","Haliaeetus","leucogaster",0
"Icthyophaga sanfordi","Accipitriformes","Accipitridae","Haliaeetus","sanfordi",NA
"Icthyophaga humilis","Accipitriformes","Accipitridae","Icthyophaga","humilis",NA
"Icthyophaga ichthyaetus","Accipitriformes","Accipitridae","Icthyophaga","ichthyaetus",NA
"Butastur liventer","Accipitriformes","Accipitridae","Butastur","liventer",NA
"Butastur rufipennis","Accipitriformes","Accipitridae","Butastur","rufipennis",NA
"Butastur teesa","Accipitriformes","Accipitridae","Butastur","teesa",NA
"Butastur indicus","Accipitriformes","Accipitridae","Butastur","indicus",NA
"Ictinia mississippiensis","Accipitriformes","Accipitridae","Ictinia","mississippiensis",1
"Ictinia plumbea","Accipitriformes","Accipitridae","Ictinia","plumbea",0
"Geranospiza caerulescens","Accipitriformes","Accipitridae","Geranospiza","caerulescens",NA
"Busarellus nigricollis","Accipitriformes","Accipitridae","Busarellus","nigricollis",NA
"Rostrhamus sociabilis","Accipitriformes","Accipitridae","Rostrhamus","sociabilis",0
"Helicolestes hamatus","Accipitriformes","Accipitridae","Helicolestes","hamatus",NA
"Morphnarchus princeps","Accipitriformes","Accipitridae","Morphnarchus","princeps",NA
"Cryptoleucopteryx plumbea","Accipitriformes","Accipitridae","Cryptoleucopteryx","plumbea",NA
"Buteogallus schistaceus","Accipitriformes","Accipitridae","Buteogallus","schistaceus",NA
"Buteogallus anthracinus","Accipitriformes","Accipitridae","Buteogallus","anthracinus",1
"Buteogallus gundlachii","Accipitriformes","Accipitridae","Buteogallus","gundlachii",NA
"Buteogallus aequinoctialis","Accipitriformes","Accipitridae","Buteogallus","aequinoctialis",0
"Buteogallus meridionalis","Accipitriformes","Accipitridae","Buteogallus","meridionalis",NA
"Buteogallus lacernulatus","Accipitriformes","Accipitridae","Buteogallus","lacernulatus",0
"Buteogallus urubitinga","Accipitriformes","Accipitridae","Buteogallus","urubitinga",0
"Buteogallus solitarius","Accipitriformes","Accipitridae","Buteogallus","solitarius",NA
"Buteogallus coronatus","Accipitriformes","Accipitridae","Buteogallus","coronatus",0
"Rupornis magnirostris","Accipitriformes","Accipitridae","Rupornis","magnirostris",0
"Parabuteo unicinctus","Accipitriformes","Accipitridae","Parabuteo","unicinctus",0
"Parabuteo leucorrhous","Accipitriformes","Accipitridae","Parabuteo","leucorrhous",NA
"Pseudastur occidentalis","Accipitriformes","Accipitridae","Pseudastur","occidentalis",NA
"Pseudastur albicollis","Accipitriformes","Accipitridae","Pseudastur","albicollis",0
"Pseudastur polionotus","Accipitriformes","Accipitridae","Pseudastur","polionotus",NA
"Geranoaetus albicaudatus","Accipitriformes","Accipitridae","Geranoaetus","albicaudatus",0
"Geranoaetus polyosoma","Accipitriformes","Accipitridae","Geranoaetus","polyosoma",NA
"Geranoaetus melanoleucus","Accipitriformes","Accipitridae","Geranoaetus","melanoleucus",0
"Leucopternis semiplumbeus","Accipitriformes","Accipitridae","Leucopternis","semiplumbeus",NA
"Leucopternis melanops","Accipitriformes","Accipitridae","Leucopternis","melanops",NA
"Leucopternis kuhli","Accipitriformes","Accipitridae","Leucopternis","kuhli",0
"Bermuteo avivorus","Accipitriformes","Accipitridae","Bermuteo","avivorus",NA
"Buteo plagiatus","Accipitriformes","Accipitridae","Buteo","plagiatus",NA
"Buteo nitidus","Accipitriformes","Accipitridae","Buteo","nitidus",NA
"Buteo platypterus","Accipitriformes","Accipitridae","Buteo","platypterus",0
"Buteo lineatus","Accipitriformes","Accipitridae","Buteo","lineatus",0
"Buteo ridgwayi","Accipitriformes","Accipitridae","Buteo","ridgwayi",0
"Buteo albonotatus","Accipitriformes","Accipitridae","Buteo","albonotatus",0
"Buteo solitarius","Accipitriformes","Accipitridae","Buteo","solitarius",NA
"Buteo albigula","Accipitriformes","Accipitridae","Buteo","albigula",NA
"Buteo brachyurus","Accipitriformes","Accipitridae","Buteo","brachyurus",0
"Buteo swainsoni","Accipitriformes","Accipitridae","Buteo","swainsoni",0
"Buteo galapagoensis","Accipitriformes","Accipitridae","Buteo","galapagoensis",0
"Buteo jamaicensis","Accipitriformes","Accipitridae","Buteo","jamaicensis",0
"Buteo ventralis","Accipitriformes","Accipitridae","Buteo","ventralis",NA
"Buteo lagopus","Accipitriformes","Accipitridae","Buteo","lagopus",NA
"Buteo regalis","Accipitriformes","Accipitridae","Buteo","regalis",NA
"Buteo auguralis","Accipitriformes","Accipitridae","Buteo","auguralis",NA
"Buteo augur","Accipitriformes","Accipitridae","Buteo","augur",NA
"Buteo rufofuscus","Accipitriformes","Accipitridae","Buteo","rufofuscus",NA
"Buteo oreophilus","Accipitriformes","Accipitridae","Buteo","oreophilus",NA
"Buteo buteo","Accipitriformes","Accipitridae","Buteo","buteo",NA
"Buteo trizonatus","Accipitriformes","Accipitridae","Buteo","trizonatus",NA
"Buteo brachypterus","Accipitriformes","Accipitridae","Buteo","brachypterus",NA
"Buteo socotraensis","Accipitriformes","Accipitridae","Buteo","socotraensis",NA
"Buteo bannermani","Accipitriformes","Accipitridae","Buteo","bannermani",NA
"Buteo rufinus","Accipitriformes","Accipitridae","Buteo","rufinus",NA
"Buteo hemilasius","Accipitriformes","Accipitridae","Buteo","hemilasius",NA
"Buteo refectus","Accipitriformes","Accipitridae","Buteo","refectus",NA
"Buteo japonicus","Accipitriformes","Accipitridae","Buteo","japonicus",NA
"Tyto tenebricosa","Strigiformes","Tytonidae","Tyto","tenebricosa",0
"Tyto multipunctata","Strigiformes","Tytonidae","Tyto","multipunctata",NA
"Tyto inexspectata","Strigiformes","Tytonidae","Tyto","inexspectata",0
"Tyto nigrobrunnea","Strigiformes","Tytonidae","Tyto","nigrobrunnea",0
"Tyto sororcula","Strigiformes","Tytonidae","Tyto","sororcula",NA
NA,"Strigiformes",NA,"Tyto","almae",NA
"Tyto manusi","Strigiformes","Tytonidae","Tyto","manusi",NA
"Tyto aurantia","Strigiformes","Tytonidae","Tyto","aurantia",0
"Tyto novaehollandiae","Strigiformes","Tytonidae","Tyto","novaehollandiae",0
"Tyto rosenbergii","Strigiformes","Tytonidae","Tyto","rosenbergii",0
"Tyto soumagnei","Strigiformes","Tytonidae","Tyto","soumagnei",0
"Tyto alba","Strigiformes","Tytonidae","Tyto","alba",0
"Tyto furcata","Strigiformes","Tytonidae","Tyto","furcata",0
"Tyto javanica","Strigiformes","Tytonidae","Tyto","javanica",0
"Tyto deroepstorffi","Strigiformes","Tytonidae","Tyto","deroepstorffi",NA
"Tyto glaucops","Strigiformes","Tytonidae","Tyto","glaucops",0
"Tyto capensis","Strigiformes","Tytonidae","Tyto","capensis",0
"Tyto longimembris","Strigiformes","Tytonidae","Tyto","longimembris",1
"Tyto prigoginei","Strigiformes","Tytonidae","Tyto","prigoginei",NA
"Phodilus badius","Strigiformes","Tytonidae","Phodilus","badius",NA
"Phodilus assimilis","Strigiformes","Tytonidae","Phodilus","assimilis",NA
"Uroglaux dimorpha","Strigiformes","Strigidae","Uroglaux","dimorpha",NA
"Ninox albifacies","Strigiformes","Strigidae","Ninox","albifacies",NA
"Ninox rufa","Strigiformes","Strigidae","Ninox","rufa",NA
"Ninox strenua","Strigiformes","Strigidae","Ninox","strenua",NA
"Ninox connivens","Strigiformes","Strigidae","Ninox","connivens",NA
"Ninox rudolfi","Strigiformes","Strigidae","Ninox","rudolfi",0
"Ninox boobook","Strigiformes","Strigidae","Ninox","boobook",NA
"Ninox rotiensis","Strigiformes","Strigidae","Ninox","rotiensis",NA
"Ninox fusca","Strigiformes","Strigidae","Ninox","fusca",NA
"Ninox plesseni","Strigiformes","Strigidae","Ninox","plesseni",NA
"Ninox leucopsis","Strigiformes","Strigidae","Ninox","leucopsis",NA
"Ninox novaeseelandiae","Strigiformes","Strigidae","Ninox","novaeseelandiae",NA
"Ninox japonica","Strigiformes","Strigidae","Ninox","japonica",NA
"Ninox scutulata","Strigiformes","Strigidae","Ninox","scutulata",0
"Ninox obscura","Strigiformes","Strigidae","Ninox","obscura",NA
"Ninox randi","Strigiformes","Strigidae","Ninox","randi",NA
"Ninox affinis","Strigiformes","Strigidae","Ninox","affinis",NA
"Ninox philippensis","Strigiformes","Strigidae","Ninox","philippensis",NA
"Ninox spilocephala","Strigiformes","Strigidae","Ninox","spilocephala",NA
"Ninox leventisi","Strigiformes","Strigidae","Ninox","leventisi",NA
"Ninox reyi","Strigiformes","Strigidae","Ninox","reyi",NA
"Ninox rumseyi","Strigiformes","Strigidae","Ninox","rumseyi",NA
"Ninox spilonotus","Strigiformes","Strigidae","Ninox","spilonotus",NA
"Ninox mindorensis","Strigiformes","Strigidae","Ninox","mindorensis",NA
"Ninox sumbaensis","Strigiformes","Strigidae","Ninox","sumbaensis",NA
"Ninox burhani","Strigiformes","Strigidae","Ninox","burhani",NA
"Ninox ochracea","Strigiformes","Strigidae","Ninox","ochracea",NA
"Ninox ios","Strigiformes","Strigidae","Ninox","ios",NA
"Ninox hypogramma","Strigiformes","Strigidae","Ninox","hypogramma",NA
"Ninox hantu","Strigiformes","Strigidae","Ninox","hantu",NA
"Ninox squamipila","Strigiformes","Strigidae","Ninox","squamipila",NA
"Ninox forbesi","Strigiformes","Strigidae","Ninox","forbesi",NA
"Ninox natalis","Strigiformes","Strigidae","Ninox","natalis",0
"Ninox meeki","Strigiformes","Strigidae","Ninox","meeki",NA
"Ninox theomacha","Strigiformes","Strigidae","Ninox","theomacha",0
"Ninox punctulata","Strigiformes","Strigidae","Ninox","punctulata",0
"Ninox odiosa","Strigiformes","Strigidae","Ninox","odiosa",0
"Ninox variegata","Strigiformes","Strigidae","Ninox","variegata",NA
"Margarobyas lawrencii","Strigiformes","Strigidae","Margarobyas","lawrencii",NA
"Taenioptynx brodiei","Strigiformes","Strigidae","Glaucidium","brodiei",NA
"Taenioptynx sylvaticus","Strigiformes","Strigidae","Glaucidium","sylvaticum",NA
"Micrathene whitneyi","Strigiformes","Strigidae","Micrathene","whitneyi",NA
"Xenoglaux loweryi","Strigiformes","Strigidae","Xenoglaux","loweryi",NA
"Aegolius funereus","Strigiformes","Strigidae","Aegolius","funereus",NA
"Aegolius acadicus","Strigiformes","Strigidae","Aegolius","acadicus",NA
"Aegolius gradyi","Strigiformes","Strigidae","Aegolius","gradyi",NA
"Aegolius ridgwayi","Strigiformes","Strigidae","Aegolius","ridgwayi",NA
"Aegolius harrisii","Strigiformes","Strigidae","Aegolius","harrisii",NA
"Athene blewitti","Strigiformes","Strigidae","Athene","blewitti",NA
"Athene superciliaris","Strigiformes","Strigidae","Athene","superciliaris",NA
"Athene cunicularia","Strigiformes","Strigidae","Athene","cunicularia",0
"Athene noctua","Strigiformes","Strigidae","Athene","noctua",NA
"Athene brama","Strigiformes","Strigidae","Athene","brama",0
"Athene jacquinoti","Strigiformes","Strigidae","Athene","jacquinoti",0
"Athene granti","Strigiformes","Strigidae","Athene","granti",NA
"Athene malaitae","Strigiformes","Strigidae","Athene","malaitae",NA
"Athene roseoaxillaris","Strigiformes","Strigidae","Athene","roseoaxillaris",NA
"Surnia ulula","Strigiformes","Strigidae","Surnia","ulula",NA
"Glaucidium passerinum","Strigiformes","Strigidae","Glaucidium","passerinum",NA
"Glaucidium perlatum","Strigiformes","Strigidae","Glaucidium","perlatum",NA
"Glaucidium tephronotum","Strigiformes","Strigidae","Glaucidium","tephronotum",NA
"Glaucidium sjostedti","Strigiformes","Strigidae","Glaucidium","sjostedti",NA
"Glaucidium cuculoides","Strigiformes","Strigidae","Glaucidium","cuculoides",NA
"Glaucidium castanopterum","Strigiformes","Strigidae","Glaucidium","castanopterum",NA
"Glaucidium radiatum","Strigiformes","Strigidae","Glaucidium","radiatum",NA
"Glaucidium castanotum","Strigiformes","Strigidae","Glaucidium","castanotum",NA
"Glaucidium capense","Strigiformes","Strigidae","Glaucidium","capense",NA
NA,"Strigiformes",NA,"Glaucidium","castaneum",NA
"Glaucidium albertinum","Strigiformes","Strigidae","Glaucidium","albertinum",NA
"Glaucidium californicum","Strigiformes","Strigidae","Glaucidium","californicum",NA
"Glaucidium gnoma","Strigiformes","Strigidae","Glaucidium","gnoma",NA
"Glaucidium hoskinsii","Strigiformes","Strigidae","Glaucidium","hoskinsii",NA
"Glaucidium cobanense","Strigiformes","Strigidae","Glaucidium","cobanense",NA
"Glaucidium costaricanum","Strigiformes","Strigidae","Glaucidium","costaricanum",NA
"Glaucidium nubicola","Strigiformes","Strigidae","Glaucidium","nubicola",NA
"Glaucidium jardinii","Strigiformes","Strigidae","Glaucidium","jardinii",NA
"Glaucidium bolivianum","Strigiformes","Strigidae","Glaucidium","bolivianum",NA
"Glaucidium palmarum","Strigiformes","Strigidae","Glaucidium","palmarum",0
"Glaucidium sanchezi","Strigiformes","Strigidae","Glaucidium","sanchezi",NA
"Glaucidium griseiceps","Strigiformes","Strigidae","Glaucidium","griseiceps",NA
"Glaucidium parkeri","Strigiformes","Strigidae","Glaucidium","parkeri",NA
"Glaucidium hardyi","Strigiformes","Strigidae","Glaucidium","hardyi",0
"Glaucidium minutissimum","Strigiformes","Strigidae","Glaucidium","minutissimum",NA
"Glaucidium mooreorum","Strigiformes","Strigidae","Glaucidium","mooreorum",NA
"Glaucidium brasilianum","Strigiformes","Strigidae","Glaucidium","brasilianum",0
"Glaucidium peruanum","Strigiformes","Strigidae","Glaucidium","peruanum",NA
"Glaucidium nana","Strigiformes","Strigidae","Glaucidium","nana",NA
"Glaucidium siju","Strigiformes","Strigidae","Glaucidium","siju",NA
"Otus gurneyi","Strigiformes","Strigidae","Otus","gurneyi",NA
"Otus sagittatus","Strigiformes","Strigidae","Otus","sagittatus",NA
"Otus rufescens","Strigiformes","Strigidae","Otus","rufescens",NA
"Otus thilohoffmanni","Strigiformes","Strigidae","Otus","thilohoffmanni",NA
"Otus icterorhynchus","Strigiformes","Strigidae","Otus","icterorhynchus",NA
"Otus ireneae","Strigiformes","Strigidae","Otus","ireneae",NA
"Otus balli","Strigiformes","Strigidae","Otus","balli",NA
"Otus alfredi","Strigiformes","Strigidae","Otus","alfredi",NA
"Otus spilocephalus","Strigiformes","Strigidae","Otus","spilocephalus",NA
"Otus angelinae","Strigiformes","Strigidae","Otus","angelinae",NA
"Otus mirus","Strigiformes","Strigidae","Otus","mirus",NA
"Otus longicornis","Strigiformes","Strigidae","Otus","longicornis",NA
"Otus mindorensis","Strigiformes","Strigidae","Otus","mindorensis",NA
"Otus madagascariensis","Strigiformes","Strigidae","Otus","madagascariensis",NA
"Otus rutilus","Strigiformes","Strigidae","Otus","rutilus",NA
"Otus mayottensis","Strigiformes","Strigidae","Otus","mayottensis",NA
"Otus pauliani","Strigiformes","Strigidae","Otus","pauliani",NA
"Otus capnodes","Strigiformes","Strigidae","Otus","capnodes",NA
"Otus moheliensis","Strigiformes","Strigidae","Otus","moheliensis",NA
"Otus grucheti","Strigiformes","Strigidae","Mascarenotus","grucheti",NA
"Otus sauzieri","Strigiformes","Strigidae","Mascarenotus","sauzieri",NA
"Otus murivorus","Strigiformes","Strigidae","Mascarenotus","murivorus",NA
"Otus brucei","Strigiformes","Strigidae","Otus","brucei",NA
"Otus pamelae","Strigiformes","Strigidae","Otus","pamelae",NA
"Otus scops","Strigiformes","Strigidae","Otus","scops",0
"Otus cyprius","Strigiformes","Strigidae","Otus","cyprius",1
"Otus bikegila","Strigiformes","Strigidae","Otus","bikegila",NA
"Otus pembaensis","Strigiformes","Strigidae","Otus","pembaensis",NA
"Otus hartlaubi","Strigiformes","Strigidae","Otus","hartlaubi",NA
"Otus senegalensis","Strigiformes","Strigidae","Otus","senegalensis",0
"Otus feae","Strigiformes","Strigidae","Otus","feae",NA
"Otus socotranus","Strigiformes","Strigidae","Otus","socotranus",NA
"Otus sunia","Strigiformes","Strigidae","Otus","sunia",NA
"Otus elegans","Strigiformes","Strigidae","Otus","elegans",NA
"Otus magicus","Strigiformes","Strigidae","Otus","magicus",NA
"Otus tempestatis","Strigiformes","Strigidae","Otus","tempestatis",NA
"Otus sulaensis","Strigiformes","Strigidae","Otus","sulaensis",NA
"Otus beccarii","Strigiformes","Strigidae","Otus","beccarii",NA
"Otus manadensis","Strigiformes","Strigidae","Otus","manadensis",NA
"Otus mendeni","Strigiformes","Strigidae","Otus","mendeni",NA
"Otus siaoensis","Strigiformes","Strigidae","Otus","siaoensis",NA
"Otus collari","Strigiformes","Strigidae","Otus","collari",NA
"Otus mantananensis","Strigiformes","Strigidae","Otus","mantananensis",NA
"Otus insularis","Strigiformes","Strigidae","Otus","insularis",NA
"Otus alius","Strigiformes","Strigidae","Otus","alius",NA
"Otus umbra","Strigiformes","Strigidae","Otus","umbra",NA
"Otus enganensis","Strigiformes","Strigidae","Otus","enganensis",NA
"Otus mentawi","Strigiformes","Strigidae","Otus","mentawi",NA
"Otus brookii","Strigiformes","Strigidae","Otus","brookii",NA
"Otus bakkamoena","Strigiformes","Strigidae","Otus","bakkamoena",NA
"Otus lettia","Strigiformes","Strigidae","Otus","lettia",NA
"Otus semitorques","Strigiformes","Strigidae","Otus","semitorques",NA
"Otus lempiji","Strigiformes","Strigidae","Otus","lempiji",NA
"Otus megalotis","Strigiformes","Strigidae","Otus","megalotis",NA
"Otus nigrorum","Strigiformes","Strigidae","Otus","nigrorum",NA
"Otus everetti","Strigiformes","Strigidae","Otus","everetti",NA
"Otus fuliginosus","Strigiformes","Strigidae","Otus","fuliginosus",NA
"Otus silvicola","Strigiformes","Strigidae","Otus","silvicola",NA
"Otus jolandae","Strigiformes","Strigidae","Otus","jolandae",NA
"Otus podarginus","Strigiformes","Strigidae","Pyrroglaux","podargina",0
"Ptilopsis leucotis","Strigiformes","Strigidae","Ptilopsis","leucotis",0
"Ptilopsis granti","Strigiformes","Strigidae","Ptilopsis","granti",NA
"Asio grammicus","Strigiformes","Strigidae","Pseudoscops","grammicus",NA
"Asio clamator","Strigiformes","Strigidae","Asio","clamator",0
"Asio otus","Strigiformes","Strigidae","Asio","otus",1
"Asio abyssinicus","Strigiformes","Strigidae","Asio","abyssinicus",1
"Asio madagascariensis","Strigiformes","Strigidae","Asio","madagascariensis",NA
"Asio stygius","Strigiformes","Strigidae","Asio","stygius",NA
"Asio flammeus","Strigiformes","Strigidae","Asio","flammeus",0
"Asio capensis","Strigiformes","Strigidae","Asio","capensis",NA
"Asio solomonensis","Strigiformes","Strigidae","Nesasio","solomonensis",NA
"Jubula lettii","Strigiformes","Strigidae","Jubula","lettii",NA
"Bubo scandiacus","Strigiformes","Strigidae","Bubo","scandiacus",NA
"Bubo virginianus","Strigiformes","Strigidae","Bubo","virginianus",0
"Bubo magellanicus","Strigiformes","Strigidae","Bubo","magellanicus",NA
"Bubo bubo","Strigiformes","Strigidae","Bubo","bubo",0
"Bubo bengalensis","Strigiformes","Strigidae","Bubo","bengalensis",NA
"Bubo ascalaphus","Strigiformes","Strigidae","Bubo","ascalaphus",NA
"Bubo capensis","Strigiformes","Strigidae","Bubo","capensis",NA
"Bubo milesi","Strigiformes","Strigidae","Bubo","milesi",0
"Bubo cinerascens","Strigiformes","Strigidae","Bubo","cinerascens",NA
"Bubo africanus","Strigiformes","Strigidae","Bubo","africanus",NA
"Ketupa poensis","Strigiformes","Strigidae","Bubo","poensis",NA
"Ketupa leucosticta","Strigiformes","Strigidae","Bubo","leucostictus",NA
"Ketupa lactea","Strigiformes","Strigidae","Bubo","lacteus",NA
"Ketupa shelleyi","Strigiformes","Strigidae","Bubo","shelleyi",NA
"Ketupa blakistoni","Strigiformes","Strigidae","Bubo","blakistoni",NA
"Ketupa zeylonensis","Strigiformes","Strigidae","Ketupa","zeylonensis",NA
"Ketupa flavipes","Strigiformes","Strigidae","Ketupa","flavipes",NA
"Ketupa ketupu","Strigiformes","Strigidae","Ketupa","ketupu",NA
"Ketupa sumatrana","Strigiformes","Strigidae","Bubo","sumatranus",NA
"Ketupa nipalensis","Strigiformes","Strigidae","Bubo","nipalensis",NA
"Ketupa coromanda","Strigiformes","Strigidae","Bubo","coromandus",NA
"Ketupa philippensis","Strigiformes","Strigidae","Bubo","philippensis",NA
"Scotopelia peli","Strigiformes","Strigidae","Scotopelia","peli",NA
"Scotopelia ussheri","Strigiformes","Strigidae","Scotopelia","ussheri",NA
"Scotopelia bouvieri","Strigiformes","Strigidae","Scotopelia","bouvieri",NA
"Psiloscops flammeolus","Strigiformes","Strigidae","Psiloscops","flammeolus",0
"Gymnasio nudipes","Strigiformes","Strigidae","Gymnasio","nudipes",0
"Megascops trichopsis","Strigiformes","Strigidae","Megascops","trichopsis",NA
"Megascops clarkii","Strigiformes","Strigidae","Megascops","clarkii",NA
"Megascops albogularis","Strigiformes","Strigidae","Megascops","albogularis",NA
"Megascops choliba","Strigiformes","Strigidae","Megascops","choliba",0
"Megascops barbarus","Strigiformes","Strigidae","Megascops","barbarus",NA
"Megascops cooperi","Strigiformes","Strigidae","Megascops","cooperi",NA
"Megascops kennicottii","Strigiformes","Strigidae","Megascops","kennicottii",NA
"Megascops asio","Strigiformes","Strigidae","Megascops","asio",NA
"Megascops seductus","Strigiformes","Strigidae","Megascops","seductus",NA
"Megascops guatemalae","Strigiformes","Strigidae","Megascops","guatemalae",NA
NA,"Strigiformes",NA,"Megascops","vermiculatus",NA
"Megascops koepckeae","Strigiformes","Strigidae","Megascops","koepckeae",NA
"Megascops ingens","Strigiformes","Strigidae","Megascops","ingens",0
"Megascops petersoni","Strigiformes","Strigidae","Megascops","petersoni",NA
"Megascops marshalli","Strigiformes","Strigidae","Megascops","marshalli",NA
"Megascops hoyi","Strigiformes","Strigidae","Megascops","hoyi",NA
"Megascops centralis","Strigiformes","Strigidae","Megascops","centralis",0
"Megascops roraimae","Strigiformes","Strigidae","Megascops","roraimae",NA
"Megascops sanctaecatarinae","Strigiformes","Strigidae","Megascops","sanctaecatarinae",NA
"Megascops gilesi","Strigiformes","Strigidae","Megascops","gilesi",NA
"Megascops roboratus","Strigiformes","Strigidae","Megascops","roboratus",NA
"Megascops watsonii","Strigiformes","Strigidae","Megascops","watsonii",NA
"Megascops atricapilla","Strigiformes","Strigidae","Megascops","atricapilla",0
"Pulsatrix perspicillata","Strigiformes","Strigidae","Pulsatrix","perspicillata",0
"Pulsatrix koeniswaldiana","Strigiformes","Strigidae","Pulsatrix","koeniswaldiana",0
"Pulsatrix melanota","Strigiformes","Strigidae","Pulsatrix","melanota",NA
"Lophostrix cristata","Strigiformes","Strigidae","Lophostrix","cristata",0
"Strix seloputo","Strigiformes","Strigidae","Strix","seloputo",NA
"Strix ocellata","Strigiformes","Strigidae","Strix","ocellata",NA
"Strix leptogrammica","Strigiformes","Strigidae","Strix","leptogrammica",NA
"Strix aluco","Strigiformes","Strigidae","Strix","aluco",NA
"Strix mauritanica","Strigiformes","Strigidae","Strix","mauritanica",NA
"Strix nivicolum","Strigiformes","Strigidae","Strix","nivicolum",NA
"Strix hadorami","Strigiformes","Strigidae","Strix","hadorami",NA
"Strix butleri","Strigiformes","Strigidae","Strix","butleri",NA
"Strix occidentalis","Strigiformes","Strigidae","Strix","occidentalis",NA
"Strix varia","Strigiformes","Strigidae","Strix","varia",NA
"Strix sartorii","Strigiformes","Strigidae","Strix","sartorii",NA
"Strix fulvescens","Strigiformes","Strigidae","Strix","fulvescens",NA
"Strix hylophila","Strigiformes","Strigidae","Strix","hylophila",NA
"Strix chacoensis","Strigiformes","Strigidae","Strix","chacoensis",NA
"Strix rufipes","Strigiformes","Strigidae","Strix","rufipes",NA
"Strix uralensis","Strigiformes","Strigidae","Strix","uralensis",NA
"Strix nebulosa","Strigiformes","Strigidae","Strix","nebulosa",NA
"Strix woodfordii","Strigiformes","Strigidae","Strix","woodfordii",NA
"Strix virgata","Strigiformes","Strigidae","Ciccaba","virgata",NA
"Strix nigrolineata","Strigiformes","Strigidae","Ciccaba","nigrolineata",NA
"Strix huhula","Strigiformes","Strigidae","Ciccaba","huhula",NA
"Strix albitarsis","Strigiformes","Strigidae","Ciccaba","albitarsis",NA
"Colius striatus","Coliiformes","Coliidae","Colius","striatus",NA
"Colius leucocephalus","Coliiformes","Coliidae","Colius","leucocephalus",NA
"Colius castanotus","Coliiformes","Coliidae","Colius","castanotus",NA
"Colius colius","Coliiformes","Coliidae","Colius","colius",NA
"Urocolius macrourus","Coliiformes","Coliidae","Urocolius","macrourus",NA
"Urocolius indicus","Coliiformes","Coliidae","Urocolius","indicus",0
"Leptosomus discolor","Leptosomiformes","Leptosomidae","Leptosomus","discolor",NA
"Apaloderma narina","Trogoniformes","Trogonidae","Apaloderma","narina",0
"Apaloderma aequatoriale","Trogoniformes","Trogonidae","Apaloderma","aequatoriale",NA
"Apaloderma vittatum","Trogoniformes","Trogonidae","Apaloderma","vittatum",NA
"Apalharpactes reinwardtii","Trogoniformes","Trogonidae","Apalharpactes","reinwardtii",NA
"Apalharpactes mackloti","Trogoniformes","Trogonidae","Apalharpactes","mackloti",NA
"Harpactes fasciatus","Trogoniformes","Trogonidae","Harpactes","fasciatus",NA
"Harpactes kasumba","Trogoniformes","Trogonidae","Harpactes","kasumba",NA
"Harpactes diardii","Trogoniformes","Trogonidae","Harpactes","diardii",NA
"Harpactes ardens","Trogoniformes","Trogonidae","Harpactes","ardens",NA
"Harpactes whiteheadi","Trogoniformes","Trogonidae","Harpactes","whiteheadi",NA
"Harpactes orrhophaeus","Trogoniformes","Trogonidae","Harpactes","orrhophaeus",NA
"Harpactes duvaucelii","Trogoniformes","Trogonidae","Harpactes","duvaucelii",NA
"Harpactes oreskios","Trogoniformes","Trogonidae","Harpactes","oreskios",NA
"Harpactes erythrocephalus","Trogoniformes","Trogonidae","Harpactes","erythrocephalus",NA
"Harpactes wardi","Trogoniformes","Trogonidae","Harpactes","wardi",NA
"Euptilotis neoxenus","Trogoniformes","Trogonidae","Euptilotis","neoxenus",NA
"Pharomachrus pavoninus","Trogoniformes","Trogonidae","Pharomachrus","pavoninus",0
"Pharomachrus auriceps","Trogoniformes","Trogonidae","Pharomachrus","auriceps",NA
"Pharomachrus mocinno","Trogoniformes","Trogonidae","Pharomachrus","mocinno",NA
"Pharomachrus fulgidus","Trogoniformes","Trogonidae","Pharomachrus","fulgidus",NA
"Pharomachrus antisianus","Trogoniformes","Trogonidae","Pharomachrus","antisianus",NA
"Priotelus temnurus","Trogoniformes","Trogonidae","Priotelus","temnurus",0
"Priotelus roseigaster","Trogoniformes","Trogonidae","Temnotrogon","roseigaster",NA
"Trogon clathratus","Trogoniformes","Trogonidae","Trogon","clathratus",NA
"Trogon massena","Trogoniformes","Trogonidae","Trogon","massena",NA
"Trogon comptus","Trogoniformes","Trogonidae","Trogon","comptus",NA
"Trogon mesurus","Trogoniformes","Trogonidae","Trogon","mesurus",NA
"Trogon melanurus","Trogoniformes","Trogonidae","Trogon","melanurus",0
"Trogon melanocephalus","Trogoniformes","Trogonidae","Trogon","melanocephalus",NA
"Trogon citreolus","Trogoniformes","Trogonidae","Trogon","citreolus",0
"Trogon chionurus","Trogoniformes","Trogonidae","Trogon","chionurus",NA
"Trogon bairdii","Trogoniformes","Trogonidae","Trogon","bairdii",NA
"Trogon viridis","Trogoniformes","Trogonidae","Trogon","viridis",0
"Trogon caligatus","Trogoniformes","Trogonidae","Trogon","caligatus",NA
"Trogon ramonianus","Trogoniformes","Trogonidae","Trogon","ramonianus",0
"Trogon violaceus","Trogoniformes","Trogonidae","Trogon","violaceus",1
"Trogon curucui","Trogoniformes","Trogonidae","Trogon","curucui",1
"Trogon surrucura","Trogoniformes","Trogonidae","Trogon","surrucura",NA
NA,"Trogoniformes",NA,"Trogon","aurantius",NA
"Trogon tenellus","Trogoniformes","Trogonidae","Trogon","tenellus",0
"Trogon cupreicauda","Trogoniformes","Trogonidae","Trogon","cupreicauda",0
"Trogon rufus","Trogoniformes","Trogonidae","Trogon","rufus",1
"Trogon chrysochloros","Trogoniformes","Trogonidae","Trogon","chrysochloros",1
"Trogon elegans","Trogoniformes","Trogonidae","Trogon","elegans",NA
NA,"Trogoniformes",NA,"Trogon","ambiguus",NA
"Trogon mexicanus","Trogoniformes","Trogonidae","Trogon","mexicanus",NA
"Trogon collaris","Trogoniformes","Trogonidae","Trogon","collaris",0
"Trogon personatus","Trogoniformes","Trogonidae","Trogon","personatus",NA
"Upupa epops","Bucerotiformes","Upupidae","Upupa","epops",0
"Upupa marginata","Bucerotiformes","Upupidae","Upupa","marginata",NA
"Upupa antaios","Bucerotiformes","Upupidae","Upupa","antaios",NA
"Phoeniculus castaneiceps","Bucerotiformes","Phoeniculidae","Rhinopomastus","castaneiceps",0
"Phoeniculus bollei","Bucerotiformes","Phoeniculidae","Phoeniculus","bollei",1
"Phoeniculus purpureus","Bucerotiformes","Phoeniculidae","Phoeniculus","purpureus",1
"Phoeniculus somaliensis","Bucerotiformes","Phoeniculidae","Phoeniculus","somaliensis",1
"Phoeniculus damarensis","Bucerotiformes","Phoeniculidae","Phoeniculus","damarensis",1
"Rhinopomastus aterrimus","Bucerotiformes","Phoeniculidae","Rhinopomastus","aterrimus",0
"Rhinopomastus cyanomelas","Bucerotiformes","Phoeniculidae","Rhinopomastus","cyanomelas",0
"Rhinopomastus minor","Bucerotiformes","Phoeniculidae","Rhinopomastus","minor",0
"Bucorvus abyssinicus","Bucerotiformes","Bucorvidae","Bucorvus","abyssinicus",1
"Bucorvus leadbeateri","Bucerotiformes","Bucorvidae","Bucorvus","leadbeateri",1
"Tockus ruahae","Bucerotiformes","Bucerotidae","Tockus","ruahae",NA
"Tockus kempi","Bucerotiformes","Bucerotidae","Tockus","kempi",1
"Tockus damarensis","Bucerotiformes","Bucerotidae","Tockus","damarensis",NA
"Tockus rufirostris","Bucerotiformes","Bucerotidae","Tockus","rufirostris",NA
"Tockus erythrorhynchus","Bucerotiformes","Bucerotidae","Tockus","erythrorhynchus",1
"Tockus monteiri","Bucerotiformes","Bucerotidae","Tockus","monteiri",NA
"Tockus deckeni","Bucerotiformes","Bucerotidae","Tockus","deckeni",0
"Tockus jacksoni","Bucerotiformes","Bucerotidae","Tockus","jacksoni",NA
"Tockus leucomelas","Bucerotiformes","Bucerotidae","Tockus","leucomelas",0
"Tockus flavirostris","Bucerotiformes","Bucerotidae","Tockus","flavirostris",0
"Lophoceros bradfieldi","Bucerotiformes","Bucerotidae","Lophoceros","bradfieldi",NA
"Lophoceros alboterminatus","Bucerotiformes","Bucerotidae","Lophoceros","alboterminatus",NA
"Lophoceros semifasciatus","Bucerotiformes","Bucerotidae","Lophoceros","semifasciatus",NA
"Lophoceros fasciatus","Bucerotiformes","Bucerotidae","Lophoceros","fasciatus",1
"Lophoceros hemprichii","Bucerotiformes","Bucerotidae","Lophoceros","hemprichii",NA
"Lophoceros nasutus","Bucerotiformes","Bucerotidae","Lophoceros","nasutus",NA
"Lophoceros camurus","Bucerotiformes","Bucerotidae","Lophoceros","camurus",1
"Lophoceros pallidirostris","Bucerotiformes","Bucerotidae","Lophoceros","pallidirostris",NA
"Bycanistes fistulator","Bucerotiformes","Bucerotidae","Bycanistes","fistulator",1
NA,"Bucerotiformes",NA,"Bycanistes","sharpii",NA
"Bycanistes bucinator","Bucerotiformes","Bucerotidae","Bycanistes","bucinator",NA
"Bycanistes cylindricus","Bucerotiformes","Bucerotidae","Bycanistes","cylindricus",0
"Bycanistes albotibialis","Bucerotiformes","Bucerotidae","Bycanistes","albotibialis",NA
"Bycanistes subcylindricus","Bucerotiformes","Bucerotidae","Bycanistes","subcylindricus",NA
"Bycanistes brevis","Bucerotiformes","Bucerotidae","Bycanistes","brevis",NA
"Ceratogymna atrata","Bucerotiformes","Bucerotidae","Ceratogymna","atrata",0
"Ceratogymna elata","Bucerotiformes","Bucerotidae","Ceratogymna","elata",NA
"Horizocerus hartlaubi","Bucerotiformes","Bucerotidae","Horizocerus","hartlaubi",0
"Horizocerus granti","Bucerotiformes","Bucerotidae","Horizocerus","granti",NA
"Horizocerus albocristatus","Bucerotiformes","Bucerotidae","Horizocerus","albocristatus",0
"Horizocerus cassini","Bucerotiformes","Bucerotidae","Horizocerus","cassini",NA
"Berenicornis comatus","Bucerotiformes","Bucerotidae","Berenicornis","comatus",0
"Buceros rhinoceros","Bucerotiformes","Bucerotidae","Buceros","rhinoceros",0
"Buceros bicornis","Bucerotiformes","Bucerotidae","Buceros","bicornis",1
"Buceros hydrocorax","Bucerotiformes","Bucerotidae","Buceros","hydrocorax",NA
NA,"Bucerotiformes",NA,"Buceros","mindanensis",NA
"Rhinoplax vigil","Bucerotiformes","Bucerotidae","Rhinoplax","vigil",0
"Anthracoceros marchei","Bucerotiformes","Bucerotidae","Anthracoceros","marchei",NA
"Anthracoceros albirostris","Bucerotiformes","Bucerotidae","Anthracoceros","albirostris",0
"Anthracoceros coronatus","Bucerotiformes","Bucerotidae","Anthracoceros","coronatus",1
"Anthracoceros montani","Bucerotiformes","Bucerotidae","Anthracoceros","montani",0
"Anthracoceros malayanus","Bucerotiformes","Bucerotidae","Anthracoceros","malayanus",0
"Ocyceros griseus","Bucerotiformes","Bucerotidae","Ocyceros","griseus",0
"Ocyceros gingalensis","Bucerotiformes","Bucerotidae","Ocyceros","gingalensis",0
"Ocyceros birostris","Bucerotiformes","Bucerotidae","Ocyceros","birostris",0
"Anorrhinus tickelli","Bucerotiformes","Bucerotidae","Anorrhinus","tickelli",0
"Anorrhinus austeni","Bucerotiformes","Bucerotidae","Anorrhinus","austeni",1
"Anorrhinus galeritus","Bucerotiformes","Bucerotidae","Anorrhinus","galeritus",0
"Aceros nipalensis","Bucerotiformes","Bucerotidae","Aceros","nipalensis",0
"Rhyticeros plicatus","Bucerotiformes","Bucerotidae","Rhyticeros","plicatus",0
"Rhyticeros narcondami","Bucerotiformes","Bucerotidae","Rhyticeros","narcondami",0
"Rhyticeros undulatus","Bucerotiformes","Bucerotidae","Rhyticeros","undulatus",0
"Rhyticeros everetti","Bucerotiformes","Bucerotidae","Rhyticeros","everetti",0
"Rhyticeros subruficollis","Bucerotiformes","Bucerotidae","Rhyticeros","subruficollis",0
"Rhyticeros cassidix","Bucerotiformes","Bucerotidae","Rhyticeros","cassidix",0
"Rhabdotorrhinus waldeni","Bucerotiformes","Bucerotidae","Rhabdotorrhinus","waldeni",1
"Rhabdotorrhinus leucocephalus","Bucerotiformes","Bucerotidae","Rhabdotorrhinus","leucocephalus",0
"Rhabdotorrhinus exarhatus","Bucerotiformes","Bucerotidae","Rhabdotorrhinus","exarhatus",0
"Rhabdotorrhinus corrugatus","Bucerotiformes","Bucerotidae","Rhabdotorrhinus","corrugatus",0
"Penelopides manillae","Bucerotiformes","Bucerotidae","Penelopides","manillae",0
"Penelopides mindorensis","Bucerotiformes","Bucerotidae","Penelopides","mindorensis",0
"Penelopides affinis","Bucerotiformes","Bucerotidae","Penelopides","affinis",0
"Penelopides samarensis","Bucerotiformes","Bucerotidae","Penelopides","samarensis",NA
"Penelopides panini","Bucerotiformes","Bucerotidae","Penelopides","panini",0
"Coracias naevius","Coraciiformes","Coraciidae","Coracias","naevius",NA
"Coracias benghalensis","Coraciiformes","Coraciidae","Coracias","benghalensis",NA
"Coracias affinis","Coraciiformes","Coraciidae","Coracias","affinis",NA
"Coracias temminckii","Coraciiformes","Coraciidae","Coracias","temminckii",NA
"Coracias spatulatus","Coraciiformes","Coraciidae","Coracias","spatulatus",NA
"Coracias caudatus","Coraciiformes","Coraciidae","Coracias","caudatus",NA
"Coracias abyssinicus","Coraciiformes","Coraciidae","Coracias","abyssinicus",NA
"Coracias garrulus","Coraciiformes","Coraciidae","Coracias","garrulus",1
"Coracias cyanogaster","Coraciiformes","Coraciidae","Coracias","cyanogaster",1
"Eurystomus gularis","Coraciiformes","Coraciidae","Eurystomus","gularis",NA
"Eurystomus glaucurus","Coraciiformes","Coraciidae","Eurystomus","glaucurus",NA
"Eurystomus orientalis","Coraciiformes","Coraciidae","Eurystomus","orientalis",0
"Eurystomus azureus","Coraciiformes","Coraciidae","Eurystomus","azureus",NA
"Brachypteracias leptosomus","Coraciiformes","Brachypteraciidae","Brachypteracias","leptosomus",NA
"Geobiastes squamiger","Coraciiformes","Brachypteraciidae","Geobiastes","squamiger",NA
"Atelornis pittoides","Coraciiformes","Brachypteraciidae","Atelornis","pittoides",NA
"Atelornis crossleyi","Coraciiformes","Brachypteraciidae","Atelornis","crossleyi",NA
"Uratelornis chimaera","Coraciiformes","Brachypteraciidae","Uratelornis","chimaera",0
"Actenoides monachus","Coraciiformes","Alcedinidae","Actenoides","monachus",NA
NA,"Coraciiformes",NA,"Actenoides","capucinus",NA
"Actenoides princeps","Coraciiformes","Alcedinidae","Actenoides","princeps",NA
"Actenoides bougainvillei","Coraciiformes","Alcedinidae","Actenoides","bougainvillei",NA
"Actenoides lindsayi","Coraciiformes","Alcedinidae","Actenoides","lindsayi",NA
"Actenoides hombroni","Coraciiformes","Alcedinidae","Actenoides","hombroni",NA
"Actenoides concretus","Coraciiformes","Alcedinidae","Actenoides","concretus",NA
"Melidora macrorrhina","Coraciiformes","Alcedinidae","Melidora","macrorrhina",NA
"Lacedo pulchella","Coraciiformes","Alcedinidae","Lacedo","pulchella",NA
NA,"Coraciiformes",NA,"Lacedo","melanops",NA
"Tanysiptera galatea","Coraciiformes","Alcedinidae","Tanysiptera","galatea",NA
"Tanysiptera ellioti","Coraciiformes","Alcedinidae","Tanysiptera","ellioti",NA
"Tanysiptera riedelii","Coraciiformes","Alcedinidae","Tanysiptera","riedelii",NA
"Tanysiptera carolinae","Coraciiformes","Alcedinidae","Tanysiptera","carolinae",NA
"Tanysiptera hydrocharis","Coraciiformes","Alcedinidae","Tanysiptera","hydrocharis",NA
"Tanysiptera sylvia","Coraciiformes","Alcedinidae","Tanysiptera","sylvia",NA
"Tanysiptera nigriceps","Coraciiformes","Alcedinidae","Tanysiptera","nigriceps",NA
"Tanysiptera nympha","Coraciiformes","Alcedinidae","Tanysiptera","nympha",NA
"Tanysiptera danae","Coraciiformes","Alcedinidae","Tanysiptera","danae",NA
"Cittura cyanotis","Coraciiformes","Alcedinidae","Cittura","cyanotis",0
"Cittura sanghirensis","Coraciiformes","Alcedinidae","Cittura","sanghirensis",NA
"Dacelo rex","Coraciiformes","Alcedinidae","Dacelo","rex",NA
"Dacelo tyro","Coraciiformes","Alcedinidae","Dacelo","tyro",1
"Dacelo gaudichaud","Coraciiformes","Alcedinidae","Dacelo","gaudichaud",NA
"Dacelo novaeguineae","Coraciiformes","Alcedinidae","Dacelo","novaeguineae",0
"Dacelo leachii","Coraciiformes","Alcedinidae","Dacelo","leachii",1
"Caridonax fulgidus","Coraciiformes","Alcedinidae","Caridonax","fulgidus",NA
"Pelargopsis capensis","Coraciiformes","Alcedinidae","Pelargopsis","capensis",NA
"Pelargopsis melanorhyncha","Coraciiformes","Alcedinidae","Pelargopsis","melanorhyncha",NA
"Pelargopsis amauroptera","Coraciiformes","Alcedinidae","Pelargopsis","amauroptera",NA
"Halcyon coromanda","Coraciiformes","Alcedinidae","Halcyon","coromanda",NA
"Halcyon smyrnensis","Coraciiformes","Alcedinidae","Halcyon","smyrnensis",0
"Halcyon gularis","Coraciiformes","Alcedinidae","Halcyon","gularis",NA
"Halcyon cyanoventris","Coraciiformes","Alcedinidae","Halcyon","cyanoventris",NA
"Halcyon badia","Coraciiformes","Alcedinidae","Halcyon","badia",NA
"Halcyon pileata","Coraciiformes","Alcedinidae","Halcyon","pileata",NA
"Halcyon leucocephala","Coraciiformes","Alcedinidae","Halcyon","leucocephala",NA
"Halcyon albiventris","Coraciiformes","Alcedinidae","Halcyon","albiventris",NA
"Halcyon chelicuti","Coraciiformes","Alcedinidae","Halcyon","chelicuti",0
"Halcyon malimbica","Coraciiformes","Alcedinidae","Halcyon","malimbica",NA
"Halcyon senegalensis","Coraciiformes","Alcedinidae","Halcyon","senegalensis",NA
"Halcyon senegaloides","Coraciiformes","Alcedinidae","Halcyon","senegaloides",NA
"Todiramphus nigrocyaneus","Coraciiformes","Alcedinidae","Todiramphus","nigrocyaneus",NA
"Todiramphus winchelli","Coraciiformes","Alcedinidae","Todiramphus","winchelli",NA
"Todiramphus diops","Coraciiformes","Alcedinidae","Todiramphus","diops",NA
"Todiramphus lazuli","Coraciiformes","Alcedinidae","Todiramphus","lazuli",NA
"Todiramphus macleayii","Coraciiformes","Alcedinidae","Todiramphus","macleayii",0
"Todiramphus albonotatus","Coraciiformes","Alcedinidae","Todiramphus","albonotatus",NA
"Todiramphus leucopygius","Coraciiformes","Alcedinidae","Todiramphus","leucopygius",NA
"Todiramphus farquhari","Coraciiformes","Alcedinidae","Todiramphus","farquhari",NA
"Todiramphus funebris","Coraciiformes","Alcedinidae","Todiramphus","funebris",NA
"Todiramphus chloris","Coraciiformes","Alcedinidae","Todiramphus","chloris",0
"Todiramphus sordidus","Coraciiformes","Alcedinidae","Todiramphus","sordidus",NA
"Todiramphus colonus","Coraciiformes","Alcedinidae","Todiramphus","colonus",NA
"Todiramphus albicilla","Coraciiformes","Alcedinidae","Todiramphus","albicilla",NA
"Todiramphus tristrami","Coraciiformes","Alcedinidae","Todiramphus","tristrami",NA
"Todiramphus sacer","Coraciiformes","Alcedinidae","Todiramphus","sacer",NA
"Todiramphus enigma","Coraciiformes","Alcedinidae","Todiramphus","enigma",NA
"Todiramphus cinnamominus","Coraciiformes","Alcedinidae","Todiramphus","cinnamominus",NA
"Todiramphus pelewensis","Coraciiformes","Alcedinidae","Todiramphus","pelewensis",0
"Todiramphus reichenbachii","Coraciiformes","Alcedinidae","Todiramphus","reichenbachii",NA
"Todiramphus saurophagus","Coraciiformes","Alcedinidae","Todiramphus","saurophagus",NA
"Todiramphus sanctus","Coraciiformes","Alcedinidae","Todiramphus","sanctus",0
"Todiramphus recurvirostris","Coraciiformes","Alcedinidae","Todiramphus","recurvirostris",NA
"Todiramphus australasia","Coraciiformes","Alcedinidae","Todiramphus","australasia",NA
"Todiramphus tutus","Coraciiformes","Alcedinidae","Todiramphus","tutus",0
"Todiramphus ruficollaris","Coraciiformes","Alcedinidae","Todiramphus","ruficollaris",NA
"Todiramphus veneratus","Coraciiformes","Alcedinidae","Todiramphus","veneratus",NA
NA,"Coraciiformes",NA,"Todiramphus","youngi",NA
"Todiramphus gambieri","Coraciiformes","Alcedinidae","Todiramphus","gambieri",NA
"Todiramphus gertrudae","Coraciiformes","Alcedinidae","Todiramphus","gertrudae",NA
"Todiramphus godeffroyi","Coraciiformes","Alcedinidae","Todiramphus","godeffroyi",NA
"Todiramphus pyrrhopygius","Coraciiformes","Alcedinidae","Todiramphus","pyrrhopygius",NA
"Syma torotoro","Coraciiformes","Alcedinidae","Syma","torotoro",NA
"Syma megarhyncha","Coraciiformes","Alcedinidae","Syma","megarhyncha",NA
"Ispidina lecontei","Coraciiformes","Alcedinidae","Ispidina","lecontei",NA
"Ispidina picta","Coraciiformes","Alcedinidae","Ispidina","picta",0
"Corythornis madagascariensis","Coraciiformes","Alcedinidae","Corythornis","madagascariensis",NA
"Corythornis leucogaster","Coraciiformes","Alcedinidae","Corythornis","leucogaster",NA
"Corythornis cristatus","Coraciiformes","Alcedinidae","Corythornis","cristatus",NA
NA,"Coraciiformes",NA,"Corythornis","nais",NA
NA,"Coraciiformes",NA,"Corythornis","thomensis",NA
"Corythornis vintsioides","Coraciiformes","Alcedinidae","Corythornis","vintsioides",NA
"Alcedo coerulescens","Coraciiformes","Alcedinidae","Alcedo","coerulescens",NA
"Alcedo peninsulae","Coraciiformes","Alcedinidae","Alcedo","peninsulae",NA
"Alcedo euryzona","Coraciiformes","Alcedinidae","Alcedo","euryzona",NA
"Alcedo quadribrachys","Coraciiformes","Alcedinidae","Alcedo","quadribrachys",NA
"Alcedo meninting","Coraciiformes","Alcedinidae","Alcedo","meninting",0
"Alcedo atthis","Coraciiformes","Alcedinidae","Alcedo","atthis",0
"Alcedo semitorquata","Coraciiformes","Alcedinidae","Alcedo","semitorquata",NA
"Alcedo hercules","Coraciiformes","Alcedinidae","Alcedo","hercules",NA
"Ceyx erithaca","Coraciiformes","Alcedinidae","Ceyx","erithaca",NA
"Ceyx rufidorsa","Coraciiformes","Alcedinidae","Ceyx","rufidorsa",0
"Ceyx melanurus","Coraciiformes","Alcedinidae","Ceyx","melanurus",NA
NA,"Coraciiformes",NA,"Ceyx","mindanensis",NA
"Ceyx sangirensis","Coraciiformes","Alcedinidae","Ceyx","sangirensis",NA
"Ceyx fallax","Coraciiformes","Alcedinidae","Ceyx","fallax",NA
"Ceyx lepidus","Coraciiformes","Alcedinidae","Ceyx","lepidus",NA
"Ceyx margarethae","Coraciiformes","Alcedinidae","Ceyx","margarethae",NA
"Ceyx wallacii","Coraciiformes","Alcedinidae","Ceyx","wallacii",NA
"Ceyx cajeli","Coraciiformes","Alcedinidae","Ceyx","cajeli",NA
"Ceyx solitarius","Coraciiformes","Alcedinidae","Ceyx","solitarius",NA
"Ceyx dispar","Coraciiformes","Alcedinidae","Ceyx","dispar",NA
"Ceyx mulcatus","Coraciiformes","Alcedinidae","Ceyx","mulcatus",NA
"Ceyx sacerdotis","Coraciiformes","Alcedinidae","Ceyx","sacerdotis",NA
"Ceyx meeki","Coraciiformes","Alcedinidae","Ceyx","meeki",NA
"Ceyx collectoris","Coraciiformes","Alcedinidae","Ceyx","collectoris",NA
"Ceyx nigromaxilla","Coraciiformes","Alcedinidae","Ceyx","nigromaxilla",NA
"Ceyx gentianus","Coraciiformes","Alcedinidae","Ceyx","gentianus",NA
"Ceyx cyanopectus","Coraciiformes","Alcedinidae","Ceyx","cyanopectus",NA
NA,"Coraciiformes",NA,"Ceyx","nigrirostris",NA
"Ceyx argentatus","Coraciiformes","Alcedinidae","Ceyx","argentatus",NA
"Ceyx flumenicola","Coraciiformes","Alcedinidae","Ceyx","flumenicola",NA
"Ceyx azureus","Coraciiformes","Alcedinidae","Ceyx","azureus",NA
"Ceyx websteri","Coraciiformes","Alcedinidae","Ceyx","websteri",NA
"Ceyx pusillus","Coraciiformes","Alcedinidae","Ceyx","pusillus",NA
"Chloroceryle amazona","Coraciiformes","Alcedinidae","Chloroceryle","amazona",NA
"Chloroceryle aenea","Coraciiformes","Alcedinidae","Chloroceryle","aenea",0
"Chloroceryle americana","Coraciiformes","Alcedinidae","Chloroceryle","americana",0
"Chloroceryle inda","Coraciiformes","Alcedinidae","Chloroceryle","inda",NA
"Megaceryle lugubris","Coraciiformes","Alcedinidae","Megaceryle","lugubris",NA
"Megaceryle maxima","Coraciiformes","Alcedinidae","Megaceryle","maxima",0
"Megaceryle torquata","Coraciiformes","Alcedinidae","Megaceryle","torquata",0
"Megaceryle alcyon","Coraciiformes","Alcedinidae","Megaceryle","alcyon",NA
"Ceryle rudis","Coraciiformes","Alcedinidae","Ceryle","rudis",0
"Todus multicolor","Coraciiformes","Todidae","Todus","multicolor",0
"Todus subulatus","Coraciiformes","Todidae","Todus","subulatus",NA
"Todus angustirostris","Coraciiformes","Todidae","Todus","angustirostris",0
"Todus todus","Coraciiformes","Todidae","Todus","todus",NA
"Todus mexicanus","Coraciiformes","Todidae","Todus","mexicanus",0
"Hylomanes momotula","Coraciiformes","Momotidae","Hylomanes","momotula",NA
"Aspatha gularis","Coraciiformes","Momotidae","Aspatha","gularis",NA
"Momotus mexicanus","Coraciiformes","Momotidae","Momotus","mexicanus",NA
"Momotus coeruliceps","Coraciiformes","Momotidae","Momotus","coeruliceps",NA
"Momotus lessonii","Coraciiformes","Momotidae","Momotus","lessonii",NA
"Momotus subrufescens","Coraciiformes","Momotidae","Momotus","subrufescens",NA
"Momotus bahamensis","Coraciiformes","Momotidae","Momotus","bahamensis",1
"Momotus momota","Coraciiformes","Momotidae","Momotus","momota",0
"Momotus aequatorialis","Coraciiformes","Momotidae","Momotus","aequatorialis",NA
"Baryphthengus martii","Coraciiformes","Momotidae","Baryphthengus","martii",0
"Baryphthengus ruficapillus","Coraciiformes","Momotidae","Baryphthengus","ruficapillus",0
"Electron carinatum","Coraciiformes","Momotidae","Electron","carinatum",NA
"Electron platyrhynchum","Coraciiformes","Momotidae","Electron","platyrhynchum",0
"Eumomota superciliosa","Coraciiformes","Momotidae","Eumomota","superciliosa",0
"Nyctyornis amictus","Coraciiformes","Meropidae","Nyctyornis","amictus",0
"Nyctyornis athertoni","Coraciiformes","Meropidae","Nyctyornis","athertoni",0
"Meropogon forsteni","Coraciiformes","Meropidae","Meropogon","forsteni",NA
"Merops breweri","Coraciiformes","Meropidae","Merops","breweri",1
"Merops muelleri","Coraciiformes","Meropidae","Merops","muelleri",NA
"Merops mentalis","Coraciiformes","Meropidae","Merops","mentalis",0
"Merops gularis","Coraciiformes","Meropidae","Merops","gularis",0
"Merops hirundineus","Coraciiformes","Meropidae","Merops","hirundineus",1
"Merops pusillus","Coraciiformes","Meropidae","Merops","pusillus",NA
"Merops variegatus","Coraciiformes","Meropidae","Merops","variegatus",0
"Merops lafresnayii","Coraciiformes","Meropidae","Merops","lafresnayii",1
"Merops oreobates","Coraciiformes","Meropidae","Merops","oreobates",0
"Merops bulocki","Coraciiformes","Meropidae","Merops","bulocki",0
"Merops bullockoides","Coraciiformes","Meropidae","Merops","bullockoides",0
"Merops revoilii","Coraciiformes","Meropidae","Merops","revoilii",0
"Merops albicollis","Coraciiformes","Meropidae","Merops","albicollis",1
"Merops boehmi","Coraciiformes","Meropidae","Merops","boehmi",1
"Merops viridissimus","Coraciiformes","Meropidae","Merops","viridissimus",NA
"Merops cyanophrys","Coraciiformes","Meropidae","Merops","cyanophrys",0
"Merops orientalis","Coraciiformes","Meropidae","Merops","orientalis",0
"Merops persicus","Coraciiformes","Meropidae","Merops","persicus",1
"Merops superciliosus","Coraciiformes","Meropidae","Merops","superciliosus",0
"Merops philippinus","Coraciiformes","Meropidae","Merops","philippinus",0
"Merops ornatus","Coraciiformes","Meropidae","Merops","ornatus",1
"Merops viridis","Coraciiformes","Meropidae","Merops","viridis",0
"Merops americanus","Coraciiformes","Meropidae","Merops","americanus",1
"Merops leschenaulti","Coraciiformes","Meropidae","Merops","leschenaulti",1
"Merops apiaster","Coraciiformes","Meropidae","Merops","apiaster",NA
"Merops malimbicus","Coraciiformes","Meropidae","Merops","malimbicus",0
"Merops nubicus","Coraciiformes","Meropidae","Merops","nubicus",0
"Merops nubicoides","Coraciiformes","Meropidae","Merops","nubicoides",NA
"Galbalcyrhynchus leucotis","Piciformes","Galbulidae","Galbalcyrhynchus","leucotis",0
"Galbalcyrhynchus purusianus","Piciformes","Galbulidae","Galbalcyrhynchus","purusianus",0
"Brachygalba salmoni","Piciformes","Galbulidae","Brachygalba","salmoni",0
"Brachygalba goeringi","Piciformes","Galbulidae","Brachygalba","goeringi",0
"Brachygalba lugubris","Piciformes","Galbulidae","Brachygalba","lugubris",0
"Brachygalba albogularis","Piciformes","Galbulidae","Brachygalba","albogularis",0
"Jacamaralcyon tridactyla","Piciformes","Galbulidae","Jacamaralcyon","tridactyla",0
"Galbula albirostris","Piciformes","Galbulidae","Galbula","albirostris",0
NA,"Piciformes",NA,"Galbula","chalcocephala",NA
"Galbula cyanicollis","Piciformes","Galbulidae","Galbula","cyanicollis",0
"Galbula ruficauda","Piciformes","Galbulidae","Galbula","ruficauda",0
"Galbula galbula","Piciformes","Galbulidae","Galbula","galbula",0
"Galbula pastazae","Piciformes","Galbulidae","Galbula","pastazae",NA
"Galbula tombacea","Piciformes","Galbulidae","Galbula","tombacea",0
"Galbula cyanescens","Piciformes","Galbulidae","Galbula","cyanescens",NA
"Galbula chalcothorax","Piciformes","Galbulidae","Galbula","chalcothorax",0
"Galbula leucogastra","Piciformes","Galbulidae","Galbula","leucogastra",0
"Galbula dea","Piciformes","Galbulidae","Galbula","dea",0
"Jacamerops aureus","Piciformes","Galbulidae","Jacamerops","aureus",0
"Notharchus hyperrhynchus","Piciformes","Bucconidae","Notharchus","hyperrhynchus",NA
"Notharchus macrorhynchos","Piciformes","Bucconidae","Notharchus","macrorhynchos",NA
"Notharchus swainsoni","Piciformes","Bucconidae","Notharchus","swainsoni",NA
"Notharchus pectoralis","Piciformes","Bucconidae","Notharchus","pectoralis",NA
"Notharchus ordii","Piciformes","Bucconidae","Notharchus","ordii",NA
"Notharchus tectus","Piciformes","Bucconidae","Notharchus","tectus",0
NA,"Piciformes",NA,"Notharchus","subtectus",NA
"Bucco macrodactylus","Piciformes","Bucconidae","Cyphos","macrodactylus",0
"Bucco tamatia","Piciformes","Bucconidae","Nystactes","tamatia",NA
"Bucco noanamae","Piciformes","Bucconidae","Nystactes","noanamae",NA
"Bucco capensis","Piciformes","Bucconidae","Bucco","capensis",0
"Nystalus radiatus","Piciformes","Bucconidae","Nystalus","radiatus",NA
"Nystalus chacuru","Piciformes","Bucconidae","Nystalus","chacuru",NA
"Nystalus striolatus","Piciformes","Bucconidae","Nystalus","striolatus",NA
"Nystalus obamai","Piciformes","Bucconidae","Nystalus","obamai",0
"Nystalus maculatus","Piciformes","Bucconidae","Nystalus","maculatus",NA
"Hypnelus ruficollis","Piciformes","Bucconidae","Hypnelus","ruficollis",NA
"Hypnelus bicinctus","Piciformes","Bucconidae","Hypnelus","bicinctus",NA
"Malacoptila striata","Piciformes","Bucconidae","Malacoptila","striata",0
NA,"Piciformes",NA,"Malacoptila","minor",NA
"Malacoptila fusca","Piciformes","Bucconidae","Malacoptila","fusca",0
"Malacoptila semicincta","Piciformes","Bucconidae","Malacoptila","semicincta",NA
"Malacoptila fulvogularis","Piciformes","Bucconidae","Malacoptila","fulvogularis",NA
"Malacoptila rufa","Piciformes","Bucconidae","Malacoptila","rufa",0
"Malacoptila panamensis","Piciformes","Bucconidae","Malacoptila","panamensis",NA
"Malacoptila mystacalis","Piciformes","Bucconidae","Malacoptila","mystacalis",NA
"Micromonacha lanceolata","Piciformes","Bucconidae","Micromonacha","lanceolata",0
"Nonnula rubecula","Piciformes","Bucconidae","Nonnula","rubecula",0
"Nonnula sclateri","Piciformes","Bucconidae","Nonnula","sclateri",0
"Nonnula brunnea","Piciformes","Bucconidae","Nonnula","brunnea",NA
"Nonnula frontalis","Piciformes","Bucconidae","Nonnula","frontalis",NA
"Nonnula ruficapilla","Piciformes","Bucconidae","Nonnula","ruficapilla",NA
"Nonnula amaurocephala","Piciformes","Bucconidae","Nonnula","amaurocephala",NA
"Hapaloptila castanea","Piciformes","Bucconidae","Hapaloptila","castanea",NA
"Monasa atra","Piciformes","Bucconidae","Monasa","atra",NA
"Monasa nigrifrons","Piciformes","Bucconidae","Monasa","nigrifrons",0
"Monasa morphoeus","Piciformes","Bucconidae","Monasa","morphoeus",0
"Monasa flavirostris","Piciformes","Bucconidae","Monasa","flavirostris",0
"Chelidoptera tenebrosa","Piciformes","Bucconidae","Chelidoptera","tenebrosa",0
"Capito aurovirens","Piciformes","Capitonidae","Capito","aurovirens",0
"Capito wallacei","Piciformes","Capitonidae","Capito","wallacei",NA
"Capito fitzpatricki","Piciformes","Capitonidae","Capito","fitzpatricki",1
"Capito maculicoronatus","Piciformes","Capitonidae","Capito","maculicoronatus",1
"Capito squamatus","Piciformes","Capitonidae","Capito","squamatus",0
"Capito hypoleucus","Piciformes","Capitonidae","Capito","hypoleucus",0
"Capito dayi","Piciformes","Capitonidae","Capito","dayi",0
"Capito brunneipectus","Piciformes","Capitonidae","Capito","brunneipectus",0
"Capito niger","Piciformes","Capitonidae","Capito","niger",0
"Capito auratus","Piciformes","Capitonidae","Capito","auratus",0
"Capito quinticolor","Piciformes","Capitonidae","Capito","quinticolor",0
"Eubucco richardsoni","Piciformes","Capitonidae","Eubucco","richardsoni",0
NA,"Piciformes",NA,"Eubucco","aurantiicollis",0
"Eubucco bourcierii","Piciformes","Capitonidae","Eubucco","bourcierii",1
"Eubucco tucinkae","Piciformes","Capitonidae","Eubucco","tucinkae",NA
"Eubucco versicolor","Piciformes","Capitonidae","Eubucco","versicolor",0
NA,"Piciformes",NA,"Eubucco","steerii",0
NA,"Piciformes",NA,"Eubucco","glaucogularis",0
"Semnornis frantzii","Piciformes","Semnornithidae","Semnornis","frantzii",0
"Semnornis ramphastinus","Piciformes","Semnornithidae","Semnornis","ramphastinus",0
"Ramphastos toco","Piciformes","Ramphastidae","Ramphastos","toco",1
"Ramphastos ambiguus","Piciformes","Ramphastidae","Ramphastos","ambiguus",0
"Ramphastos tucanus","Piciformes","Ramphastidae","Ramphastos","tucanus",1
NA,"Piciformes",NA,"Ramphastos","cuvieri",NA
"Ramphastos dicolorus","Piciformes","Ramphastidae","Ramphastos","dicolorus",1
"Ramphastos brevis","Piciformes","Ramphastidae","Ramphastos","brevis",0
"Ramphastos sulfuratus","Piciformes","Ramphastidae","Ramphastos","sulfuratus",1
"Ramphastos citreolaemus","Piciformes","Ramphastidae","Ramphastos","citreolaemus",NA
"Ramphastos vitellinus","Piciformes","Ramphastidae","Ramphastos","vitellinus",0
NA,"Piciformes",NA,"Ramphastos","culminatus",NA
NA,"Piciformes",NA,"Ramphastos","ariel",NA
"Pteroglossus bailloni","Piciformes","Ramphastidae","Pteroglossus","bailloni",0
"Pteroglossus viridis","Piciformes","Ramphastidae","Pteroglossus","viridis",0
"Pteroglossus inscriptus","Piciformes","Ramphastidae","Pteroglossus","inscriptus",0
NA,"Piciformes",NA,"Pteroglossus","humboldti",0
"Pteroglossus beauharnaisii","Piciformes","Ramphastidae","Pteroglossus","beauharnaisii",1
"Pteroglossus bitorquatus","Piciformes","Ramphastidae","Pteroglossus","bitorquatus",0
NA,"Piciformes",NA,"Pteroglossus","sturmii",0
"Pteroglossus azara","Piciformes","Ramphastidae","Pteroglossus","azara",0
"Pteroglossus castanotis","Piciformes","Ramphastidae","Pteroglossus","castanotis",1
"Pteroglossus pluricinctus","Piciformes","Ramphastidae","Pteroglossus","pluricinctus",0
"Pteroglossus aracari","Piciformes","Ramphastidae","Pteroglossus","aracari",0
"Pteroglossus frantzii","Piciformes","Ramphastidae","Pteroglossus","frantzii",1
"Pteroglossus torquatus","Piciformes","Ramphastidae","Pteroglossus","torquatus",1
"Pteroglossus sanguineus","Piciformes","Ramphastidae","Pteroglossus","sanguineus",1
"Pteroglossus erythropygius","Piciformes","Ramphastidae","Pteroglossus","erythropygius",NA
"Andigena laminirostris","Piciformes","Ramphastidae","Andigena","laminirostris",1
"Andigena nigrirostris","Piciformes","Ramphastidae","Andigena","nigrirostris",0
"Andigena cucullata","Piciformes","Ramphastidae","Andigena","cucullata",0
"Andigena hypoglauca","Piciformes","Ramphastidae","Andigena","hypoglauca",0
"Selenidera spectabilis","Piciformes","Ramphastidae","Selenidera","spectabilis",0
"Selenidera piperivora","Piciformes","Ramphastidae","Selenidera","piperivora",0
"Selenidera nattereri","Piciformes","Ramphastidae","Selenidera","nattereri",NA
"Selenidera reinwardtii","Piciformes","Ramphastidae","Selenidera","reinwardtii",0
NA,"Piciformes",NA,"Selenidera","langsdorffii",0
"Selenidera maculirostris","Piciformes","Ramphastidae","Selenidera","maculirostris",0
"Selenidera gouldii","Piciformes","Ramphastidae","Selenidera","gouldii",0
"Aulacorhynchus wagleri","Piciformes","Ramphastidae","Aulacorhynchus","wagleri",NA
"Aulacorhynchus prasinus","Piciformes","Ramphastidae","Aulacorhynchus","prasinus",0
"Aulacorhynchus caeruleogularis","Piciformes","Ramphastidae","Aulacorhynchus","caeruleogularis",NA
"Aulacorhynchus albivitta","Piciformes","Ramphastidae","Aulacorhynchus","albivitta",NA
"Aulacorhynchus atrogularis","Piciformes","Ramphastidae","Aulacorhynchus","atrogularis",1
NA,"Piciformes",NA,"Aulacorhynchus","cyanolaemus",1
"Aulacorhynchus huallagae","Piciformes","Ramphastidae","Aulacorhynchus","huallagae",0
"Aulacorhynchus coeruleicinctis","Piciformes","Ramphastidae","Aulacorhynchus","coeruleicinctis",0
"Aulacorhynchus haematopygus","Piciformes","Ramphastidae","Aulacorhynchus","haematopygus",0
"Aulacorhynchus whitelianus","Piciformes","Ramphastidae","Aulacorhynchus","whitelianus",0
"Aulacorhynchus derbianus","Piciformes","Ramphastidae","Aulacorhynchus","derbianus",0
"Aulacorhynchus sulcatus","Piciformes","Ramphastidae","Aulacorhynchus","sulcatus",0
NA,"Piciformes",NA,"Aulacorhynchus","calorhynchus",NA
"Psilopogon pyrolophus","Piciformes","Megalaimidae","Psilopogon","pyrolophus",0
"Psilopogon virens","Piciformes","Megalaimidae","Psilopogon","virens",NA
"Psilopogon lagrandieri","Piciformes","Megalaimidae","Psilopogon","lagrandieri",NA
"Psilopogon zeylanicus","Piciformes","Megalaimidae","Psilopogon","zeylanicus",NA
"Psilopogon lineatus","Piciformes","Megalaimidae","Psilopogon","lineatus",NA
"Psilopogon viridis","Piciformes","Megalaimidae","Psilopogon","viridis",0
"Psilopogon faiostrictus","Piciformes","Megalaimidae","Psilopogon","faiostrictus",NA
"Psilopogon corvinus","Piciformes","Megalaimidae","Psilopogon","corvinus",0
"Psilopogon chrysopogon","Piciformes","Megalaimidae","Psilopogon","chrysopogon",NA
"Psilopogon rafflesii","Piciformes","Megalaimidae","Psilopogon","rafflesii",NA
"Psilopogon mystacophanos","Piciformes","Megalaimidae","Psilopogon","mystacophanos",NA
"Psilopogon javensis","Piciformes","Megalaimidae","Psilopogon","javensis",NA
"Psilopogon flavifrons","Piciformes","Megalaimidae","Psilopogon","flavifrons",NA
"Psilopogon franklinii","Piciformes","Megalaimidae","Psilopogon","franklinii",1
"Psilopogon auricularis","Piciformes","Megalaimidae","Psilopogon","auricularis",NA
"Psilopogon oorti","Piciformes","Megalaimidae","Psilopogon","oorti",NA
"Psilopogon annamensis","Piciformes","Megalaimidae","Psilopogon","annamensis",NA
"Psilopogon faber","Piciformes","Megalaimidae","Psilopogon","faber",NA
"Psilopogon nuchalis","Piciformes","Megalaimidae","Psilopogon","nuchalis",NA
"Psilopogon asiaticus","Piciformes","Megalaimidae","Psilopogon","asiaticus",NA
"Psilopogon chersonesus","Piciformes","Megalaimidae","Psilopogon","chersonesus",NA
"Psilopogon monticola","Piciformes","Megalaimidae","Psilopogon","monticola",NA
"Psilopogon incognitus","Piciformes","Megalaimidae","Psilopogon","incognitus",NA
"Psilopogon henricii","Piciformes","Megalaimidae","Psilopogon","henricii",NA
"Psilopogon armillaris","Piciformes","Megalaimidae","Psilopogon","armillaris",NA
"Psilopogon pulcherrimus","Piciformes","Megalaimidae","Psilopogon","pulcherrimus",NA
"Psilopogon australis","Piciformes","Megalaimidae","Psilopogon","australis",1
"Psilopogon cyanotis","Piciformes","Megalaimidae","Psilopogon","cyanotis",0
"Psilopogon duvaucelii","Piciformes","Megalaimidae","Psilopogon","duvaucelii",1
"Psilopogon eximius","Piciformes","Megalaimidae","Psilopogon","eximius",NA
"Psilopogon rubricapillus","Piciformes","Megalaimidae","Psilopogon","rubricapillus",1
"Psilopogon malabaricus","Piciformes","Megalaimidae","Psilopogon","malabaricus",NA
"Psilopogon haemacephalus","Piciformes","Megalaimidae","Psilopogon","haemacephalus",1
"Caloramphus fuliginosus","Piciformes","Megalaimidae","Caloramphus","fuliginosus",1
"Caloramphus hayii","Piciformes","Megalaimidae","Caloramphus","hayii",1
"Trachylaemus goffinii","Piciformes","Lybiidae","Trachylaemus","goffinii",0
NA,"Piciformes",NA,"Trachylaemus","togoensis",0
"Trachylaemus purpuratus","Piciformes","Lybiidae","Trachylaemus","purpuratus",NA
"Trachyphonus vaillantii","Piciformes","Lybiidae","Trachyphonus","vaillantii",NA
"Trachyphonus erythrocephalus","Piciformes","Lybiidae","Trachyphonus","erythrocephalus",1
"Trachyphonus margaritatus","Piciformes","Lybiidae","Trachyphonus","margaritatus",1
"Trachyphonus darnaudii","Piciformes","Lybiidae","Trachyphonus","darnaudii",1
NA,"Piciformes",NA,"Trachyphonus","emini",1
"Trachyphonus usambiro","Piciformes","Lybiidae","Trachyphonus","usambiro",1
"Cryptolybia olivacea","Piciformes","Lybiidae","Cryptolybia","olivacea",1
"Gymnobucco bonapartei","Piciformes","Lybiidae","Gymnobucco","bonapartei",1
NA,"Piciformes",NA,"Gymnobucco","cinereiceps",0
"Gymnobucco sladeni","Piciformes","Lybiidae","Gymnobucco","sladeni",1
"Gymnobucco peli","Piciformes","Lybiidae","Gymnobucco","peli",0
"Gymnobucco calvus","Piciformes","Lybiidae","Gymnobucco","calvus",1
NA,"Piciformes",NA,"Gymnobucco","vernayi",1
"Stactolaema leucotis","Piciformes","Lybiidae","Stactolaema","leucotis",1
NA,"Piciformes",NA,"Stactolaema","leucogrammica",NA
"Stactolaema whytii","Piciformes","Lybiidae","Stactolaema","whytii",1
"Stactolaema anchietae","Piciformes","Lybiidae","Stactolaema","anchietae",1
"Pogoniulus scolopaceus","Piciformes","Lybiidae","Pogoniulus","scolopaceus",0
"Pogoniulus simplex","Piciformes","Lybiidae","Pogoniulus","simplex",0
"Pogoniulus leucomystax","Piciformes","Lybiidae","Pogoniulus","leucomystax",NA
"Pogoniulus coryphaea","Piciformes","Lybiidae","Pogoniulus","coryphaea",NA
"Pogoniulus atroflavus","Piciformes","Lybiidae","Pogoniulus","atroflavus",NA
"Pogoniulus subsulphureus","Piciformes","Lybiidae","Pogoniulus","subsulphureus",NA
"Pogoniulus bilineatus","Piciformes","Lybiidae","Pogoniulus","bilineatus",NA
NA,"Piciformes",NA,"Pogoniulus","makawai",NA
"Pogoniulus uropygialis","Piciformes","Lybiidae","Pogoniulus","uropygialis",NA
"Pogoniulus pusillus","Piciformes","Lybiidae","Pogoniulus","pusillus",NA
"Pogoniulus chrysoconus","Piciformes","Lybiidae","Pogoniulus","chrysoconus",1
"Buccanodon duchaillui","Piciformes","Lybiidae","Buccanodon","duchaillui",1
NA,"Piciformes",NA,"Buccanodon","dowsetti",NA
"Tricholaema hirsuta","Piciformes","Lybiidae","Tricholaema","hirsuta",NA
"Tricholaema diademata","Piciformes","Lybiidae","Tricholaema","diademata",NA
"Tricholaema frontata","Piciformes","Lybiidae","Tricholaema","frontata",0
"Tricholaema leucomelas","Piciformes","Lybiidae","Tricholaema","leucomelas",NA
"Tricholaema lacrymosa","Piciformes","Lybiidae","Tricholaema","lacrymosa",NA
"Tricholaema melanocephala","Piciformes","Lybiidae","Tricholaema","melanocephala",NA
"Lybius undatus","Piciformes","Lybiidae","Lybius","undatus",0
"Lybius vieilloti","Piciformes","Lybiidae","Lybius","vieilloti",1
"Lybius leucocephalus","Piciformes","Lybiidae","Lybius","leucocephalus",1
NA,"Piciformes",NA,"Lybius","senex",NA
NA,"Piciformes",NA,"Lybius","leucogaster",NA
"Lybius chaplini","Piciformes","Lybiidae","Lybius","chaplini",1
"Lybius rubrifacies","Piciformes","Lybiidae","Lybius","rubrifacies",1
"Lybius guifsobalito","Piciformes","Lybiidae","Lybius","guifsobalito",0
"Lybius torquatus","Piciformes","Lybiidae","Lybius","torquatus",1
"Pogonornis melanopterus","Piciformes","Lybiidae","Pogonornis","melanopterus",1
"Pogonornis minor","Piciformes","Lybiidae","Pogonornis","minor",0
NA,"Piciformes",NA,"Pogonornis","macclounii",NA
"Pogonornis bidentatus","Piciformes","Lybiidae","Pogonornis","bidentatus",NA
"Pogonornis dubius","Piciformes","Lybiidae","Pogonornis","dubius",1
"Pogonornis rolleti","Piciformes","Lybiidae","Pogonornis","rolleti",NA
"Prodotiscus insignis","Piciformes","Indicatoridae","Prodotiscus","insignis",NA
"Prodotiscus zambesiae","Piciformes","Indicatoridae","Prodotiscus","zambesiae",NA
"Prodotiscus regulus","Piciformes","Indicatoridae","Prodotiscus","regulus",NA
"Melignomon zenkeri","Piciformes","Indicatoridae","Melignomon","zenkeri",NA
"Melignomon eisentrauti","Piciformes","Indicatoridae","Melignomon","eisentrauti",NA
"Indicator pumilio","Piciformes","Indicatoridae","Indicator","pumilio",NA
"Indicator willcocksi","Piciformes","Indicatoridae","Indicator","willcocksi",1
"Indicator meliphilus","Piciformes","Indicatoridae","Indicator","meliphilus",NA
"Indicator exilis","Piciformes","Indicatoridae","Indicator","exilis",NA
"Indicator minor","Piciformes","Indicatoridae","Indicator","minor",1
"Indicator maculatus","Piciformes","Indicatoridae","Indicator","maculatus",NA
"Indicator variegatus","Piciformes","Indicatoridae","Indicator","variegatus",1
"Indicator xanthonotus","Piciformes","Indicatoridae","Indicator","xanthonotus",NA
"Indicator archipelagicus","Piciformes","Indicatoridae","Indicator","archipelagicus",NA
"Indicator indicator","Piciformes","Indicatoridae","Indicator","indicator",NA
"Melichneutes robustus","Piciformes","Indicatoridae","Melichneutes","robustus",0
"Jynx torquilla","Piciformes","Picidae","Jynx","torquilla",NA
"Jynx ruficollis","Piciformes","Picidae","Jynx","ruficollis",0
"Picumnus innominatus","Piciformes","Picidae","Picumnus","innominatus",0
"Picumnus aurifrons","Piciformes","Picidae","Picumnus","aurifrons",0
"Picumnus lafresnayi","Piciformes","Picidae","Picumnus","lafresnayi",NA
"Picumnus pumilus","Piciformes","Picidae","Picumnus","pumilus",NA
"Picumnus exilis","Piciformes","Picidae","Picumnus","exilis",0
"Picumnus sclateri","Piciformes","Picidae","Picumnus","sclateri",NA
"Picumnus squamulatus","Piciformes","Picidae","Picumnus","squamulatus",0
NA,"Piciformes",NA,"Picumnus","nigropunctatus",0
"Picumnus spilogaster","Piciformes","Picidae","Picumnus","spilogaster",0
"Picumnus minutissimus","Piciformes","Picidae","Picumnus","minutissimus",NA
"Picumnus pygmaeus","Piciformes","Picidae","Picumnus","pygmaeus",NA
"Picumnus steindachneri","Piciformes","Picidae","Picumnus","steindachneri",0
"Picumnus varzeae","Piciformes","Picidae","Picumnus","varzeae",NA
"Picumnus cirratus","Piciformes","Picidae","Picumnus","cirratus",0
"Picumnus dorbignyanus","Piciformes","Picidae","Picumnus","dorbignyanus",0
"Picumnus temminckii","Piciformes","Picidae","Picumnus","temminckii",NA
"Picumnus albosquamatus","Piciformes","Picidae","Picumnus","albosquamatus",NA
"Picumnus fuscus","Piciformes","Picidae","Picumnus","fuscus",NA
"Picumnus rufiventris","Piciformes","Picidae","Picumnus","rufiventris",0
"Picumnus limae","Piciformes","Picidae","Picumnus","limae",0
"Picumnus nebulosus","Piciformes","Picidae","Picumnus","nebulosus",0
"Picumnus castelnau","Piciformes","Picidae","Picumnus","castelnau",0
"Picumnus subtilis","Piciformes","Picidae","Picumnus","subtilis",NA
"Picumnus olivaceus","Piciformes","Picidae","Picumnus","olivaceus",0
"Picumnus granadensis","Piciformes","Picidae","Picumnus","granadensis",NA
"Picumnus cinnamomeus","Piciformes","Picidae","Picumnus","cinnamomeus",0
"Verreauxia africana","Piciformes","Picidae","Verreauxia","africana",0
"Sasia abnormis","Piciformes","Picidae","Sasia","abnormis",0
"Sasia ochracea","Piciformes","Picidae","Sasia","ochracea",0
"Nesoctites micromegas","Piciformes","Picidae","Nesoctites","micromegas",0
"Hemicircus concretus","Piciformes","Picidae","Hemicircus","concretus",0
NA,"Piciformes",NA,"Hemicircus","sordidus",0
"Hemicircus canente","Piciformes","Picidae","Hemicircus","canente",0
"Melanerpes candidus","Piciformes","Picidae","Melanerpes","candidus",0
"Melanerpes lewis","Piciformes","Picidae","Melanerpes","lewis",NA
"Melanerpes herminieri","Piciformes","Picidae","Melanerpes","herminieri",0
"Melanerpes portoricensis","Piciformes","Picidae","Melanerpes","portoricensis",0
"Melanerpes erythrocephalus","Piciformes","Picidae","Melanerpes","erythrocephalus",0
"Melanerpes formicivorus","Piciformes","Picidae","Melanerpes","formicivorus",0
"Melanerpes cruentatus","Piciformes","Picidae","Melanerpes","cruentatus",1
"Melanerpes flavifrons","Piciformes","Picidae","Melanerpes","flavifrons",1
"Melanerpes chrysauchen","Piciformes","Picidae","Melanerpes","chrysauchen",0
"Melanerpes pulcher","Piciformes","Picidae","Melanerpes","pulcher",NA
"Melanerpes pucherani","Piciformes","Picidae","Melanerpes","pucherani",0
"Melanerpes cactorum","Piciformes","Picidae","Melanerpes","cactorum",0
"Melanerpes striatus","Piciformes","Picidae","Melanerpes","striatus",1
"Melanerpes radiolatus","Piciformes","Picidae","Melanerpes","radiolatus",0
"Melanerpes chrysogenys","Piciformes","Picidae","Melanerpes","chrysogenys",0
"Melanerpes hypopolius","Piciformes","Picidae","Melanerpes","hypopolius",0
"Melanerpes pygmaeus","Piciformes","Picidae","Melanerpes","pygmaeus",NA
"Melanerpes rubricapillus","Piciformes","Picidae","Melanerpes","rubricapillus",0
"Melanerpes uropygialis","Piciformes","Picidae","Melanerpes","uropygialis",0
"Melanerpes hoffmannii","Piciformes","Picidae","Melanerpes","hoffmannii",0
"Melanerpes aurifrons","Piciformes","Picidae","Melanerpes","aurifrons",0
"Melanerpes carolinus","Piciformes","Picidae","Melanerpes","carolinus",0
"Melanerpes superciliaris","Piciformes","Picidae","Melanerpes","superciliaris",0
"Sphyrapicus thyroideus","Piciformes","Picidae","Sphyrapicus","thyroideus",0
"Sphyrapicus varius","Piciformes","Picidae","Sphyrapicus","varius",0
"Sphyrapicus nuchalis","Piciformes","Picidae","Sphyrapicus","nuchalis",0
"Sphyrapicus ruber","Piciformes","Picidae","Sphyrapicus","ruber",0
"Xiphidiopicus percussus","Piciformes","Picidae","Xiphidiopicus","percussus",0
"Pardipicus nivosus","Piciformes","Picidae","Pardipicus","nivosus",0
"Pardipicus caroli","Piciformes","Picidae","Pardipicus","caroli",NA
"Geocolaptes olivaceus","Piciformes","Picidae","Geocolaptes","olivaceus",0
"Campethera punctuligera","Piciformes","Picidae","Campethera","punctuligera",0
"Campethera bennettii","Piciformes","Picidae","Campethera","bennettii",0
"Campethera scriptoricauda","Piciformes","Picidae","Campethera","scriptoricauda",0
"Campethera nubica","Piciformes","Picidae","Campethera","nubica",0
"Campethera abingoni","Piciformes","Picidae","Campethera","abingoni",0
"Campethera mombassica","Piciformes","Picidae","Campethera","mombassica",0
"Campethera notata","Piciformes","Picidae","Campethera","notata",0
"Campethera maculosa","Piciformes","Picidae","Campethera","maculosa",0
"Campethera cailliautii","Piciformes","Picidae","Campethera","cailliautii",0
"Campethera tullbergi","Piciformes","Picidae","Campethera","tullbergi",0
"Campethera taeniolaema","Piciformes","Picidae","Campethera","taeniolaema",0
"Yungipicus temminckii","Piciformes","Picidae","Picoides","temminckii",NA
"Yungipicus nanus","Piciformes","Picidae","Picoides","nanus",0
"Yungipicus canicapillus","Piciformes","Picidae","Picoides","canicapillus",0
"Yungipicus maculatus","Piciformes","Picidae","Picoides","maculatus",0
"Yungipicus ramsayi","Piciformes","Picidae","Picoides","ramsayi",NA
"Yungipicus moluccensis","Piciformes","Picidae","Picoides","moluccensis",0
"Yungipicus kizuki","Piciformes","Picidae","Picoides","kizuki",0
"Picoides tridactylus","Piciformes","Picidae","Picoides","tridactylus",NA
NA,"Piciformes",NA,"Picoides","funebris",NA
"Picoides dorsalis","Piciformes","Picidae","Picoides","dorsalis",NA
"Picoides arcticus","Piciformes","Picidae","Picoides","arcticus",0
"Dendrocoptes dorae","Piciformes","Picidae","Dendropicos","dorae",0
"Dendrocoptes auriceps","Piciformes","Picidae","Leiopicus","auriceps",0
"Dendrocoptes medius","Piciformes","Picidae","Leiopicus","medius",0
"Leiopicus mahrattensis","Piciformes","Picidae","Leiopicus","mahrattensis",0
"Chloropicus namaquus","Piciformes","Picidae","Dendropicos","namaquus",0
"Chloropicus xantholophus","Piciformes","Picidae","Dendropicos","xantholophus",0
"Chloropicus pyrrhogaster","Piciformes","Picidae","Dendropicos","pyrrhogaster",0
"Dendropicos elachus","Piciformes","Picidae","Dendropicos","elachus",NA
"Dendropicos poecilolaemus","Piciformes","Picidae","Dendropicos","poecilolaemus",0
"Dendropicos abyssinicus","Piciformes","Picidae","Dendropicos","abyssinicus",NA
"Dendropicos fuscescens","Piciformes","Picidae","Dendropicos","fuscescens",0
"Dendropicos gabonensis","Piciformes","Picidae","Dendropicos","gabonensis",0
"Dendropicos lugubris","Piciformes","Picidae","Dendropicos","lugubris",0
"Dendropicos stierlingi","Piciformes","Picidae","Dendropicos","stierlingi",0
"Dendropicos elliotii","Piciformes","Picidae","Dendropicos","elliotii",0
NA,"Piciformes",NA,"Dendropicos","johnstoni",0
"Dendropicos goertae","Piciformes","Picidae","Dendropicos","goertae",0
"Dendropicos spodocephalus","Piciformes","Picidae","Dendropicos","spodocephalus",0
"Dendropicos griseocephalus","Piciformes","Picidae","Dendropicos","griseocephalus",0
"Dendropicos obsoletus","Piciformes","Picidae","Dendropicos","obsoletus",0
"Dryobates nuttallii","Piciformes","Picidae","Dryobates","nuttallii",0
"Dryobates scalaris","Piciformes","Picidae","Dryobates","scalaris",0
"Dryobates pubescens","Piciformes","Picidae","Dryobates","pubescens",1
"Dryobates cathpharius","Piciformes","Picidae","Dryobates","cathpharius",0
"Dryobates pernyii","Piciformes","Picidae","Dryobates","pernyii",0
"Dryobates minor","Piciformes","Picidae","Dryobates","minor",0
"Veniliornis passerinus","Piciformes","Picidae","Veniliornis","passerinus",0
"Veniliornis frontalis","Piciformes","Picidae","Veniliornis","frontalis",NA
"Veniliornis spilogaster","Piciformes","Picidae","Veniliornis","spilogaster",NA
"Veniliornis mixtus","Piciformes","Picidae","Veniliornis","mixtus",0
"Veniliornis lignarius","Piciformes","Picidae","Veniliornis","lignarius",0
"Veniliornis callonotus","Piciformes","Picidae","Veniliornis","callonotus",0
"Veniliornis dignus","Piciformes","Picidae","Veniliornis","dignus",0
"Veniliornis nigriceps","Piciformes","Picidae","Veniliornis","nigriceps",0
"Veniliornis sanguineus","Piciformes","Picidae","Veniliornis","sanguineus",0
"Veniliornis kirkii","Piciformes","Picidae","Veniliornis","kirkii",0
"Veniliornis affinis","Piciformes","Picidae","Veniliornis","affinis",0
"Veniliornis chocoensis","Piciformes","Picidae","Veniliornis","chocoensis",0
"Veniliornis cassini","Piciformes","Picidae","Veniliornis","cassini",0
"Veniliornis maculifrons","Piciformes","Picidae","Veniliornis","maculifrons",0
"Leuconotopicus borealis","Piciformes","Picidae","Leuconotopicus","borealis",1
"Leuconotopicus fumigatus","Piciformes","Picidae","Leuconotopicus","fumigatus",0
"Leuconotopicus arizonae","Piciformes","Picidae","Leuconotopicus","arizonae",NA
"Leuconotopicus stricklandi","Piciformes","Picidae","Leuconotopicus","stricklandi",0
"Leuconotopicus villosus","Piciformes","Picidae","Leuconotopicus","villosus",0
"Leuconotopicus albolarvatus","Piciformes","Picidae","Leuconotopicus","albolarvatus",0
"Dendrocopos hyperythrus","Piciformes","Picidae","Dendrocopos","hyperythrus",0
"Dendrocopos macei","Piciformes","Picidae","Dendrocopos","macei",0
"Dendrocopos analis","Piciformes","Picidae","Dendrocopos","analis",0
"Dendrocopos atratus","Piciformes","Picidae","Dendrocopos","atratus",0
"Dendrocopos darjellensis","Piciformes","Picidae","Dendrocopos","darjellensis",0
"Dendrocopos himalayensis","Piciformes","Picidae","Dendrocopos","himalayensis",0
"Dendrocopos assimilis","Piciformes","Picidae","Dendrocopos","assimilis",0
"Dendrocopos syriacus","Piciformes","Picidae","Dendrocopos","syriacus",0
"Dendrocopos leucopterus","Piciformes","Picidae","Dendrocopos","leucopterus",NA
"Dendrocopos major","Piciformes","Picidae","Dendrocopos","major",0
"Dendrocopos noguchii","Piciformes","Picidae","Dendrocopos","noguchii",NA
"Dendrocopos leucotos","Piciformes","Picidae","Dendrocopos","leucotos",NA
NA,"Piciformes",NA,"Dendrocopos","owstoni",0
"Piculus simplex","Piciformes","Picidae","Piculus","simplex",0
"Piculus callopterus","Piciformes","Picidae","Piculus","callopterus",0
"Piculus leucolaemus","Piciformes","Picidae","Piculus","leucolaemus",0
"Piculus litae","Piciformes","Picidae","Piculus","litae",0
"Piculus flavigula","Piciformes","Picidae","Piculus","flavigula",0
"Piculus chrysochloros","Piciformes","Picidae","Piculus","chrysochloros",0
"Piculus aurulentus","Piciformes","Picidae","Piculus","aurulentus",0
"Colaptes rubiginosus","Piciformes","Picidae","Colaptes","rubiginosus",0
"Colaptes aeruginosus","Piciformes","Picidae","Colaptes","aeruginosus",0
"Colaptes auricularis","Piciformes","Picidae","Colaptes","auricularis",NA
"Colaptes rivolii","Piciformes","Picidae","Colaptes","rivolii",0
NA,"Piciformes",NA,"Colaptes","atriceps",0
"Colaptes atricollis","Piciformes","Picidae","Colaptes","atricollis",0
"Colaptes punctigula","Piciformes","Picidae","Colaptes","punctigula",0
"Colaptes melanochloros","Piciformes","Picidae","Colaptes","melanochloros",0
NA,"Piciformes",NA,"Colaptes","melanolaimus",0
"Colaptes auratus","Piciformes","Picidae","Colaptes","auratus",1
NA,"Piciformes",NA,"Colaptes","cafer",1
"Colaptes mexicanoides","Piciformes","Picidae","Colaptes","mexicanoides",NA
"Colaptes chrysoides","Piciformes","Picidae","Colaptes","chrysoides",0
"Colaptes oceanicus","Piciformes","Picidae","Colaptes","oceanicus",NA
"Colaptes fernandinae","Piciformes","Picidae","Colaptes","fernandinae",0
"Colaptes pitius","Piciformes","Picidae","Colaptes","pitius",1
"Colaptes rupicola","Piciformes","Picidae","Colaptes","rupicola",1
NA,"Piciformes",NA,"Colaptes","cinereicapillus",1
"Colaptes campestris","Piciformes","Picidae","Colaptes","campestris",0
NA,"Piciformes",NA,"Colaptes","campestroides",1
"Celeus loricatus","Piciformes","Picidae","Celeus","loricatus",0
"Celeus undatus","Piciformes","Picidae","Celeus","undatus",0
"Celeus castaneus","Piciformes","Picidae","Celeus","castaneus",0
"Celeus elegans","Piciformes","Picidae","Celeus","elegans",0
"Celeus lugubris","Piciformes","Picidae","Celeus","lugubris",NA
"Celeus flavescens","Piciformes","Picidae","Celeus","flavescens",0
"Celeus ochraceus","Piciformes","Picidae","Celeus","ochraceus",0
"Celeus flavus","Piciformes","Picidae","Celeus","flavus",0
"Celeus spectabilis","Piciformes","Picidae","Celeus","spectabilis",0
"Celeus obrieni","Piciformes","Picidae","Celeus","obrieni",0
"Celeus torquatus","Piciformes","Picidae","Celeus","torquatus",0
NA,"Piciformes",NA,"Celeus","occidentalis",0
NA,"Piciformes",NA,"Celeus","tinnunculus",0
"Celeus galeatus","Piciformes","Picidae","Celeus","galeatus",0
"Dryocopus schulzii","Piciformes","Picidae","Hylatomus","schulzii",0
"Dryocopus lineatus","Piciformes","Picidae","Hylatomus","lineatus",0
NA,"Piciformes",NA,"Hylatomus","fuscipennis",0
"Dryocopus pileatus","Piciformes","Picidae","Hylatomus","pileatus",0
"Dryocopus javensis","Piciformes","Picidae","Dryocopus","javensis",0
"Dryocopus hodgei","Piciformes","Picidae","Dryocopus","hodgei",0
"Dryocopus martius","Piciformes","Picidae","Dryocopus","martius",0
"Campephilus pollens","Piciformes","Picidae","Campephilus","pollens",0
"Campephilus splendens","Piciformes","Picidae","Campephilus","splendens",0
"Campephilus haematogaster","Piciformes","Picidae","Campephilus","haematogaster",0
"Campephilus rubricollis","Piciformes","Picidae","Campephilus","rubricollis",0
"Campephilus robustus","Piciformes","Picidae","Campephilus","robustus",0
"Campephilus melanoleucos","Piciformes","Picidae","Campephilus","melanoleucos",0
"Campephilus guatemalensis","Piciformes","Picidae","Campephilus","guatemalensis",0
"Campephilus gayaquilensis","Piciformes","Picidae","Campephilus","gayaquilensis",0
"Campephilus leucopogon","Piciformes","Picidae","Campephilus","leucopogon",0
"Campephilus magellanicus","Piciformes","Picidae","Campephilus","magellanicus",0
"Campephilus principalis","Piciformes","Picidae","Campephilus","principalis",1
"Campephilus imperialis","Piciformes","Picidae","Campephilus","imperialis",0
"Chrysophlegma miniaceum","Piciformes","Picidae","Chrysophlegma","miniaceum",0
"Chrysophlegma mentale","Piciformes","Picidae","Chrysophlegma","mentale",0
NA,"Piciformes",NA,"Chrysophlegma","humii",0
"Chrysophlegma flavinucha","Piciformes","Picidae","Chrysophlegma","flavinucha",0
"Picus chlorolophus","Piciformes","Picidae","Picus","chlorolophus",0
"Picus puniceus","Piciformes","Picidae","Picus","puniceus",0
"Picus viridanus","Piciformes","Picidae","Picus","viridanus",NA
"Picus vittatus","Piciformes","Picidae","Picus","vittatus",0
"Picus xanthopygaeus","Piciformes","Picidae","Picus","xanthopygaeus",0
"Picus squamatus","Piciformes","Picidae","Picus","squamatus",0
"Picus awokera","Piciformes","Picidae","Picus","awokera",NA
"Picus viridis","Piciformes","Picidae","Picus","viridis",0
"Picus sharpei","Piciformes","Picidae","Picus","sharpei",NA
"Picus vaillantii","Piciformes","Picidae","Picus","vaillantii",0
"Picus rabieri","Piciformes","Picidae","Picus","rabieri",0
"Picus erythropygius","Piciformes","Picidae","Picus","erythropygius",0
"Picus canus","Piciformes","Picidae","Picus","canus",0
NA,"Piciformes",NA,"Picus","guerini",0
"Picus dedemi","Piciformes","Picidae","Picus","dedemi",0
"Dinopium shorii","Piciformes","Picidae","Dinopium","shorii",NA
"Dinopium javanense","Piciformes","Picidae","Dinopium","javanense",0
"Dinopium everetti","Piciformes","Picidae","Dinopium","everetti",0
"Dinopium benghalense","Piciformes","Picidae","Dinopium","benghalense",0
"Dinopium psarodes","Piciformes","Picidae","Dinopium","psarodes",0
"Chrysocolaptes validus","Piciformes","Picidae","Chrysocolaptes","validus",0
"Chrysocolaptes lucidus","Piciformes","Picidae","Chrysocolaptes","lucidus",0
"Chrysocolaptes haematribon","Piciformes","Picidae","Chrysocolaptes","haematribon",0
"Chrysocolaptes xanthocephalus","Piciformes","Picidae","Chrysocolaptes","xanthocephalus",NA
"Chrysocolaptes erythrocephalus","Piciformes","Picidae","Chrysocolaptes","erythrocephalus",NA
"Chrysocolaptes strictus","Piciformes","Picidae","Chrysocolaptes","strictus",0
"Chrysocolaptes guttacristatus","Piciformes","Picidae","Chrysocolaptes","guttacristatus",0
"Chrysocolaptes socialis","Piciformes","Picidae","Chrysocolaptes","socialis",NA
"Chrysocolaptes stricklandi","Piciformes","Picidae","Chrysocolaptes","stricklandi",0
"Chrysocolaptes festivus","Piciformes","Picidae","Chrysocolaptes","festivus",0
"Gecinulus grantia","Piciformes","Picidae","Gecinulus","grantia",0
"Gecinulus viridis","Piciformes","Picidae","Gecinulus","viridis",0
"Gecinulus rafflesii","Piciformes","Picidae","Chloropicoides","rafflesii",0
"Blythipicus rubiginosus","Piciformes","Picidae","Blythipicus","rubiginosus",0
"Blythipicus pyrrhotis","Piciformes","Picidae","Blythipicus","pyrrhotis",0
"Micropternus brachyurus","Piciformes","Picidae","Micropternus","brachyurus",0
"Meiglyptes grammithorax","Piciformes","Picidae","Meiglyptes","grammithorax",0
"Meiglyptes tristis","Piciformes","Picidae","Meiglyptes","tristis",0
"Meiglyptes jugularis","Piciformes","Picidae","Meiglyptes","jugularis",0
"Meiglyptes tukki","Piciformes","Picidae","Meiglyptes","tukki",0
"Mulleripicus fulvus","Piciformes","Picidae","Mulleripicus","fulvus",0
"Mulleripicus funebris","Piciformes","Picidae","Mulleripicus","funebris",0
"Mulleripicus fuliginosus","Piciformes","Picidae","Mulleripicus","fuliginosus",NA
"Mulleripicus pulverulentus","Piciformes","Picidae","Mulleripicus","pulverulentus",0
"Cariama cristata","Cariamiformes","Cariamidae","Cariama","cristata",0
"Chunga burmeisteri","Cariamiformes","Cariamidae","Chunga","burmeisteri",NA
"Spiziapteryx circumcincta","Falconiformes","Falconidae","Spiziapteryx","circumcincta",NA
"Caracara lutosa","Falconiformes","Falconidae","Caracara","lutosa",NA
"Caracara plancus","Falconiformes","Falconidae","Caracara","plancus",0
"Ibycter americanus","Falconiformes","Falconidae","Ibycter","americanus",0
"Daptrius ater","Falconiformes","Falconidae","Daptrius","ater",0
"Milvago chimachima","Falconiformes","Falconidae","Milvago","chimachima",NA
"Milvago chimango","Falconiformes","Falconidae","Phalcoboenus","chimango",0
"Phalcoboenus australis","Falconiformes","Falconidae","Phalcoboenus","australis",1
"Phalcoboenus carunculatus","Falconiformes","Falconidae","Phalcoboenus","carunculatus",NA
"Phalcoboenus megalopterus","Falconiformes","Falconidae","Phalcoboenus","megalopterus",0
"Phalcoboenus albogularis","Falconiformes","Falconidae","Phalcoboenus","albogularis",1
"Herpetotheres cachinnans","Falconiformes","Falconidae","Herpetotheres","cachinnans",0
"Micrastur ruficollis","Falconiformes","Falconidae","Micrastur","ruficollis",NA
"Micrastur plumbeus","Falconiformes","Falconidae","Micrastur","plumbeus",NA
"Micrastur gilvicollis","Falconiformes","Falconidae","Micrastur","gilvicollis",0
"Micrastur mintoni","Falconiformes","Falconidae","Micrastur","mintoni",NA
"Micrastur mirandollei","Falconiformes","Falconidae","Micrastur","mirandollei",NA
"Micrastur semitorquatus","Falconiformes","Falconidae","Micrastur","semitorquatus",NA
"Micrastur buckleyi","Falconiformes","Falconidae","Micrastur","buckleyi",NA
"Polihierax semitorquatus","Falconiformes","Falconidae","Polihierax","semitorquatus",0
"Microhierax caerulescens","Falconiformes","Falconidae","Microhierax","caerulescens",NA
"Microhierax fringillarius","Falconiformes","Falconidae","Microhierax","fringillarius",NA
"Microhierax latifrons","Falconiformes","Falconidae","Microhierax","latifrons",0
"Microhierax erythrogenys","Falconiformes","Falconidae","Microhierax","erythrogenys",NA
"Microhierax melanoleucos","Falconiformes","Falconidae","Microhierax","melanoleucos",NA
"Neohierax insignis","Falconiformes","Falconidae","Neohierax","insignis",NA
"Falco naumanni","Falconiformes","Falconidae","Falco","naumanni",0
"Falco tinnunculus","Falconiformes","Falconidae","Falco","tinnunculus",0
"Falco rupicolus","Falconiformes","Falconidae","Falco","rupicolus",0
"Falco newtoni","Falconiformes","Falconidae","Falco","newtoni",NA
"Falco punctatus","Falconiformes","Falconidae","Falco","punctatus",NA
"Falco duboisi","Falconiformes","Falconidae","Falco","duboisi",NA
"Falco araeus","Falconiformes","Falconidae","Falco","araeus",NA
"Falco moluccensis","Falconiformes","Falconidae","Falco","moluccensis",NA
"Falco cenchroides","Falconiformes","Falconidae","Falco","cenchroides",1
"Falco sparverius","Falconiformes","Falconidae","Falco","sparverius",0
"Falco rupicoloides","Falconiformes","Falconidae","Falco","rupicoloides",NA
"Falco alopex","Falconiformes","Falconidae","Falco","alopex",0
"Falco ardosiaceus","Falconiformes","Falconidae","Falco","ardosiaceus",NA
"Falco dickinsoni","Falconiformes","Falconidae","Falco","dickinsoni",NA
"Falco zoniventris","Falconiformes","Falconidae","Falco","zoniventris",NA
"Falco chicquera","Falconiformes","Falconidae","Falco","chicquera",0
NA,"Falconiformes",NA,"Falco","ruficollis",NA
"Falco vespertinus","Falconiformes","Falconidae","Falco","vespertinus",0
"Falco amurensis","Falconiformes","Falconidae","Falco","amurensis",1
"Falco eleonorae","Falconiformes","Falconidae","Falco","eleonorae",0
"Falco concolor","Falconiformes","Falconidae","Falco","concolor",1
"Falco femoralis","Falconiformes","Falconidae","Falco","femoralis",0
"Falco columbarius","Falconiformes","Falconidae","Falco","columbarius",0
"Falco rufigularis","Falconiformes","Falconidae","Falco","rufigularis",0
"Falco deiroleucus","Falconiformes","Falconidae","Falco","deiroleucus",0
"Falco subbuteo","Falconiformes","Falconidae","Falco","subbuteo",0
"Falco cuvierii","Falconiformes","Falconidae","Falco","cuvierii",NA
"Falco severus","Falconiformes","Falconidae","Falco","severus",NA
"Falco longipennis","Falconiformes","Falconidae","Falco","longipennis",0
"Falco novaeseelandiae","Falconiformes","Falconidae","Falco","novaeseelandiae",0
"Falco berigora","Falconiformes","Falconidae","Falco","berigora",0
"Falco hypoleucos","Falconiformes","Falconidae","Falco","hypoleucos",0
"Falco subniger","Falconiformes","Falconidae","Falco","subniger",0
"Falco biarmicus","Falconiformes","Falconidae","Falco","biarmicus",NA
"Falco jugger","Falconiformes","Falconidae","Falco","jugger",NA
"Falco cherrug","Falconiformes","Falconidae","Falco","cherrug",0
"Falco rusticolus","Falconiformes","Falconidae","Falco","rusticolus",0
"Falco mexicanus","Falconiformes","Falconidae","Falco","mexicanus",0
"Falco peregrinus","Falconiformes","Falconidae","Falco","peregrinus",0
"Falco fasciinucha","Falconiformes","Falconidae","Falco","fasciinucha",NA
"Strigops habroptilus","Psittaciformes","Strigopidae","Strigops","habroptilus",0
"Nestor notabilis","Psittaciformes","Strigopidae","Nestor","notabilis",NA
"Nestor meridionalis","Psittaciformes","Strigopidae","Nestor","meridionalis",NA
"Nestor productus","Psittaciformes","Strigopidae","Nestor","productus",NA
"Zanda funerea","Psittaciformes","Cacatuidae","Zanda","funerea",1
"Zanda baudinii","Psittaciformes","Cacatuidae","Zanda","baudinii",1
"Zanda latirostris","Psittaciformes","Cacatuidae","Zanda","latirostris",1
"Calyptorhynchus banksii","Psittaciformes","Cacatuidae","Calyptorhynchus","banksii",NA
"Calyptorhynchus lathami","Psittaciformes","Cacatuidae","Calyptorhynchus","lathami",1
"Nymphicus hollandicus","Psittaciformes","Cacatuidae","Nymphicus","hollandicus",1
"Probosciger aterrimus","Psittaciformes","Cacatuidae","Probosciger","aterrimus",1
"Callocephalon fimbriatum","Psittaciformes","Cacatuidae","Callocephalon","fimbriatum",1
"Eolophus roseicapilla","Psittaciformes","Cacatuidae","Eolophus","roseicapilla",1
"Cacatua leadbeateri","Psittaciformes","Cacatuidae","Cacatua","leadbeateri",1
"Cacatua haematuropygia","Psittaciformes","Cacatuidae","Cacatua","haematuropygia",0
"Cacatua goffiniana","Psittaciformes","Cacatuidae","Cacatua","goffiniana",1
"Cacatua ducorpsii","Psittaciformes","Cacatuidae","Cacatua","ducorpsii",0
"Cacatua pastinator","Psittaciformes","Cacatuidae","Cacatua","pastinator",NA
"Cacatua sanguinea","Psittaciformes","Cacatuidae","Cacatua","sanguinea",1
"Cacatua tenuirostris","Psittaciformes","Cacatuidae","Cacatua","tenuirostris",NA
"Cacatua alba","Psittaciformes","Cacatuidae","Cacatua","alba",0
"Cacatua ophthalmica","Psittaciformes","Cacatuidae","Cacatua","ophthalmica",0
"Cacatua moluccensis","Psittaciformes","Cacatuidae","Cacatua","moluccensis",0
"Cacatua sulphurea","Psittaciformes","Cacatuidae","Cacatua","sulphurea",1
"Cacatua citrinocristata","Psittaciformes","Cacatuidae","Cacatua","citrinocristata",1
"Cacatua galerita","Psittaciformes","Cacatuidae","Cacatua","galerita",1
"Psittacus erithacus","Psittaciformes","Psittacidae","Psittacus","erithacus",1
"Psittacus timneh","Psittaciformes","Psittacidae","Psittacus","timneh",NA
"Poicephalus gulielmi","Psittaciformes","Psittacidae","Poicephalus","gulielmi",1
"Poicephalus flavifrons","Psittaciformes","Psittacidae","Poicephalus","flavifrons",NA
"Poicephalus fuscicollis","Psittaciformes","Psittacidae","Poicephalus","fuscicollis",1
"Poicephalus robustus","Psittaciformes","Psittacidae","Poicephalus","robustus",1
"Poicephalus meyeri","Psittaciformes","Psittacidae","Poicephalus","meyeri",NA
"Poicephalus rueppellii","Psittaciformes","Psittacidae","Poicephalus","rueppellii",NA
"Poicephalus cryptoxanthus","Psittaciformes","Psittacidae","Poicephalus","cryptoxanthus",NA
"Poicephalus crassus","Psittaciformes","Psittacidae","Poicephalus","crassus",NA
"Poicephalus senegalus","Psittaciformes","Psittacidae","Poicephalus","senegalus",NA
"Poicephalus rufiventris","Psittaciformes","Psittacidae","Poicephalus","rufiventris",1
"Touit batavicus","Psittaciformes","Psittacidae","Touit","batavicus",NA
"Touit huetii","Psittaciformes","Psittacidae","Touit","huetii",1
"Touit costaricensis","Psittaciformes","Psittacidae","Touit","costaricensis",0
"Touit dilectissimus","Psittaciformes","Psittacidae","Touit","dilectissimus",NA
"Touit purpuratus","Psittaciformes","Psittacidae","Touit","purpuratus",1
"Touit melanonotus","Psittaciformes","Psittacidae","Touit","melanonotus",1
"Touit surdus","Psittaciformes","Psittacidae","Touit","surdus",0
"Touit stictopterus","Psittaciformes","Psittacidae","Touit","stictopterus",1
"Psilopsiagon aymara","Psittaciformes","Psittacidae","Psilopsiagon","aymara",NA
"Psilopsiagon aurifrons","Psittaciformes","Psittacidae","Psilopsiagon","aurifrons",1
"Bolborhynchus lineola","Psittaciformes","Psittacidae","Bolborhynchus","lineola",1
"Bolborhynchus ferrugineifrons","Psittaciformes","Psittacidae","Bolborhynchus","ferrugineifrons",NA
"Bolborhynchus orbygnesius","Psittaciformes","Psittacidae","Bolborhynchus","orbygnesius",1
"Nannopsittaca panychlora","Psittaciformes","Psittacidae","Nannopsittaca","panychlora",NA
"Nannopsittaca dachilleae","Psittaciformes","Psittacidae","Nannopsittaca","dachilleae",NA
"Myiopsitta monachus","Psittaciformes","Psittacidae","Myiopsitta","monachus",0
"Myiopsitta luchsi","Psittaciformes","Psittacidae","Myiopsitta","luchsi",NA
"Brotogeris sanctithomae","Psittaciformes","Psittacidae","Brotogeris","sanctithomae",NA
"Brotogeris tirica","Psittaciformes","Psittacidae","Brotogeris","tirica",1
"Brotogeris versicolurus","Psittaciformes","Psittacidae","Brotogeris","versicolurus",1
"Brotogeris chiriri","Psittaciformes","Psittacidae","Brotogeris","chiriri",1
"Brotogeris pyrrhoptera","Psittaciformes","Psittacidae","Brotogeris","pyrrhoptera",1
"Brotogeris jugularis","Psittaciformes","Psittacidae","Brotogeris","jugularis",NA
"Brotogeris cyanoptera","Psittaciformes","Psittacidae","Brotogeris","cyanoptera",1
"Brotogeris chrysoptera","Psittaciformes","Psittacidae","Brotogeris","chrysoptera",1
"Pionopsitta pileata","Psittaciformes","Psittacidae","Pionopsitta","pileata",1
"Triclaria malachitacea","Psittaciformes","Psittacidae","Triclaria","malachitacea",0
"Pyrilia haematotis","Psittaciformes","Psittacidae","Pyrilia","haematotis",NA
"Pyrilia pyrilia","Psittaciformes","Psittacidae","Pyrilia","pyrilia",NA
"Pyrilia pulchra","Psittaciformes","Psittacidae","Pyrilia","pulchra",NA
"Pyrilia barrabandi","Psittaciformes","Psittacidae","Pyrilia","barrabandi",NA
"Pyrilia caica","Psittaciformes","Psittacidae","Pyrilia","caica",NA
"Pyrilia aurantiocephala","Psittaciformes","Psittacidae","Pyrilia","aurantiocephala",NA
"Pyrilia vulturina","Psittaciformes","Psittacidae","Pyrilia","vulturina",0
"Hapalopsittaca amazonina","Psittaciformes","Psittacidae","Hapalopsittaca","amazonina",NA
"Hapalopsittaca fuertesi","Psittaciformes","Psittacidae","Hapalopsittaca","fuertesi",1
"Hapalopsittaca pyrrhops","Psittaciformes","Psittacidae","Hapalopsittaca","pyrrhops",NA
"Hapalopsittaca melanotis","Psittaciformes","Psittacidae","Hapalopsittaca","melanotis",1
"Pionus fuscus","Psittaciformes","Psittacidae","Pionus","fuscus",0
"Pionus sordidus","Psittaciformes","Psittacidae","Pionus","sordidus",NA
"Pionus maximiliani","Psittaciformes","Psittacidae","Pionus","maximiliani",NA
"Pionus tumultuosus","Psittaciformes","Psittacidae","Pionus","tumultuosus",NA
"Pionus seniloides","Psittaciformes","Psittacidae","Pionus","seniloides",NA
"Pionus menstruus","Psittaciformes","Psittacidae","Pionus","menstruus",1
NA,"Psittaciformes",NA,"Pionus","reichenowi",NA
"Pionus senilis","Psittaciformes","Psittacidae","Pionus","senilis",NA
"Pionus chalcopterus","Psittaciformes","Psittacidae","Pionus","chalcopterus",NA
"Graydidascalus brachyurus","Psittaciformes","Psittacidae","Graydidascalus","brachyurus",NA
"Alipiopsitta xanthops","Psittaciformes","Psittacidae","Alipiopsitta","xanthops",NA
"Amazona festiva","Psittaciformes","Psittacidae","Amazona","festiva",0
NA,"Psittaciformes",NA,"Amazona","bodini",NA
"Amazona vinacea","Psittaciformes","Psittacidae","Amazona","vinacea",1
"Amazona tucumana","Psittaciformes","Psittacidae","Amazona","tucumana",NA
"Amazona pretrei","Psittaciformes","Psittacidae","Amazona","pretrei",NA
"Amazona agilis","Psittaciformes","Psittacidae","Amazona","agilis",1
"Amazona albifrons","Psittaciformes","Psittacidae","Amazona","albifrons",NA
"Amazona collaria","Psittaciformes","Psittacidae","Amazona","collaria",NA
"Amazona leucocephala","Psittaciformes","Psittacidae","Amazona","leucocephala",NA
"Amazona ventralis","Psittaciformes","Psittacidae","Amazona","ventralis",NA
"Amazona vittata","Psittaciformes","Psittacidae","Amazona","vittata",NA
"Amazona finschi","Psittaciformes","Psittacidae","Amazona","finschi",1
"Amazona autumnalis","Psittaciformes","Psittacidae","Amazona","autumnalis",1
NA,"Psittaciformes",NA,"Amazona","lilacina",NA
"Amazona diadema","Psittaciformes","Psittacidae","Amazona","diadema",NA
"Amazona viridigenalis","Psittaciformes","Psittacidae","Amazona","viridigenalis",NA
"Amazona xantholora","Psittaciformes","Psittacidae","Amazona","xantholora",1
"Amazona dufresniana","Psittaciformes","Psittacidae","Amazona","dufresniana",NA
"Amazona rhodocorytha","Psittaciformes","Psittacidae","Amazona","rhodocorytha",NA
"Amazona arausiaca","Psittaciformes","Psittacidae","Amazona","arausiaca",NA
"Amazona versicolor","Psittaciformes","Psittacidae","Amazona","versicolor",NA
"Amazona oratrix","Psittaciformes","Psittacidae","Amazona","oratrix",1
"Amazona auropalliata","Psittaciformes","Psittacidae","Amazona","auropalliata",1
NA,"Psittaciformes",NA,"Amazona","martinicana",NA
NA,"Psittaciformes",NA,"Amazona","violacea",NA
"Amazona ochrocephala","Psittaciformes","Psittacidae","Amazona","ochrocephala",1
"Amazona barbadensis","Psittaciformes","Psittacidae","Amazona","barbadensis",NA
"Amazona aestiva","Psittaciformes","Psittacidae","Amazona","aestiva",0
"Amazona mercenarius","Psittaciformes","Psittacidae","Amazona","mercenarius",1
"Amazona farinosa","Psittaciformes","Psittacidae","Amazona","farinosa",1
NA,"Psittaciformes",NA,"Amazona","guatemalae",NA
"Amazona kawalli","Psittaciformes","Psittacidae","Amazona","kawalli",NA
"Amazona imperialis","Psittaciformes","Psittacidae","Amazona","imperialis",0
"Amazona brasiliensis","Psittaciformes","Psittacidae","Amazona","brasiliensis",1
"Amazona amazonica","Psittaciformes","Psittacidae","Amazona","amazonica",1
"Amazona guildingii","Psittaciformes","Psittacidae","Amazona","guildingii",NA
"Forpus modestus","Psittaciformes","Psittacidae","Forpus","modestus",NA
"Forpus cyanopygius","Psittaciformes","Psittacidae","Forpus","cyanopygius",0
"Forpus crassirostris","Psittaciformes","Psittacidae","Forpus","crassirostris",NA
"Forpus spengeli","Psittaciformes","Psittacidae","Forpus","spengeli",NA
"Forpus xanthopterygius","Psittaciformes","Psittacidae","Forpus","xanthopterygius",1
"Forpus passerinus","Psittaciformes","Psittacidae","Forpus","passerinus",1
"Forpus conspicillatus","Psittaciformes","Psittacidae","Forpus","conspicillatus",1
"Forpus coelestis","Psittaciformes","Psittacidae","Forpus","coelestis",1
"Forpus xanthops","Psittaciformes","Psittacidae","Forpus","xanthops",0
"Pionites melanocephalus","Psittaciformes","Psittacidae","Pionites","melanocephalus",1
"Pionites leucogaster","Psittaciformes","Psittacidae","Pionites","leucogaster",1
NA,"Psittaciformes",NA,"Pionites","xanthomerius",NA
NA,"Psittaciformes",NA,"Pionites","xanthurus",1
"Deroptyus accipitrinus","Psittaciformes","Psittacidae","Deroptyus","accipitrinus",0
"Pyrrhura cruentata","Psittaciformes","Psittacidae","Pyrrhura","cruentata",NA
"Pyrrhura devillei","Psittaciformes","Psittacidae","Pyrrhura","devillei",1
"Pyrrhura frontalis","Psittaciformes","Psittacidae","Pyrrhura","frontalis",1
"Pyrrhura lepida","Psittaciformes","Psittacidae","Pyrrhura","lepida",NA
"Pyrrhura perlata","Psittaciformes","Psittacidae","Pyrrhura","perlata",1
"Pyrrhura molinae","Psittaciformes","Psittacidae","Pyrrhura","molinae",1
"Pyrrhura pfrimeri","Psittaciformes","Psittacidae","Pyrrhura","pfrimeri",1
"Pyrrhura griseipectus","Psittaciformes","Psittacidae","Pyrrhura","griseipectus",NA
"Pyrrhura leucotis","Psittaciformes","Psittacidae","Pyrrhura","leucotis",NA
"Pyrrhura picta","Psittaciformes","Psittacidae","Pyrrhura","picta",1
NA,"Psittaciformes",NA,"Pyrrhura","eisenmanni",NA
NA,"Psittaciformes",NA,"Pyrrhura","subandina",NA
NA,"Psittaciformes",NA,"Pyrrhura","caeruleiceps",1
"Pyrrhura emma","Psittaciformes","Psittacidae","Pyrrhura","emma",1
"Pyrrhura amazonum","Psittaciformes","Psittacidae","Pyrrhura","amazonum",1
NA,"Psittaciformes",NA,"Pyrrhura","snethlageae",NA
"Pyrrhura lucianii","Psittaciformes","Psittacidae","Pyrrhura","lucianii",NA
"Pyrrhura roseifrons","Psittaciformes","Psittacidae","Pyrrhura","roseifrons",1
NA,"Psittaciformes",NA,"Pyrrhura","peruviana",NA
NA,"Psittaciformes",NA,"Pyrrhura","parvifrons",1
"Pyrrhura viridicata","Psittaciformes","Psittacidae","Pyrrhura","viridicata",NA
"Pyrrhura egregia","Psittaciformes","Psittacidae","Pyrrhura","egregia",NA
"Pyrrhura melanura","Psittaciformes","Psittacidae","Pyrrhura","melanura",1
NA,"Psittaciformes",NA,"Pyrrhura","pacifica",1
NA,"Psittaciformes",NA,"Pyrrhura","chapmani",NA
"Pyrrhura orcesi","Psittaciformes","Psittacidae","Pyrrhura","orcesi",NA
"Pyrrhura albipectus","Psittaciformes","Psittacidae","Pyrrhura","albipectus",NA
"Pyrrhura rupicola","Psittaciformes","Psittacidae","Pyrrhura","rupicola",NA
"Pyrrhura calliptera","Psittaciformes","Psittacidae","Pyrrhura","calliptera",NA
"Pyrrhura hoematotis","Psittaciformes","Psittacidae","Pyrrhura","hoematotis",NA
"Pyrrhura rhodocephala","Psittaciformes","Psittacidae","Pyrrhura","rhodocephala",NA
"Pyrrhura hoffmanni","Psittaciformes","Psittacidae","Pyrrhura","hoffmanni",NA
"Enicognathus ferrugineus","Psittaciformes","Psittacidae","Enicognathus","ferrugineus",NA
"Enicognathus leptorhynchus","Psittaciformes","Psittacidae","Enicognathus","leptorhynchus",1
"Cyanoliseus patagonus","Psittaciformes","Psittacidae","Cyanoliseus","patagonus",0
"Anodorhynchus hyacinthinus","Psittaciformes","Psittacidae","Anodorhynchus","hyacinthinus",0
"Anodorhynchus leari","Psittaciformes","Psittacidae","Anodorhynchus","leari",1
"Anodorhynchus glaucus","Psittaciformes","Psittacidae","Anodorhynchus","glaucus",NA
"Rhynchopsitta pachyrhyncha","Psittaciformes","Psittacidae","Rhynchopsitta","pachyrhyncha",NA
"Rhynchopsitta terrisi","Psittaciformes","Psittacidae","Rhynchopsitta","terrisi",0
"Eupsittula nana","Psittaciformes","Psittacidae","Eupsittula","nana",1
NA,"Psittaciformes",NA,"Eupsittula","astec",1
"Eupsittula canicularis","Psittaciformes","Psittacidae","Eupsittula","canicularis",1
"Eupsittula aurea","Psittaciformes","Psittacidae","Eupsittula","aurea",0
"Eupsittula pertinax","Psittaciformes","Psittacidae","Eupsittula","pertinax",1
"Eupsittula cactorum","Psittaciformes","Psittacidae","Eupsittula","cactorum",1
"Conuropsis carolinensis","Psittaciformes","Psittacidae","Conuropsis","carolinensis",1
"Aratinga weddellii","Psittaciformes","Psittacidae","Aratinga","weddellii",1
"Aratinga nenday","Psittaciformes","Psittacidae","Aratinga","nenday",1
"Aratinga solstitialis","Psittaciformes","Psittacidae","Aratinga","solstitialis",1
"Aratinga maculata","Psittaciformes","Psittacidae","Aratinga","maculata",1
"Aratinga jandaya","Psittaciformes","Psittacidae","Aratinga","jandaya",0
"Aratinga auricapillus","Psittaciformes","Psittacidae","Aratinga","auricapillus",1
"Cyanopsitta spixii","Psittaciformes","Psittacidae","Cyanopsitta","spixii",NA
"Orthopsittaca manilatus","Psittaciformes","Psittacidae","Orthopsittaca","manilatus",1
"Primolius couloni","Psittaciformes","Psittacidae","Primolius","couloni",0
"Primolius auricollis","Psittaciformes","Psittacidae","Primolius","auricollis",1
"Primolius maracana","Psittaciformes","Psittacidae","Primolius","maracana",NA
"Ara ararauna","Psittaciformes","Psittacidae","Ara","ararauna",0
"Ara glaucogularis","Psittaciformes","Psittacidae","Ara","glaucogularis",0
"Ara severus","Psittaciformes","Psittacidae","Ara","severus",NA
"Ara rubrogenys","Psittaciformes","Psittacidae","Ara","rubrogenys",1
"Ara tricolor","Psittaciformes","Psittacidae","Ara","tricolor",NA
"Ara militaris","Psittaciformes","Psittacidae","Ara","militaris",NA
"Ara ambiguus","Psittaciformes","Psittacidae","Ara","ambiguus",NA
"Ara macao","Psittaciformes","Psittacidae","Ara","macao",0
"Ara chloropterus","Psittaciformes","Psittacidae","Ara","chloropterus",0
"Leptosittaca branickii","Psittaciformes","Psittacidae","Leptosittaca","branickii",1
"Ognorhynchus icterotis","Psittaciformes","Psittacidae","Ognorhynchus","icterotis",0
"Guaruba guarouba","Psittaciformes","Psittacidae","Guaruba","guarouba",1
"Diopsittaca nobilis","Psittaciformes","Psittacidae","Diopsittaca","nobilis",1
NA,"Psittaciformes",NA,"Diopsittaca","cumanensis",NA
"Thectocercus acuticaudatus","Psittaciformes","Psittacidae","Psittacara","acuticaudatus",1
"Psittacara holochlorus","Psittaciformes","Psittacidae","Psittacara","holochlorus",1
NA,"Psittaciformes",NA,"Psittacara","rubritorquis",0
"Psittacara brevipes","Psittaciformes","Psittacidae","Psittacara","brevipes",NA
"Psittacara strenuus","Psittaciformes","Psittacidae","Psittacara","strenuus",0
"Psittacara wagleri","Psittaciformes","Psittacidae","Psittacara","wagleri",0
"Psittacara frontatus","Psittaciformes","Psittacidae","Psittacara","frontatus",0
"Psittacara mitratus","Psittaciformes","Psittacidae","Psittacara","mitratus",1
"Psittacara erythrogenys","Psittaciformes","Psittacidae","Psittacara","erythrogenys",1
"Psittacara finschi","Psittaciformes","Psittacidae","Psittacara","finschi",1
"Psittacara leucophthalmus","Psittaciformes","Psittacidae","Psittacara","leucophthalmus",1
"Psittacara euops","Psittaciformes","Psittacidae","Psittacara","euops",1
"Psittacara chloropterus","Psittaciformes","Psittacidae","Psittacara","chloropterus",NA
"Psittacara maugei","Psittaciformes","Psittacidae","Psittacara","maugei",1
NA,"Psittaciformes",NA,"Psittacara","labati",NA
"Psittrichas fulgidus","Psittaciformes","Psittaculidae","Psittrichas","fulgidus",1
"Mascarinus mascarinus","Psittaciformes","Psittaculidae","Mascarinus","mascarin",NA
"Coracopsis vasa","Psittaciformes","Psittaculidae","Coracopsis","vasa",NA
"Coracopsis barklyi","Psittaciformes","Psittaculidae","Coracopsis","barklyi",NA
"Coracopsis sibilans","Psittaciformes","Psittaculidae","Coracopsis","sibilans",NA
"Coracopsis nigra","Psittaciformes","Psittaculidae","Coracopsis","nigra",NA
"Micropsitta keiensis","Psittaciformes","Psittaculidae","Micropsitta","keiensis",1
"Micropsitta geelvinkiana","Psittaciformes","Psittaculidae","Micropsitta","geelvinkiana",1
"Micropsitta pusio","Psittaciformes","Psittaculidae","Micropsitta","pusio",1
"Micropsitta meeki","Psittaciformes","Psittaculidae","Micropsitta","meeki",1
"Micropsitta finschii","Psittaciformes","Psittaculidae","Micropsitta","finschii",1
"Micropsitta bruijnii","Psittaciformes","Psittaculidae","Micropsitta","bruijnii",1
"Polytelis swainsonii","Psittaciformes","Psittaculidae","Polytelis","swainsonii",0
"Polytelis anthopeplus","Psittaciformes","Psittaculidae","Polytelis","anthopeplus",0
"Polytelis alexandrae","Psittaciformes","Psittaculidae","Polytelis","alexandrae",1
"Alisterus amboinensis","Psittaciformes","Psittaculidae","Alisterus","amboinensis",NA
"Alisterus chloropterus","Psittaciformes","Psittaculidae","Alisterus","chloropterus",NA
"Alisterus scapularis","Psittaciformes","Psittaculidae","Alisterus","scapularis",1
"Aprosmictus jonquillaceus","Psittaciformes","Psittaculidae","Aprosmictus","jonquillaceus",NA
"Aprosmictus erythropterus","Psittaciformes","Psittaculidae","Aprosmictus","erythropterus",1
"Prioniturus mada","Psittaciformes","Psittaculidae","Prioniturus","mada",1
"Prioniturus platurus","Psittaciformes","Psittaculidae","Prioniturus","platurus",0
"Prioniturus waterstradti","Psittaciformes","Psittaculidae","Prioniturus","waterstradti",NA
"Prioniturus montanus","Psittaciformes","Psittaculidae","Prioniturus","montanus",NA
"Prioniturus platenae","Psittaciformes","Psittaculidae","Prioniturus","platenae",NA
"Prioniturus mindorensis","Psittaciformes","Psittaculidae","Prioniturus","mindorensis",NA
"Prioniturus verticalis","Psittaciformes","Psittaculidae","Prioniturus","verticalis",NA
"Prioniturus flavicans","Psittaciformes","Psittaculidae","Prioniturus","flavicans",0
"Prioniturus luconensis","Psittaciformes","Psittaculidae","Prioniturus","luconensis",NA
"Prioniturus discurus","Psittaciformes","Psittaculidae","Prioniturus","discurus",0
"Eclectus roratus","Psittaciformes","Psittaculidae","Eclectus","roratus",NA
"Eclectus cornelia","Psittaciformes","Psittaculidae","Eclectus","cornelia",0
"Eclectus riedeli","Psittaciformes","Psittaculidae","Eclectus","riedeli",0
"Eclectus polychloros","Psittaciformes","Psittaculidae","Eclectus","polychloros",NA
"Eclectus infectus","Psittaciformes","Psittaculidae","Eclectus","infectus",NA
"Geoffroyus geoffroyi","Psittaciformes","Psittaculidae","Geoffroyus","geoffroyi",NA
"Geoffroyus simplex","Psittaciformes","Psittaculidae","Geoffroyus","simplex",1
"Geoffroyus heteroclitus","Psittaciformes","Psittaculidae","Geoffroyus","heteroclitus",NA
NA,"Psittaciformes",NA,"Geoffroyus","hyacinthinus",NA
"Psittinus cyanurus","Psittaciformes","Psittaculidae","Psittinus","cyanurus",1
"Psittinus abbotti","Psittaciformes","Psittaculidae","Psittinus","abbotti",NA
"Tanygnathus megalorynchos","Psittaciformes","Psittaculidae","Tanygnathus","megalorynchos",NA
"Tanygnathus lucionensis","Psittaciformes","Psittaculidae","Tanygnathus","lucionensis",NA
"Tanygnathus everetti","Psittaciformes","Psittaculidae","Tanygnathus","everetti",NA
"Tanygnathus sumatranus","Psittaciformes","Psittaculidae","Tanygnathus","sumatranus",NA
"Tanygnathus gramineus","Psittaciformes","Psittaculidae","Tanygnathus","gramineus",NA
"Psittacula finschii","Psittaciformes","Psittaculidae","Himalayapsitta","finschii",NA
"Psittacula himalayana","Psittaciformes","Psittaculidae","Himalayapsitta","himalayana",0
"Psittacula roseata","Psittaciformes","Psittaculidae","Himalayapsitta","roseata",NA
"Psittacula cyanocephala","Psittaciformes","Psittaculidae","Himalayapsitta","cyanocephala",0
"Psittacula alexandri","Psittaciformes","Psittaculidae","Psittacula","alexandri",NA
"Psittacula derbiana","Psittaciformes","Psittaculidae","Psittacula","derbiana",1
"Psittacula longicauda","Psittaciformes","Psittaculidae","Belocercus","longicaudus",0
"Psittacula columboides","Psittaciformes","Psittaculidae","Nicopsitta","columboides",NA
"Psittacula calthrapae","Psittaciformes","Psittaculidae","Nicopsitta","calthrapae",NA
"Psittacula eupatria","Psittaciformes","Psittaculidae","Palaeornis","eupatria",1
"Psittacula wardi","Psittaciformes","Psittaculidae","Palaeornis","wardi",NA
"Psittacula krameri","Psittaciformes","Psittaculidae","Alexandrinus","krameri",1
"Psittacula eques","Psittaciformes","Psittaculidae","Alexandrinus","eques",NA
"Psittacula exsul","Psittaciformes","Psittaculidae","Alexandrinus","exsul",NA
"Psittacula caniceps","Psittaciformes","Psittaculidae","Psittacula","caniceps",NA
"Psittacula bensoni","Psittaciformes","Psittaculidae","Lophopsittacus","bensoni",NA
"Psittacella brehmii","Psittaciformes","Psittaculidae","Psittacella","brehmii",NA
"Psittacella picta","Psittaciformes","Psittaculidae","Psittacella","picta",NA
NA,"Psittaciformes",NA,"Psittacella","lorentzi",NA
"Psittacella modesta","Psittaciformes","Psittaculidae","Psittacella","modesta",NA
"Psittacella madaraszi","Psittaciformes","Psittaculidae","Psittacella","madaraszi",NA
"Psephotus haematonotus","Psittaciformes","Psittaculidae","Psephotus","haematonotus",1
"Northiella haematogaster","Psittaciformes","Psittaculidae","Northiella","haematogaster",NA
"Northiella narethae","Psittaciformes","Psittaculidae","Northiella","narethae",NA
"Psephotellus varius","Psittaciformes","Psittaculidae","Psephotellus","varius",NA
"Psephotellus dissimilis","Psittaciformes","Psittaculidae","Psephotellus","dissimilis",NA
"Psephotellus chrysopterygius","Psittaciformes","Psittaculidae","Psephotellus","chrysopterygius",1
"Psephotellus pulcherrimus","Psittaciformes","Psittaculidae","Psephotellus","pulcherrimus",NA
"Purpureicephalus spurius","Psittaciformes","Psittaculidae","Purpureicephalus","spurius",NA
"Platycercus caledonicus","Psittaciformes","Psittaculidae","Platycercus","caledonicus",NA
"Platycercus elegans","Psittaciformes","Psittaculidae","Platycercus","elegans",NA
"Platycercus venustus","Psittaciformes","Psittaculidae","Platycercus","venustus",NA
"Platycercus adscitus","Psittaciformes","Psittaculidae","Platycercus","adscitus",NA
"Platycercus eximius","Psittaciformes","Psittaculidae","Platycercus","eximius",1
"Platycercus icterotis","Psittaciformes","Psittaculidae","Platycercus","icterotis",NA
"Barnardius zonarius","Psittaciformes","Psittaculidae","Barnardius","zonarius",NA
"Lathamus discolor","Psittaciformes","Psittaculidae","Lathamus","discolor",1
"Prosopeia splendens","Psittaciformes","Psittaculidae","Prosopeia","splendens",NA
"Prosopeia personata","Psittaciformes","Psittaculidae","Prosopeia","personata",0
"Prosopeia tabuensis","Psittaciformes","Psittaculidae","Prosopeia","tabuensis",1
"Eunymphicus cornutus","Psittaciformes","Psittaculidae","Eunymphicus","cornutus",NA
"Eunymphicus uvaeensis","Psittaciformes","Psittaculidae","Eunymphicus","uvaeensis",NA
"Cyanoramphus saisseti","Psittaciformes","Psittaculidae","Cyanoramphus","saisseti",0
"Cyanoramphus cookii","Psittaciformes","Psittaculidae","Cyanoramphus","cookii",NA
"Cyanoramphus subflavescens","Psittaciformes","Psittaculidae","Cyanoramphus","subflavescens",NA
"Cyanoramphus forbesi","Psittaciformes","Psittaculidae","Cyanoramphus","forbesi",0
"Cyanoramphus unicolor","Psittaciformes","Psittaculidae","Cyanoramphus","unicolor",NA
"Cyanoramphus malherbi","Psittaciformes","Psittaculidae","Cyanoramphus","malherbi",NA
"Cyanoramphus hochstetteri","Psittaciformes","Psittaculidae","Cyanoramphus","hochstetteri",NA
"Cyanoramphus auriceps","Psittaciformes","Psittaculidae","Cyanoramphus","auriceps",NA
"Cyanoramphus novaezelandiae","Psittaciformes","Psittaculidae","Cyanoramphus","novaezelandiae",NA
"Cyanoramphus zealandicus","Psittaciformes","Psittaculidae","Cyanoramphus","zealandicus",NA
"Cyanoramphus ulietanus","Psittaciformes","Psittaculidae","Cyanoramphus","ulietanus",NA
"Pezoporus wallicus","Psittaciformes","Psittaculidae","Pezoporus","wallicus",NA
"Pezoporus occidentalis","Psittaciformes","Psittaculidae","Pezoporus","occidentalis",NA
"Neopsephotus bourkii","Psittaciformes","Psittaculidae","Neopsephotus","bourkii",NA
"Neophema chrysostoma","Psittaciformes","Psittaculidae","Neophema","chrysostoma",1
"Neophema elegans","Psittaciformes","Psittaculidae","Neophema","elegans",NA
"Neophema petrophila","Psittaciformes","Psittaculidae","Neophema","petrophila",NA
"Neophema chrysogaster","Psittaciformes","Psittaculidae","Neophema","chrysogaster",NA
"Neophema pulchella","Psittaciformes","Psittaculidae","Neophema","pulchella",NA
"Neophema splendida","Psittaciformes","Psittaculidae","Neophema","splendida",1
"Oreopsittacus arfaki","Psittaciformes","Psittaculidae","Oreopsittacus","arfaki",0
"Charminetta wilhelminae","Psittaciformes","Psittaculidae","Charmosyna","wilhelminae",0
"Hypocharmosyna rubronotata","Psittaciformes","Psittaculidae","Charmosyna","rubronotata",NA
"Hypocharmosyna placentis","Psittaciformes","Psittaculidae","Charmosyna","placentis",NA
"Charmosynopsis toxopei","Psittaciformes","Psittaculidae","Charmosyna","toxopei",NA
"Charmosynopsis pulchella","Psittaciformes","Psittaculidae","Charmosyna","pulchella",NA
"Synorhacma multistriata","Psittaciformes","Psittaculidae","Charmosyna","multistriata",1
"Charmosyna josefinae","Psittaciformes","Psittaculidae","Charmosyna","josefinae",NA
"Charmosyna papou","Psittaciformes","Psittaculidae","Charmosyna","papou",NA
"Charmosyna stellae","Psittaciformes","Psittaculidae","Charmosyna","stellae",NA
"Charmosynoides margarethae","Psittaciformes","Psittaculidae","Charmosyna","margarethae",NA
"Vini meeki","Psittaciformes","Psittaculidae","Charmosyna","meeki",1
"Vini rubrigularis","Psittaciformes","Psittaculidae","Charmosyna","rubrigularis",NA
"Vini palmarum","Psittaciformes","Psittaculidae","Charmosyna","palmarum",NA
"Vini amabilis","Psittaciformes","Psittaculidae","Charmosyna","amabilis",NA
"Vini diadema","Psittaciformes","Psittaculidae","Charmosyna","diadema",NA
"Vini solitaria","Psittaciformes","Psittaculidae","Phigys","solitarius",NA
"Vini australis","Psittaciformes","Psittaculidae","Vini","australis",NA
"Vini ultramarina","Psittaciformes","Psittaculidae","Vini","ultramarina",NA
"Vini stepheni","Psittaciformes","Psittaculidae","Vini","stepheni",NA
"Vini kuhlii","Psittaciformes","Psittaculidae","Vini","kuhlii",NA
"Vini peruviana","Psittaciformes","Psittaculidae","Vini","peruviana",NA
"Neopsittacus musschenbroekii","Psittaciformes","Psittaculidae","Neopsittacus","musschenbroekii",NA
"Neopsittacus pullicauda","Psittaciformes","Psittaculidae","Neopsittacus","pullicauda",NA
"Lorius albidinucha","Psittaciformes","Psittaculidae","Lorius","albidinucha",NA
"Lorius chlorocercus","Psittaciformes","Psittaculidae","Lorius","chlorocercus",NA
"Lorius domicella","Psittaciformes","Psittaculidae","Lorius","domicella",NA
"Lorius garrulus","Psittaciformes","Psittaculidae","Lorius","garrulus",NA
"Lorius hypoinochrous","Psittaciformes","Psittaculidae","Lorius","hypoinochrous",NA
"Lorius lory","Psittaciformes","Psittaculidae","Lorius","lory",NA
"Psitteuteles versicolor","Psittaciformes","Psittaculidae","Psitteuteles","versicolor",NA
"Parvipsitta porphyrocephala","Psittaciformes","Psittaculidae","Glossopsitta","porphyrocephala",1
"Parvipsitta pusilla","Psittaciformes","Psittaculidae","Glossopsitta","pusilla",NA
"Pseudeos fuscata","Psittaciformes","Psittaculidae","Pseudeos","fuscata",1
"Pseudeos cardinalis","Psittaciformes","Psittaculidae","Chalcopsitta","cardinalis",NA
"Chalcopsitta duivenbodei","Psittaciformes","Psittaculidae","Chalcopsitta","duivenbodei",NA
"Chalcopsitta atra","Psittaciformes","Psittaculidae","Chalcopsitta","atra",1
"Chalcopsitta scintillata","Psittaciformes","Psittaculidae","Chalcopsitta","scintillata",1
"Glossoptilus goldiei","Psittaciformes","Psittaculidae","Psitteuteles","goldiei",NA
"Glossopsitta concinna","Psittaciformes","Psittaculidae","Glossopsitta","concinna",1
"Saudareos johnstoniae","Psittaciformes","Psittaculidae","Trichoglossus","johnstoniae",1
"Saudareos iris","Psittaciformes","Psittaculidae","Trichoglossus","iris",NA
"Saudareos flavoviridis","Psittaciformes","Psittaculidae","Trichoglossus","flavoviridis",1
"Saudareos meyeri","Psittaciformes","Psittaculidae","Trichoglossus","meyeri",1
"Saudareos ornata","Psittaciformes","Psittaculidae","Trichoglossus","ornatus",1
"Eos reticulata","Psittaciformes","Psittaculidae","Eos","reticulata",NA
"Eos semilarvata","Psittaciformes","Psittaculidae","Eos","semilarvata",NA
"Eos bornea","Psittaciformes","Psittaculidae","Eos","bornea",1
"Eos cyanogenia","Psittaciformes","Psittaculidae","Eos","cyanogenia",NA
"Eos histrio","Psittaciformes","Psittaculidae","Eos","histrio",NA
"Eos squamata","Psittaciformes","Psittaculidae","Eos","squamata",1
"Trichoglossus rubiginosus","Psittaciformes","Psittaculidae","Trichoglossus","rubiginosus",1
"Trichoglossus chlorolepidotus","Psittaciformes","Psittaculidae","Trichoglossus","chlorolepidotus",1
"Trichoglossus haematodus","Psittaciformes","Psittaculidae","Trichoglossus","haematodus",1
"Trichoglossus rosenbergii","Psittaciformes","Psittaculidae","Trichoglossus","rosenbergii",NA
"Trichoglossus moluccanus","Psittaciformes","Psittaculidae","Trichoglossus","moluccanus",NA
"Trichoglossus rubritorquis","Psittaciformes","Psittaculidae","Trichoglossus","rubritorquis",NA
"Trichoglossus euteles","Psittaciformes","Psittaculidae","Trichoglossus","euteles",1
"Trichoglossus capistratus","Psittaciformes","Psittaculidae","Trichoglossus","capistratus",NA
"Trichoglossus weberi","Psittaciformes","Psittaculidae","Trichoglossus","weberi",NA
"Trichoglossus forsteni","Psittaciformes","Psittaculidae","Trichoglossus","forsteni",NA
"Melopsittacus undulatus","Psittaciformes","Psittaculidae","Melopsittacus","undulatus",1
"Psittaculirostris desmarestii","Psittaciformes","Psittaculidae","Psittaculirostris","desmarestii",NA
NA,"Psittaciformes",NA,"Psittaculirostris","godmani",NA
NA,"Psittaciformes",NA,"Psittaculirostris","cervicalis",NA
"Psittaculirostris edwardsii","Psittaciformes","Psittaculidae","Psittaculirostris","edwardsii",1
"Psittaculirostris salvadorii","Psittaciformes","Psittaculidae","Psittaculirostris","salvadorii",NA
"Cyclopsitta gulielmitertii","Psittaciformes","Psittaculidae","Cyclopsitta","gulielmitertii",NA
"Cyclopsitta nigrifrons","Psittaciformes","Psittaculidae","Cyclopsitta","nigrifrons",0
NA,"Psittaciformes",NA,"Cyclopsitta","amabilis",0
"Cyclopsitta melanogenia","Psittaciformes","Psittaculidae","Cyclopsitta","melanogenia",0
"Cyclopsitta diophthalma","Psittaciformes","Psittaculidae","Cyclopsitta","diophthalma",NA
NA,"Psittaciformes",NA,"Cyclopsitta","coxeni",0
"Bolbopsittacus lunulatus","Psittaciformes","Psittaculidae","Bolbopsittacus","lunulatus",NA
"Loriculus vernalis","Psittaciformes","Psittaculidae","Loriculus","vernalis",NA
"Loriculus beryllinus","Psittaciformes","Psittaculidae","Loriculus","beryllinus",NA
"Loriculus philippensis","Psittaciformes","Psittaculidae","Loriculus","philippensis",1
"Loriculus camiguinensis","Psittaciformes","Psittaculidae","Loriculus","camiguinensis",0
"Loriculus bonapartei","Psittaciformes","Psittaculidae","Loriculus","bonapartei",0
"Loriculus galgulus","Psittaciformes","Psittaculidae","Loriculus","galgulus",1
"Loriculus stigmatus","Psittaciformes","Psittaculidae","Loriculus","stigmatus",NA
"Loriculus amabilis","Psittaciformes","Psittaculidae","Loriculus","amabilis",NA
"Loriculus sclateri","Psittaciformes","Psittaculidae","Loriculus","sclateri",NA
"Loriculus catamene","Psittaciformes","Psittaculidae","Loriculus","catamene",NA
"Loriculus aurantiifrons","Psittaciformes","Psittaculidae","Loriculus","aurantiifrons",NA
"Loriculus tener","Psittaciformes","Psittaculidae","Loriculus","tener",NA
"Loriculus exilis","Psittaciformes","Psittaculidae","Loriculus","exilis",1
"Loriculus pusillus","Psittaciformes","Psittaculidae","Loriculus","pusillus",NA
"Loriculus flosculus","Psittaciformes","Psittaculidae","Loriculus","flosculus",NA
"Agapornis canus","Psittaciformes","Psittaculidae","Agapornis","canus",NA
"Agapornis pullarius","Psittaciformes","Psittaculidae","Agapornis","pullarius",NA
"Agapornis taranta","Psittaciformes","Psittaculidae","Agapornis","taranta",NA
"Agapornis swindernianus","Psittaciformes","Psittaculidae","Agapornis","swindernianus",1
"Agapornis roseicollis","Psittaciformes","Psittaculidae","Agapornis","roseicollis",1
"Agapornis fischeri","Psittaciformes","Psittaculidae","Agapornis","fischeri",1
"Agapornis personatus","Psittaciformes","Psittaculidae","Agapornis","personatus",NA
"Agapornis lilianae","Psittaciformes","Psittaculidae","Agapornis","lilianae",1
"Agapornis nigrigenis","Psittaciformes","Psittaculidae","Agapornis","nigrigenis",NA
"Lophopsittacus mauritianus","Psittaciformes","Psittaculidae","Lophopsittacus","mauritianus",NA
"Necropsittacus rodricanus","Psittaciformes","Psittaculidae","Necropsittacus","rodricanus",NA
"Acanthisitta chloris","Passeriformes","Acanthisittidae","Acanthisitta","chloris",0
"Xenicus longipes","Passeriformes","Acanthisittidae","Xenicus","longipes",NA
"Xenicus gilviventris","Passeriformes","Acanthisittidae","Xenicus","gilviventris",0
"Traversia lyalli","Passeriformes","Acanthisittidae","Traversia","lyalli",NA
"Sapayoa aenigma","Passeriformes","Sapayoidae","Sapayoa","aenigma",NA
"Philepitta schlegeli","Passeriformes","Philepittidae","Philepitta","schlegeli",1
"Philepitta castanea","Passeriformes","Philepittidae","Philepitta","castanea",1
"Neodrepanis coruscans","Passeriformes","Philepittidae","Neodrepanis","coruscans",NA
"Neodrepanis hypoxantha","Passeriformes","Philepittidae","Neodrepanis","hypoxantha",NA
"Pseudocalyptomena graueri","Passeriformes","Eurylaimidae","Pseudocalyptomena","graueri",1
"Psarisomus dalhousiae","Passeriformes","Eurylaimidae","Psarisomus","dalhousiae",1
"Corydon sumatranus","Passeriformes","Eurylaimidae","Corydon","sumatranus",1
"Sarcophanops samarensis","Passeriformes","Eurylaimidae","Sarcophanops","samarensis",0
"Sarcophanops steerii","Passeriformes","Eurylaimidae","Sarcophanops","steerii",0
"Serilophus rubropygius","Passeriformes","Eurylaimidae","Serilophus","rubropygius",0
"Serilophus lunatus","Passeriformes","Eurylaimidae","Serilophus","lunatus",0
"Cymbirhynchus macrorhynchos","Passeriformes","Eurylaimidae","Cymbirhynchus","macrorhynchos",NA
NA,"Passeriformes",NA,"Cymbirhynchus","affinis",NA
"Eurylaimus javanicus","Passeriformes","Eurylaimidae","Eurylaimus","javanicus",0
NA,"Passeriformes",NA,"Eurylaimus","harterti",NA
"Eurylaimus ochromalus","Passeriformes","Eurylaimidae","Eurylaimus","ochromalus",0
"Smithornis sharpei","Passeriformes","Calyptomenidae","Smithornis","sharpei",NA
"Smithornis rufolateralis","Passeriformes","Calyptomenidae","Smithornis","rufolateralis",NA
"Smithornis capensis","Passeriformes","Calyptomenidae","Smithornis","capensis",NA
"Calyptomena viridis","Passeriformes","Calyptomenidae","Calyptomena","viridis",NA
"Calyptomena hosii","Passeriformes","Calyptomenidae","Calyptomena","hosii",NA
"Calyptomena whiteheadi","Passeriformes","Calyptomenidae","Calyptomena","whiteheadi",NA
"Hydrornis phayrei","Passeriformes","Pittidae","Hydrornis","phayrei",NA
"Hydrornis caeruleus","Passeriformes","Pittidae","Hydrornis","caeruleus",NA
"Hydrornis oatesi","Passeriformes","Pittidae","Hydrornis","oatesi",NA
"Hydrornis schneideri","Passeriformes","Pittidae","Hydrornis","schneideri",0
"Hydrornis nipalensis","Passeriformes","Pittidae","Hydrornis","nipalensis",NA
"Hydrornis soror","Passeriformes","Pittidae","Hydrornis","soror",NA
"Hydrornis irena","Passeriformes","Pittidae","Hydrornis","irena",NA
"Hydrornis guajanus","Passeriformes","Pittidae","Hydrornis","guajanus",NA
"Hydrornis schwaneri","Passeriformes","Pittidae","Hydrornis","schwaneri",NA
"Hydrornis baudii","Passeriformes","Pittidae","Hydrornis","baudii",NA
"Hydrornis cyaneus","Passeriformes","Pittidae","Hydrornis","cyaneus",NA
"Hydrornis gurneyi","Passeriformes","Pittidae","Hydrornis","gurneyi",NA
"Hydrornis elliotii","Passeriformes","Pittidae","Hydrornis","elliotii",NA
"Erythropitta kochi","Passeriformes","Pittidae","Erythropitta","kochi",NA
"Erythropitta erythrogaster","Passeriformes","Pittidae","Erythropitta","erythrogaster",NA
NA,"Passeriformes",NA,"Erythropitta","inspeculata",NA
"Erythropitta dohertyi","Passeriformes","Pittidae","Erythropitta","dohertyi",NA
"Erythropitta celebensis","Passeriformes","Pittidae","Erythropitta","celebensis",NA
NA,"Passeriformes",NA,"Erythropitta","palliceps",NA
NA,"Passeriformes",NA,"Erythropitta","caeruleitorques",NA
"Erythropitta rufiventris","Passeriformes","Pittidae","Erythropitta","rufiventris",NA
"Erythropitta rubrinucha","Passeriformes","Pittidae","Erythropitta","rubrinucha",NA
"Erythropitta macklotii","Passeriformes","Pittidae","Erythropitta","macklotii",NA
"Erythropitta novaehibernicae","Passeriformes","Pittidae","Erythropitta","novaehibernicae",NA
NA,"Passeriformes",NA,"Erythropitta","splendida",NA
NA,"Passeriformes",NA,"Erythropitta","gazellae",NA
"Erythropitta meeki","Passeriformes","Pittidae","Erythropitta","meeki",NA
"Erythropitta venusta","Passeriformes","Pittidae","Erythropitta","venusta",NA
"Erythropitta granatina","Passeriformes","Pittidae","Erythropitta","granatina",NA
"Erythropitta ussheri","Passeriformes","Pittidae","Erythropitta","ussheri",NA
"Erythropitta arquata","Passeriformes","Pittidae","Erythropitta","arquata",NA
"Pitta angolensis","Passeriformes","Pittidae","Pitta","angolensis",NA
"Pitta reichenowi","Passeriformes","Pittidae","Pitta","reichenowi",NA
"Pitta brachyura","Passeriformes","Pittidae","Pitta","brachyura",NA
"Pitta moluccensis","Passeriformes","Pittidae","Pitta","moluccensis",NA
"Pitta megarhyncha","Passeriformes","Pittidae","Pitta","megarhyncha",NA
"Pitta sordida","Passeriformes","Pittidae","Pitta","sordida",0
"Pitta abbotti","Passeriformes","Pittidae","Pitta","abbotti",NA
"Pitta forsteni","Passeriformes","Pittidae","Pitta","forsteni",NA
"Pitta novaeguineae","Passeriformes","Pittidae","Pitta","novaeguineae",NA
"Pitta rosenbergii","Passeriformes","Pittidae","Pitta","rosenbergii",0
"Pitta nympha","Passeriformes","Pittidae","Pitta","nympha",NA
"Pitta versicolor","Passeriformes","Pittidae","Pitta","versicolor",0
"Pitta maxima","Passeriformes","Pittidae","Pitta","maxima",NA
NA,"Passeriformes",NA,"Pitta","morotaiensis",NA
"Pitta concinna","Passeriformes","Pittidae","Pitta","concinna",NA
"Pitta elegans","Passeriformes","Pittidae","Pitta","elegans",NA
"Pitta vigorsii","Passeriformes","Pittidae","Pitta","vigorsii",NA
"Pitta anerythra","Passeriformes","Pittidae","Pitta","anerythra",NA
"Pitta steerii","Passeriformes","Pittidae","Pitta","steerii",NA
"Pitta superba","Passeriformes","Pittidae","Pitta","superba",NA
"Pitta iris","Passeriformes","Pittidae","Pitta","iris",NA
"Sclerurus mexicanus","Passeriformes","Furnariidae","Sclerurus","mexicanus",0
"Sclerurus obscurior","Passeriformes","Furnariidae","Sclerurus","obscurior",NA
"Sclerurus rufigularis","Passeriformes","Furnariidae","Sclerurus","rufigularis",0
"Sclerurus guatemalensis","Passeriformes","Furnariidae","Sclerurus","guatemalensis",0
"Sclerurus caudacutus","Passeriformes","Furnariidae","Sclerurus","caudacutus",0
"Sclerurus albigularis","Passeriformes","Furnariidae","Sclerurus","albigularis",0
"Sclerurus scansor","Passeriformes","Furnariidae","Sclerurus","scansor",0
NA,"Passeriformes",NA,"Sclerurus","cearensis",NA
"Geositta peruviana","Passeriformes","Furnariidae","Geositta","peruviana",0
"Geositta tenuirostris","Passeriformes","Furnariidae","Geositta","tenuirostris",0
"Geositta cunicularia","Passeriformes","Furnariidae","Geositta","cunicularia",0
"Geositta punensis","Passeriformes","Furnariidae","Geositta","punensis",0
"Geositta poeciloptera","Passeriformes","Furnariidae","Geositta","poeciloptera",0
"Geositta crassirostris","Passeriformes","Furnariidae","Geositta","crassirostris",0
"Geositta rufipennis","Passeriformes","Furnariidae","Geositta","rufipennis",1
"Geositta maritima","Passeriformes","Furnariidae","Geositta","maritima",1
"Geositta antarctica","Passeriformes","Furnariidae","Geositta","antarctica",1
"Geositta saxicolina","Passeriformes","Furnariidae","Geositta","saxicolina",0
"Geositta isabellina","Passeriformes","Furnariidae","Geositta","isabellina",0
"Certhiasomus stictolaemus","Passeriformes","Furnariidae","Certhiasomus","stictolaemus",0
"Sittasomus griseicapillus","Passeriformes","Furnariidae","Sittasomus","griseicapillus",0
NA,"Passeriformes",NA,"Sittasomus","griseus",NA
"Deconychura typica","Passeriformes","Furnariidae","Deconychura","typica",NA
"Deconychura longicauda","Passeriformes","Furnariidae","Deconychura","longicauda",0
"Deconychura pallida","Passeriformes","Furnariidae","Deconychura","pallida",NA
"Dendrocincla tyrannina","Passeriformes","Furnariidae","Dendrocincla","tyrannina",1
"Dendrocincla merula","Passeriformes","Furnariidae","Dendrocincla","merula",0
"Dendrocincla homochroa","Passeriformes","Furnariidae","Dendrocincla","homochroa",0
"Dendrocincla anabatina","Passeriformes","Furnariidae","Dendrocincla","anabatina",0
"Dendrocincla fuliginosa","Passeriformes","Furnariidae","Dendrocincla","fuliginosa",0
"Dendrocincla turdina","Passeriformes","Furnariidae","Dendrocincla","turdina",NA
"Glyphorynchus spirurus","Passeriformes","Furnariidae","Glyphorynchus","spirurus",0
"Dendrexetastes rufigula","Passeriformes","Furnariidae","Dendrexetastes","rufigula",0
"Nasica longirostris","Passeriformes","Furnariidae","Nasica","longirostris",0
"Dendrocolaptes sanctithomae","Passeriformes","Furnariidae","Dendrocolaptes","sanctithomae",0
NA,"Passeriformes",NA,"Dendrocolaptes","punctipectus",NA
"Dendrocolaptes certhia","Passeriformes","Furnariidae","Dendrocolaptes","certhia",0
"Dendrocolaptes picumnus","Passeriformes","Furnariidae","Dendrocolaptes","picumnus",0
"Dendrocolaptes hoffmannsi","Passeriformes","Furnariidae","Dendrocolaptes","hoffmannsi",0
"Dendrocolaptes platyrostris","Passeriformes","Furnariidae","Dendrocolaptes","platyrostris",0
"Hylexetastes stresemanni","Passeriformes","Furnariidae","Hylexetastes","stresemanni",NA
"Hylexetastes perrotii","Passeriformes","Furnariidae","Hylexetastes","perrotii",0
"Hylexetastes uniformis","Passeriformes","Furnariidae","Hylexetastes","uniformis",0
"Xiphocolaptes promeropirhynchus","Passeriformes","Furnariidae","Xiphocolaptes","promeropirhynchus",0
"Xiphocolaptes falcirostris","Passeriformes","Furnariidae","Xiphocolaptes","falcirostris",0
"Xiphocolaptes albicollis","Passeriformes","Furnariidae","Xiphocolaptes","albicollis",0
"Xiphocolaptes major","Passeriformes","Furnariidae","Xiphocolaptes","major",0
"Xiphorhynchus obsoletus","Passeriformes","Furnariidae","Xiphorhynchus","obsoletus",0
"Xiphorhynchus fuscus","Passeriformes","Furnariidae","Xiphorhynchus","fuscus",0
"Xiphorhynchus atlanticus","Passeriformes","Furnariidae","Xiphorhynchus","atlanticus",NA
"Xiphorhynchus pardalotus","Passeriformes","Furnariidae","Xiphorhynchus","pardalotus",0
"Xiphorhynchus ocellatus","Passeriformes","Furnariidae","Xiphorhynchus","ocellatus",0
NA,"Passeriformes",NA,"Xiphorhynchus","beauperthuysii",NA
NA,"Passeriformes",NA,"Xiphorhynchus","chunchotambo",NA
"Xiphorhynchus elegans","Passeriformes","Furnariidae","Xiphorhynchus","elegans",0
"Xiphorhynchus spixii","Passeriformes","Furnariidae","Xiphorhynchus","spixii",0
"Xiphorhynchus guttatus","Passeriformes","Furnariidae","Xiphorhynchus","guttatus",0
NA,"Passeriformes",NA,"Xiphorhynchus","guttatoides",NA
"Xiphorhynchus susurrans","Passeriformes","Furnariidae","Xiphorhynchus","susurrans",0
"Xiphorhynchus flavigaster","Passeriformes","Furnariidae","Xiphorhynchus","flavigaster",0
"Xiphorhynchus lachrymosus","Passeriformes","Furnariidae","Xiphorhynchus","lachrymosus",0
"Xiphorhynchus erythropygius","Passeriformes","Furnariidae","Xiphorhynchus","erythropygius",0
NA,"Passeriformes",NA,"Xiphorhynchus","aequatorialis",NA
"Xiphorhynchus triangularis","Passeriformes","Furnariidae","Xiphorhynchus","triangularis",0
"Dendroplex picus","Passeriformes","Furnariidae","Dendroplex","picus",0
"Dendroplex kienerii","Passeriformes","Furnariidae","Dendroplex","kienerii",0
"Campylorhamphus trochilirostris","Passeriformes","Furnariidae","Campylorhamphus","trochilirostris",0
"Campylorhamphus falcularius","Passeriformes","Furnariidae","Campylorhamphus","falcularius",0
"Campylorhamphus procurvoides","Passeriformes","Furnariidae","Campylorhamphus","procurvoides",0
"Campylorhamphus probatus","Passeriformes","Furnariidae","Campylorhamphus","probatus",NA
"Campylorhamphus multostriatus","Passeriformes","Furnariidae","Campylorhamphus","multostriatus",NA
"Campylorhamphus pusillus","Passeriformes","Furnariidae","Campylorhamphus","pusillus",0
"Drymotoxeres pucheranii","Passeriformes","Furnariidae","Drymotoxeres","pucheranii",0
"Drymornis bridgesii","Passeriformes","Furnariidae","Drymornis","bridgesii",0
"Lepidocolaptes leucogaster","Passeriformes","Furnariidae","Lepidocolaptes","leucogaster",0
"Lepidocolaptes souleyetii","Passeriformes","Furnariidae","Lepidocolaptes","souleyetii",0
"Lepidocolaptes angustirostris","Passeriformes","Furnariidae","Lepidocolaptes","angustirostris",0
"Lepidocolaptes affinis","Passeriformes","Furnariidae","Lepidocolaptes","affinis",0
NA,"Passeriformes",NA,"Lepidocolaptes","neglectus",NA
"Lepidocolaptes lacrymiger","Passeriformes","Furnariidae","Lepidocolaptes","lacrymiger",0
"Lepidocolaptes squamatus","Passeriformes","Furnariidae","Lepidocolaptes","squamatus",0
"Lepidocolaptes falcinellus","Passeriformes","Furnariidae","Lepidocolaptes","falcinellus",0
"Lepidocolaptes albolineatus","Passeriformes","Furnariidae","Lepidocolaptes","albolineatus",0
"Lepidocolaptes duidae","Passeriformes","Furnariidae","Lepidocolaptes","duidae",0
"Lepidocolaptes fatimalimae","Passeriformes","Furnariidae","Lepidocolaptes","fatimalimae",0
"Lepidocolaptes fuscicapillus","Passeriformes","Furnariidae","Lepidocolaptes","fuscicapillus",0
"Xenops tenuirostris","Passeriformes","Furnariidae","Xenops","tenuirostris",0
"Xenops mexicanus","Passeriformes","Furnariidae","Xenops","mexicanus",0
"Xenops genibarbis","Passeriformes","Furnariidae","Xenops","genibarbis",NA
"Xenops minutus","Passeriformes","Furnariidae","Xenops","minutus",0
"Xenops rutilans","Passeriformes","Furnariidae","Xenops","rutilus",0
"Berlepschia rikeri","Passeriformes","Furnariidae","Berlepschia","rikeri",0
"Microxenops milleri","Passeriformes","Furnariidae","Microxenops","milleri",0
"Pygarrhichas albogularis","Passeriformes","Furnariidae","Pygarrhichas","albogularis",0
"Ochetorhynchus ruficaudus","Passeriformes","Furnariidae","Ochetorhynchus","ruficaudus",0
"Ochetorhynchus andaecola","Passeriformes","Furnariidae","Ochetorhynchus","andaecola",0
"Ochetorhynchus phoenicurus","Passeriformes","Furnariidae","Ochetorhynchus","phoenicurus",0
"Ochetorhynchus melanurus","Passeriformes","Furnariidae","Ochetorhynchus","melanurus",0
"Pseudocolaptes lawrencii","Passeriformes","Furnariidae","Pseudocolaptes","lawrencii",0
"Pseudocolaptes johnsoni","Passeriformes","Furnariidae","Pseudocolaptes","johnsoni",NA
"Pseudocolaptes boissonneautii","Passeriformes","Furnariidae","Pseudocolaptes","boissonneauii",0
"Premnornis guttuliger","Passeriformes","Furnariidae","Premnornis","guttuliger",0
"Tarphonomus harterti","Passeriformes","Furnariidae","Tarphonomus","harterti",0
"Tarphonomus certhioides","Passeriformes","Furnariidae","Tarphonomus","certhioides",0
"Furnarius figulus","Passeriformes","Furnariidae","Furnarius","figulus",0
"Furnarius cinnamomeus","Passeriformes","Furnariidae","Furnarius","cinnamomeus",NA
"Furnarius longirostris","Passeriformes","Furnariidae","Furnarius","longirostris",NA
"Furnarius leucopus","Passeriformes","Furnariidae","Furnarius","leucopus",0
"Furnarius torridus","Passeriformes","Furnariidae","Furnarius","torridus",0
"Furnarius minor","Passeriformes","Furnariidae","Furnarius","minor",0
"Furnarius rufus","Passeriformes","Furnariidae","Furnarius","rufus",0
"Furnarius cristatus","Passeriformes","Furnariidae","Furnarius","cristatus",0
"Lochmias nematura","Passeriformes","Furnariidae","Lochmias","nematura",0
"Phleocryptes melanops","Passeriformes","Furnariidae","Phleocryptes","melanops",0
"Limnornis curvirostris","Passeriformes","Furnariidae","Limnornis","curvirostris",0
"Geocerthia serrana","Passeriformes","Furnariidae","Geocerthia","serrana",0
"Upucerthia dumetaria","Passeriformes","Furnariidae","Upucerthia","dumetaria",0
"Upucerthia saturatior","Passeriformes","Furnariidae","Upucerthia","saturatior",NA
"Upucerthia albigula","Passeriformes","Furnariidae","Upucerthia","albigula",0
"Upucerthia validirostris","Passeriformes","Furnariidae","Upucerthia","validirostris",0
"Cinclodes pabsti","Passeriformes","Furnariidae","Cinclodes","pabsti",0
"Cinclodes antarcticus","Passeriformes","Furnariidae","Cinclodes","antarcticus",0
NA,"Passeriformes",NA,"Cinclodes","maculirostris",NA
"Cinclodes fuscus","Passeriformes","Furnariidae","Cinclodes","fuscus",0
"Cinclodes comechingonus","Passeriformes","Furnariidae","Cinclodes","comechingonus",0
"Cinclodes albidiventris","Passeriformes","Furnariidae","Cinclodes","albidiventris",NA
"Cinclodes albiventris","Passeriformes","Furnariidae","Cinclodes","albiventris",NA
"Cinclodes olrogi","Passeriformes","Furnariidae","Cinclodes","olrogi",0
"Cinclodes oustaleti","Passeriformes","Furnariidae","Cinclodes","oustaleti",0
"Cinclodes excelsior","Passeriformes","Furnariidae","Cinclodes","excelsior",0
"Cinclodes aricomae","Passeriformes","Furnariidae","Cinclodes","aricomae",0
"Cinclodes palliatus","Passeriformes","Furnariidae","Cinclodes","palliatus",0
"Cinclodes atacamensis","Passeriformes","Furnariidae","Cinclodes","atacamensis",0
"Cinclodes patagonicus","Passeriformes","Furnariidae","Cinclodes","patagonicus",0
"Cinclodes taczanowskii","Passeriformes","Furnariidae","Cinclodes","taczanowskii",0
"Cinclodes nigrofumosus","Passeriformes","Furnariidae","Cinclodes","nigrofumosus",0
"Anabazenops dorsalis","Passeriformes","Furnariidae","Anabazenops","dorsalis",1
"Anabazenops fuscus","Passeriformes","Furnariidae","Anabazenops","fuscus",0
"Megaxenops parnaguae","Passeriformes","Furnariidae","Megaxenops","parnaguae",0
"Cichlocolaptes leucophrus","Passeriformes","Furnariidae","Cichlocolaptes","leucophrus",NA
NA,"Passeriformes",NA,"Cichlocolaptes","holti",NA
"Cichlocolaptes mazarbarnetti","Passeriformes","Furnariidae","Cichlocolaptes","mazarbarnetti",NA
"Heliobletus contaminatus","Passeriformes","Furnariidae","Heliobletus","contaminatus",0
"Neophilydor fuscipenne","Passeriformes","Furnariidae","Philydor","fuscipenne",0
"Neophilydor erythrocercum","Passeriformes","Furnariidae","Philydor","erythrocercum",0
"Philydor novaesi","Passeriformes","Furnariidae","Philydor","novaesi",0
"Philydor atricapillus","Passeriformes","Furnariidae","Philydor","atricapillus",0
"Philydor pyrrhodes","Passeriformes","Furnariidae","Philydor","pyrrhodes",0
"Anabacerthia striaticollis","Passeriformes","Furnariidae","Anabacerthia","striaticollis",0
"Anabacerthia variegaticeps","Passeriformes","Furnariidae","Anabacerthia","variegaticeps",0
"Anabacerthia ruficaudata","Passeriformes","Furnariidae","Anabacerthia","ruficaudata",0
"Anabacerthia amaurotis","Passeriformes","Furnariidae","Anabacerthia","amaurotis",0
"Anabacerthia lichtensteini","Passeriformes","Furnariidae","Anabacerthia","lichtensteini",0
"Syndactyla rufosuperciliata","Passeriformes","Furnariidae","Syndactyla","rufosuperciliata",0
"Syndactyla dimidiata","Passeriformes","Furnariidae","Syndactyla","dimidiata",0
"Syndactyla roraimae","Passeriformes","Furnariidae","Syndactyla","roraimae",0
"Syndactyla subalaris","Passeriformes","Furnariidae","Syndactyla","subalaris",0
"Syndactyla ruficollis","Passeriformes","Furnariidae","Syndactyla","ruficollis",0
"Syndactyla guttulata","Passeriformes","Furnariidae","Syndactyla","guttulata",0
"Syndactyla ucayalae","Passeriformes","Furnariidae","Syndactyla","ucayalae",0
"Syndactyla striata","Passeriformes","Furnariidae","Syndactyla","striata",NA
"Ancistrops strigilatus","Passeriformes","Furnariidae","Ancistrops","strigilatus",0
"Dendroma rufa","Passeriformes","Furnariidae","Dendroma","rufa",0
"Dendroma erythroptera","Passeriformes","Furnariidae","Dendroma","erythroptera",0
"Clibanornis dendrocolaptoides","Passeriformes","Furnariidae","Clibanornis","dendrocolaptoides",0
"Clibanornis rectirostris","Passeriformes","Furnariidae","Clibanornis","rectirostris",0
"Clibanornis erythrocephalus","Passeriformes","Furnariidae","Clibanornis","erythrocephalus",0
"Clibanornis rubiginosus","Passeriformes","Furnariidae","Clibanornis","rubiginosus",0
"Clibanornis rufipectus","Passeriformes","Furnariidae","Clibanornis","rufipectus",NA
"Thripadectes ignobilis","Passeriformes","Furnariidae","Thripadectes","ignobilis",0
"Thripadectes flammulatus","Passeriformes","Furnariidae","Thripadectes","flammulatus",0
"Thripadectes scrutator","Passeriformes","Furnariidae","Thripadectes","scrutator",0
"Thripadectes rufobrunneus","Passeriformes","Furnariidae","Thripadectes","rufobrunneus",0
"Thripadectes melanorhynchus","Passeriformes","Furnariidae","Thripadectes","melanorhynchus",0
"Thripadectes holostictus","Passeriformes","Furnariidae","Thripadectes","holostictus",0
"Thripadectes virgaticeps","Passeriformes","Furnariidae","Thripadectes","virgaticeps",0
"Automolus rufipileatus","Passeriformes","Furnariidae","Automolus","rufipileatus",0
"Automolus melanopezus","Passeriformes","Furnariidae","Automolus","melanopezus",NA
"Automolus cervinigularis","Passeriformes","Furnariidae","Automolus","cervinigularis",0
"Automolus ochrolaemus","Passeriformes","Furnariidae","Automolus","ochrolaemus",0
"Automolus exsertus","Passeriformes","Furnariidae","Automolus","exsertus",NA
"Automolus virgatus","Passeriformes","Furnariidae","Automolus","virgatus",NA
"Automolus subulatus","Passeriformes","Furnariidae","Automolus","subulatus",0
"Automolus infuscatus","Passeriformes","Furnariidae","Automolus","infuscatus",0
"Automolus paraensis","Passeriformes","Furnariidae","Automolus","paraensis",0
"Automolus lammi","Passeriformes","Furnariidae","Automolus","lammi",NA
"Automolus leucophthalmus","Passeriformes","Furnariidae","Automolus","leucophthalmus",1
"Premnoplex brunnescens","Passeriformes","Furnariidae","Premnoplex","brunnescens",1
"Premnoplex tatei","Passeriformes","Furnariidae","Premnoplex","tatei",0
NA,"Passeriformes",NA,"Premnoplex","pariae",NA
"Margarornis bellulus","Passeriformes","Furnariidae","Margarornis","bellulus",NA
"Margarornis rubiginosus","Passeriformes","Furnariidae","Margarornis","rubiginosus",0
"Margarornis stellatus","Passeriformes","Furnariidae","Margarornis","stellatus",0
"Margarornis squamiger","Passeriformes","Furnariidae","Margarornis","squamiger",0
"Aphrastura spinicauda","Passeriformes","Furnariidae","Aphrastura","spinicauda",1
"Aphrastura masafuerae","Passeriformes","Furnariidae","Aphrastura","masafuerae",0
"Sylviorthorhynchus desmurii","Passeriformes","Furnariidae","Sylviorthorhynchus","desmurii",1
"Sylviorthorhynchus yanacensis","Passeriformes","Furnariidae","Sylviorthorhynchus","yanacensis",NA
"Leptasthenura fuliginiceps","Passeriformes","Furnariidae","Leptasthenura","fuliginiceps",0
"Leptasthenura platensis","Passeriformes","Furnariidae","Leptasthenura","platensis",0
"Leptasthenura aegithaloides","Passeriformes","Furnariidae","Leptasthenura","aegithaloides",1
NA,"Passeriformes",NA,"Leptasthenura","berlepschi",NA
NA,"Passeriformes",NA,"Leptasthenura","pallida",NA
"Leptasthenura striolata","Passeriformes","Furnariidae","Leptasthenura","striolata",0
"Leptasthenura pileata","Passeriformes","Furnariidae","Leptasthenura","pileata",0
"Leptasthenura xenothorax","Passeriformes","Furnariidae","Leptasthenura","xenothorax",0
"Leptasthenura striata","Passeriformes","Furnariidae","Leptasthenura","striata",0
"Leptasthenura andicola","Passeriformes","Furnariidae","Leptasthenura","andicola",0
"Leptasthenura setaria","Passeriformes","Furnariidae","Leptasthenura","setaria",0
"Phacellodomus rufifrons","Passeriformes","Furnariidae","Phacellodomus","rufifrons",0
"Phacellodomus inornatus","Passeriformes","Furnariidae","Phacellodomus","inornatus",NA
"Phacellodomus striaticeps","Passeriformes","Furnariidae","Phacellodomus","striaticeps",0
"Phacellodomus sibilatrix","Passeriformes","Furnariidae","Phacellodomus","sibilatrix",0
"Phacellodomus dorsalis","Passeriformes","Furnariidae","Phacellodomus","dorsalis",0
"Phacellodomus maculipectus","Passeriformes","Furnariidae","Phacellodomus","maculipectus",0
"Phacellodomus striaticollis","Passeriformes","Furnariidae","Phacellodomus","striaticollis",0
"Phacellodomus ruber","Passeriformes","Furnariidae","Phacellodomus","ruber",0
"Phacellodomus erythrophthalmus","Passeriformes","Furnariidae","Phacellodomus","erythrophthalmus",0
"Phacellodomus ferrugineigula","Passeriformes","Furnariidae","Phacellodomus","ferrugineigula",NA
"Hellmayrea gularis","Passeriformes","Furnariidae","Hellmayrea","gularis",0
"Anumbius annumbi","Passeriformes","Furnariidae","Anumbius","annumbi",0
"Coryphistera alaudina","Passeriformes","Furnariidae","Coryphistera","alaudina",1
"Asthenes huancavelicae","Passeriformes","Furnariidae","Asthenes","huancavelicae",NA
NA,"Passeriformes",NA,"Asthenes","usheri",0
"Asthenes arequipae","Passeriformes","Furnariidae","Asthenes","arequipae",0
"Asthenes dorbignyi","Passeriformes","Furnariidae","Asthenes","dorbignyi",0
"Asthenes berlepschi","Passeriformes","Furnariidae","Asthenes","berlepschi",0
"Asthenes baeri","Passeriformes","Furnariidae","Asthenes","baeri",0
"Asthenes luizae","Passeriformes","Furnariidae","Asthenes","luizae",0
"Asthenes hudsoni","Passeriformes","Furnariidae","Asthenes","hudsoni",0
"Asthenes anthoides","Passeriformes","Furnariidae","Asthenes","anthoides",0
"Asthenes urubambensis","Passeriformes","Furnariidae","Asthenes","urubambensis",0
"Asthenes flammulata","Passeriformes","Furnariidae","Asthenes","flammulata",0
"Asthenes virgata","Passeriformes","Furnariidae","Asthenes","virgata",0
"Asthenes maculicauda","Passeriformes","Furnariidae","Asthenes","maculicauda",0
"Asthenes wyatti","Passeriformes","Furnariidae","Asthenes","wyatti",0
"Asthenes humilis","Passeriformes","Furnariidae","Asthenes","humilis",0
"Asthenes modesta","Passeriformes","Furnariidae","Asthenes","modesta",0
"Asthenes moreirae","Passeriformes","Furnariidae","Asthenes","moreirae",0
"Asthenes pyrrholeuca","Passeriformes","Furnariidae","Asthenes","pyrrholeuca",0
"Asthenes harterti","Passeriformes","Furnariidae","Asthenes","harterti",0
"Asthenes helleri","Passeriformes","Furnariidae","Asthenes","helleri",0
"Asthenes vilcabambae","Passeriformes","Furnariidae","Asthenes","vilcabambae",0
"Asthenes ayacuchensis","Passeriformes","Furnariidae","Asthenes","ayacuchensis",NA
"Asthenes pudibunda","Passeriformes","Furnariidae","Asthenes","pudibunda",0
"Asthenes ottonis","Passeriformes","Furnariidae","Asthenes","ottonis",0
"Asthenes heterura","Passeriformes","Furnariidae","Asthenes","heterura",0
"Asthenes palpebralis","Passeriformes","Furnariidae","Asthenes","palpebralis",0
"Asthenes coryi","Passeriformes","Furnariidae","Asthenes","coryi",0
"Asthenes perijana","Passeriformes","Furnariidae","Asthenes","perijana",0
"Asthenes fuliginosa","Passeriformes","Furnariidae","Asthenes","fuliginosa",0
"Asthenes griseomurina","Passeriformes","Furnariidae","Asthenes","griseomurina",0
"Acrobatornis fonsecai","Passeriformes","Furnariidae","Acrobatornis","fonsecai",0
"Metopothrix aurantiaca","Passeriformes","Furnariidae","Metopothrix","aurantiaca",0
"Xenerpestes minlosi","Passeriformes","Furnariidae","Xenerpestes","minlosi",0
"Xenerpestes singularis","Passeriformes","Furnariidae","Xenerpestes","singularis",0
"Siptornis striaticollis","Passeriformes","Furnariidae","Siptornis","striaticollis",0
"Roraimia adusta","Passeriformes","Furnariidae","Roraimia","adusta",0
"Thripophaga gutturata","Passeriformes","Furnariidae","Thripophaga","gutturata",0
"Thripophaga macroura","Passeriformes","Furnariidae","Thripophaga","macroura",0
"Thripophaga cherriei","Passeriformes","Furnariidae","Thripophaga","cherriei",NA
"Thripophaga amacurensis","Passeriformes","Furnariidae","Thripophaga","amacurensis",NA
"Thripophaga fusciceps","Passeriformes","Furnariidae","Thripophaga","fusciceps",0
"Limnoctites rectirostris","Passeriformes","Furnariidae","Limnoctites","rectirostris",0
"Limnoctites sulphuriferus","Passeriformes","Furnariidae","Limnoctites","sulphuriferus",0
"Cranioleuca berlepschi","Passeriformes","Furnariidae","Cranioleuca","berlepschi",0
"Cranioleuca weskei","Passeriformes","Furnariidae","Cranioleuca","weskei",NA
"Cranioleuca marcapatae","Passeriformes","Furnariidae","Cranioleuca","marcapatae",0
"Cranioleuca albiceps","Passeriformes","Furnariidae","Cranioleuca","albiceps",0
"Cranioleuca vulpina","Passeriformes","Furnariidae","Cranioleuca","vulpina",0
"Cranioleuca dissita","Passeriformes","Furnariidae","Cranioleuca","dissita",NA
"Cranioleuca vulpecula","Passeriformes","Furnariidae","Cranioleuca","vulpecula",0
"Cranioleuca subcristata","Passeriformes","Furnariidae","Cranioleuca","subcristata",0
"Cranioleuca pyrrhophia","Passeriformes","Furnariidae","Cranioleuca","pyrrhophia",0
"Cranioleuca henricae","Passeriformes","Furnariidae","Cranioleuca","henricae",0
"Cranioleuca obsoleta","Passeriformes","Furnariidae","Cranioleuca","obsoleta",0
"Cranioleuca pallida","Passeriformes","Furnariidae","Cranioleuca","pallida",0
"Cranioleuca semicinerea","Passeriformes","Furnariidae","Cranioleuca","semicinerea",0
"Cranioleuca albicapilla","Passeriformes","Furnariidae","Cranioleuca","albicapilla",0
"Cranioleuca erythrops","Passeriformes","Furnariidae","Cranioleuca","erythrops",0
"Cranioleuca demissa","Passeriformes","Furnariidae","Cranioleuca","demissa",0
"Cranioleuca hellmayri","Passeriformes","Furnariidae","Cranioleuca","hellmayri",0
"Cranioleuca curtata","Passeriformes","Furnariidae","Cranioleuca","curtata",0
"Cranioleuca antisiensis","Passeriformes","Furnariidae","Cranioleuca","antisiensis",0
"Cranioleuca muelleri","Passeriformes","Furnariidae","Cranioleuca","muelleri",0
"Pseudasthenes humicola","Passeriformes","Furnariidae","Pseudasthenes","humicola",0
"Pseudasthenes patagonica","Passeriformes","Furnariidae","Pseudasthenes","patagonica",0
"Pseudasthenes steinbachi","Passeriformes","Furnariidae","Pseudasthenes","steinbachi",0
"Pseudasthenes cactorum","Passeriformes","Furnariidae","Pseudasthenes","cactorum",0
"Spartonoica maluroides","Passeriformes","Furnariidae","Spartonoica","maluroides",0
"Pseudoseisura cristata","Passeriformes","Furnariidae","Pseudoseisura","cristata",0
"Pseudoseisura unirufa","Passeriformes","Furnariidae","Pseudoseisura","unirufa",0
"Pseudoseisura lophotes","Passeriformes","Furnariidae","Pseudoseisura","lophotes",0
"Pseudoseisura gutturalis","Passeriformes","Furnariidae","Pseudoseisura","gutturalis",0
"Certhiaxis cinnamomeus","Passeriformes","Furnariidae","Certhiaxis","cinnamomeus",0
"Certhiaxis mustelinus","Passeriformes","Furnariidae","Certhiaxis","mustelinus",0
"Mazaria propinqua","Passeriformes","Furnariidae","Mazaria","propinqua",0
"Schoeniophylax phryganophilus","Passeriformes","Furnariidae","Schoeniophylax","phryganophilus",0
"Synallaxis scutata","Passeriformes","Furnariidae","Synallaxis","scutata",0
"Synallaxis cinerascens","Passeriformes","Furnariidae","Synallaxis","cinerascens",0
"Synallaxis gujanensis","Passeriformes","Furnariidae","Synallaxis","gujanensis",0
"Synallaxis simoni","Passeriformes","Furnariidae","Synallaxis","simoni",NA
"Synallaxis albilora","Passeriformes","Furnariidae","Synallaxis","albilora",0
"Synallaxis maranonica","Passeriformes","Furnariidae","Synallaxis","maranonica",0
"Synallaxis hypochondriaca","Passeriformes","Furnariidae","Synallaxis","hypochondriaca",0
"Synallaxis chinchipensis","Passeriformes","Furnariidae","Synallaxis","chinchipensis",NA
"Synallaxis stictothorax","Passeriformes","Furnariidae","Synallaxis","stictothorax",0
"Synallaxis zimmeri","Passeriformes","Furnariidae","Synallaxis","zimmeri",0
"Synallaxis brachyura","Passeriformes","Furnariidae","Synallaxis","brachyura",0
"Synallaxis subpudica","Passeriformes","Furnariidae","Synallaxis","subpudica",0
"Synallaxis hellmayri","Passeriformes","Furnariidae","Synallaxis","hellmayri",0
"Synallaxis ruficapilla","Passeriformes","Furnariidae","Synallaxis","ruficapilla",0
"Synallaxis cinerea","Passeriformes","Furnariidae","Synallaxis","cinerea",0
"Synallaxis infuscata","Passeriformes","Furnariidae","Synallaxis","infuscata",0
"Synallaxis moesta","Passeriformes","Furnariidae","Synallaxis","moesta",0
"Synallaxis macconnelli","Passeriformes","Furnariidae","Synallaxis","macconnelli",0
"Synallaxis cabanisi","Passeriformes","Furnariidae","Synallaxis","cabanisi",0
"Synallaxis hypospodia","Passeriformes","Furnariidae","Synallaxis","hypospodia",0
"Synallaxis spixi","Passeriformes","Furnariidae","Synallaxis","spixi",0
"Synallaxis albigularis","Passeriformes","Furnariidae","Synallaxis","albigularis",0
"Synallaxis beverlyae","Passeriformes","Furnariidae","Synallaxis","beverlyae",NA
"Synallaxis albescens","Passeriformes","Furnariidae","Synallaxis","albescens",0
"Synallaxis frontalis","Passeriformes","Furnariidae","Synallaxis","frontalis",0
"Synallaxis azarae","Passeriformes","Furnariidae","Synallaxis","azarae",0
"Synallaxis courseni","Passeriformes","Furnariidae","Synallaxis","courseni",0
"Synallaxis candei","Passeriformes","Furnariidae","Synallaxis","candei",0
"Synallaxis erythrothorax","Passeriformes","Furnariidae","Synallaxis","erythrothorax",0
"Synallaxis kollari","Passeriformes","Furnariidae","Synallaxis","kollari",0
"Synallaxis tithys","Passeriformes","Furnariidae","Synallaxis","tithys",0
"Synallaxis fuscorufa","Passeriformes","Furnariidae","Synallaxis","fuscorufa",0
"Synallaxis unirufa","Passeriformes","Furnariidae","Synallaxis","unirufa",0
"Synallaxis castanea","Passeriformes","Furnariidae","Synallaxis","castanea",0
"Synallaxis cinnamomea","Passeriformes","Furnariidae","Synallaxis","cinnamomea",0
"Synallaxis rutilans","Passeriformes","Furnariidae","Synallaxis","rutilans",0
"Synallaxis cherriei","Passeriformes","Furnariidae","Synallaxis","cherriei",0
"Euchrepomis callinota","Passeriformes","Thamnophilidae","Euchrepomis","callinota",0
"Euchrepomis humeralis","Passeriformes","Thamnophilidae","Euchrepomis","humeralis",0
"Euchrepomis sharpei","Passeriformes","Thamnophilidae","Euchrepomis","sharpei",0
"Euchrepomis spodioptila","Passeriformes","Thamnophilidae","Euchrepomis","spodioptila",0
"Myrmornis torquata","Passeriformes","Thamnophilidae","Myrmornis","torquata",0
NA,"Passeriformes",NA,"Myrmornis","stictoptera",NA
"Pygiptila stellaris","Passeriformes","Thamnophilidae","Pygiptila","stellaris",0
"Thamnistes anabatinus","Passeriformes","Thamnophilidae","Thamnistes","anabatinus",0
NA,"Passeriformes",NA,"Thamnistes","aequatorialis",NA
"Thamnistes rufescens","Passeriformes","Thamnophilidae","Thamnistes","rufescens",0
"Microrhopias quixensis","Passeriformes","Thamnophilidae","Microrhopias","quixensis",0
"Neoctantes niger","Passeriformes","Thamnophilidae","Neoctantes","niger",0
"Clytoctantes alixii","Passeriformes","Thamnophilidae","Clytoctantes","alixii",NA
"Clytoctantes atrogularis","Passeriformes","Thamnophilidae","Clytoctantes","atrogularis",0
"Epinecrophylla fulviventris","Passeriformes","Thamnophilidae","Epinecrophylla","fulviventris",0
"Epinecrophylla ornata","Passeriformes","Thamnophilidae","Epinecrophylla","ornata",0
NA,"Passeriformes",NA,"Epinecrophylla","hoffmannsi",NA
"Epinecrophylla erythrura","Passeriformes","Thamnophilidae","Epinecrophylla","erythrura",0
"Epinecrophylla leucophthalma","Passeriformes","Thamnophilidae","Epinecrophylla","leucophthalma",0
"Epinecrophylla gutturalis","Passeriformes","Thamnophilidae","Epinecrophylla","gutturalis",0
"Epinecrophylla haematonota","Passeriformes","Thamnophilidae","Epinecrophylla","haematonota",0
"Epinecrophylla spodionota","Passeriformes","Thamnophilidae","Epinecrophylla","spodionota",0
"Epinecrophylla amazonica","Passeriformes","Thamnophilidae","Epinecrophylla","amazonica",0
"Myrmorchilus strigilatus","Passeriformes","Thamnophilidae","Myrmorchilus","strigilatus",0
"Aprositornis disjuncta","Passeriformes","Thamnophilidae","Aprositornis","disjuncta",0
"Ammonastes pelzelni","Passeriformes","Thamnophilidae","Ammonastes","pelzelni",0
"Myrmophylax atrothorax","Passeriformes","Thamnophilidae","Myrmophylax","atrothorax",0
"Myrmotherula ignota","Passeriformes","Thamnophilidae","Myrmotherula","ignota",0
"Myrmotherula brachyura","Passeriformes","Thamnophilidae","Myrmotherula","brachyura",0
"Myrmotherula surinamensis","Passeriformes","Thamnophilidae","Myrmotherula","surinamensis",0
"Myrmotherula multostriata","Passeriformes","Thamnophilidae","Myrmotherula","multostriata",0
"Myrmotherula pacifica","Passeriformes","Thamnophilidae","Myrmotherula","pacifica",0
"Myrmotherula cherriei","Passeriformes","Thamnophilidae","Myrmotherula","cherriei",0
"Myrmotherula klagesi","Passeriformes","Thamnophilidae","Myrmotherula","klagesi",0
"Myrmotherula longicauda","Passeriformes","Thamnophilidae","Myrmotherula","longicauda",0
"Myrmotherula ambigua","Passeriformes","Thamnophilidae","Myrmotherula","ambigua",0
"Myrmotherula sclateri","Passeriformes","Thamnophilidae","Myrmotherula","sclateri",0
"Myrmotherula axillaris","Passeriformes","Thamnophilidae","Myrmotherula","axillaris",0
"Myrmotherula luctuosa","Passeriformes","Thamnophilidae","Myrmotherula","luctuosa",NA
"Myrmotherula schisticolor","Passeriformes","Thamnophilidae","Myrmotherula","schisticolor",0
"Myrmotherula sunensis","Passeriformes","Thamnophilidae","Myrmotherula","sunensis",0
"Myrmotherula minor","Passeriformes","Thamnophilidae","Myrmotherula","minor",0
"Myrmotherula longipennis","Passeriformes","Thamnophilidae","Myrmotherula","longipennis",0
"Myrmotherula urosticta","Passeriformes","Thamnophilidae","Myrmotherula","urosticta",0
"Myrmotherula iheringi","Passeriformes","Thamnophilidae","Myrmotherula","iheringi",0
"Myrmotherula fluminensis","Passeriformes","Thamnophilidae","Myrmotherula","fluminensis",NA
"Myrmotherula grisea","Passeriformes","Thamnophilidae","Myrmotherula","grisea",0
"Myrmotherula unicolor","Passeriformes","Thamnophilidae","Myrmotherula","unicolor",0
"Myrmotherula snowi","Passeriformes","Thamnophilidae","Myrmotherula","snowi",0
"Myrmotherula behni","Passeriformes","Thamnophilidae","Myrmotherula","behni",0
"Myrmotherula menetriesii","Passeriformes","Thamnophilidae","Myrmotherula","menetriesii",0
"Myrmotherula assimilis","Passeriformes","Thamnophilidae","Myrmotherula","assimilis",0
"Terenura maculata","Passeriformes","Thamnophilidae","Terenura","maculata",0
"Terenura sicki","Passeriformes","Thamnophilidae","Terenura","sicki",0
"Myrmochanes hemileucus","Passeriformes","Thamnophilidae","Myrmochanes","hemileucus",0
"Formicivora iheringi","Passeriformes","Thamnophilidae","Formicivora","iheringi",0
"Formicivora erythronotos","Passeriformes","Thamnophilidae","Formicivora","erythronotos",0
"Formicivora intermedia","Passeriformes","Thamnophilidae","Formicivora","intermedia",0
"Formicivora grisea","Passeriformes","Thamnophilidae","Formicivora","grisea",0
"Formicivora serrana","Passeriformes","Thamnophilidae","Formicivora","serrana",0
"Formicivora melanogaster","Passeriformes","Thamnophilidae","Formicivora","melanogaster",0
"Formicivora rufa","Passeriformes","Thamnophilidae","Formicivora","rufa",0
"Formicivora grantsaui","Passeriformes","Thamnophilidae","Formicivora","grantsaui",0
"Formicivora acutirostris","Passeriformes","Thamnophilidae","Formicivora","acutirostris",0
NA,"Passeriformes",NA,"Formicivora","paludicola",0
"Dichrozona cincta","Passeriformes","Thamnophilidae","Dichrozona","cincta",0
"Rhopias gularis","Passeriformes","Thamnophilidae","Rhopias","gularis",0
"Isleria hauxwelli","Passeriformes","Thamnophilidae","Isleria","hauxwelli",0
"Isleria guttata","Passeriformes","Thamnophilidae","Isleria","guttata",0
"Thamnomanes ardesiacus","Passeriformes","Thamnophilidae","Thamnomanes","ardesiacus",0
"Thamnomanes saturninus","Passeriformes","Thamnophilidae","Thamnomanes","saturninus",0
"Thamnomanes caesius","Passeriformes","Thamnophilidae","Thamnomanes","caesius",0
"Thamnomanes schistogynus","Passeriformes","Thamnophilidae","Thamnomanes","schistogynus",0
"Megastictus margaritatus","Passeriformes","Thamnophilidae","Megastictus","margaritatus",0
"Sakesphoroides cristatus","Passeriformes","Thamnophilidae","Sakesphorus","cristatus",0
"Herpsilochmus pileatus","Passeriformes","Thamnophilidae","Herpsilochmus","pileatus",0
"Herpsilochmus atricapillus","Passeriformes","Thamnophilidae","Herpsilochmus","atricapillus",0
"Herpsilochmus stotzi","Passeriformes","Thamnophilidae","Herpsilochmus","stotzi",NA
"Herpsilochmus praedictus","Passeriformes","Thamnophilidae","Herpsilochmus","praedictus",NA
"Herpsilochmus motacilloides","Passeriformes","Thamnophilidae","Herpsilochmus","motacilloides",0
"Herpsilochmus parkeri","Passeriformes","Thamnophilidae","Herpsilochmus","parkeri",0
"Herpsilochmus sticturus","Passeriformes","Thamnophilidae","Herpsilochmus","sticturus",0
"Herpsilochmus dugandi","Passeriformes","Thamnophilidae","Herpsilochmus","dugandi",0
"Herpsilochmus stictocephalus","Passeriformes","Thamnophilidae","Herpsilochmus","stictocephalus",0
"Herpsilochmus dorsimaculatus","Passeriformes","Thamnophilidae","Herpsilochmus","dorsimaculatus",0
"Herpsilochmus roraimae","Passeriformes","Thamnophilidae","Herpsilochmus","roraimae",0
"Herpsilochmus pectoralis","Passeriformes","Thamnophilidae","Herpsilochmus","pectoralis",0
"Herpsilochmus longirostris","Passeriformes","Thamnophilidae","Herpsilochmus","longirostris",0
"Herpsilochmus gentryi","Passeriformes","Thamnophilidae","Herpsilochmus","gentryi",0
"Herpsilochmus axillaris","Passeriformes","Thamnophilidae","Herpsilochmus","axillaris",0
"Herpsilochmus frater","Passeriformes","Thamnophilidae","Herpsilochmus","scapularis",0
"Herpsilochmus rufimarginatus","Passeriformes","Thamnophilidae","Herpsilochmus","rufimarginatus",0
"Dysithamnus stictothorax","Passeriformes","Thamnophilidae","Dysithamnus","stictothorax",0
"Dysithamnus mentalis","Passeriformes","Thamnophilidae","Dysithamnus","mentalis",0
"Dysithamnus striaticeps","Passeriformes","Thamnophilidae","Dysithamnus","striaticeps",0
"Dysithamnus puncticeps","Passeriformes","Thamnophilidae","Dysithamnus","puncticeps",0
"Dysithamnus xanthopterus","Passeriformes","Thamnophilidae","Dysithamnus","xanthopterus",0
"Dysithamnus occidentalis","Passeriformes","Thamnophilidae","Dysithamnus","occidentalis",0
"Dysithamnus plumbeus","Passeriformes","Thamnophilidae","Dysithamnus","plumbeus",0
"Dysithamnus leucostictus","Passeriformes","Thamnophilidae","Dysithamnus","leucostictus",0
"Thamnophilus bernardi","Passeriformes","Thamnophilidae","Thamnophilus","bernardi",0
NA,"Passeriformes",NA,"Thamnophilus","shumbae",NA
"Thamnophilus melanonotus","Passeriformes","Thamnophilidae","Thamnophilus","melanonotus",0
"Thamnophilus melanothorax","Passeriformes","Thamnophilidae","Thamnophilus","melanothorax",0
"Thamnophilus doliatus","Passeriformes","Thamnophilidae","Thamnophilus","doliatus",0
"Thamnophilus zarumae","Passeriformes","Thamnophilidae","Thamnophilus","zarumae",0
"Thamnophilus multistriatus","Passeriformes","Thamnophilidae","Thamnophilus","multistriatus",NA
"Thamnophilus tenuepunctatus","Passeriformes","Thamnophilidae","Thamnophilus","tenuepunctatus",0
"Thamnophilus palliatus","Passeriformes","Thamnophilidae","Thamnophilus","palliatus",0
"Thamnophilus bridgesi","Passeriformes","Thamnophilidae","Thamnophilus","bridgesi",0
"Thamnophilus nigriceps","Passeriformes","Thamnophilidae","Thamnophilus","nigriceps",0
"Thamnophilus praecox","Passeriformes","Thamnophilidae","Thamnophilus","praecox",0
"Thamnophilus nigrocinereus","Passeriformes","Thamnophilidae","Thamnophilus","nigrocinereus",0
"Thamnophilus cryptoleucus","Passeriformes","Thamnophilidae","Thamnophilus","cryptoleucus",0
"Thamnophilus aethiops","Passeriformes","Thamnophilidae","Thamnophilus","aethiops",0
"Thamnophilus unicolor","Passeriformes","Thamnophilidae","Thamnophilus","unicolor",0
"Thamnophilus schistaceus","Passeriformes","Thamnophilidae","Thamnophilus","schistaceus",0
"Thamnophilus murinus","Passeriformes","Thamnophilidae","Thamnophilus","murinus",0
"Thamnophilus aroyae","Passeriformes","Thamnophilidae","Thamnophilus","aroyae",0
"Thamnophilus atrinucha","Passeriformes","Thamnophilidae","Thamnophilus","atrinucha",0
"Thamnophilus punctatus","Passeriformes","Thamnophilidae","Thamnophilus","punctatus",0
"Thamnophilus stictocephalus","Passeriformes","Thamnophilidae","Thamnophilus","stictocephalus",0
"Thamnophilus sticturus","Passeriformes","Thamnophilidae","Thamnophilus","sticturus",0
"Thamnophilus pelzelni","Passeriformes","Thamnophilidae","Thamnophilus","pelzelni",0
"Thamnophilus ambiguus","Passeriformes","Thamnophilidae","Thamnophilus","ambiguus",0
"Thamnophilus amazonicus","Passeriformes","Thamnophilidae","Thamnophilus","amazonicus",0
"Thamnophilus divisorius","Passeriformes","Thamnophilidae","Thamnophilus","divisorius",0
"Thamnophilus insignis","Passeriformes","Thamnophilidae","Thamnophilus","insignis",0
"Thamnophilus caerulescens","Passeriformes","Thamnophilidae","Thamnophilus","caerulescens",0
"Thamnophilus torquatus","Passeriformes","Thamnophilidae","Thamnophilus","torquatus",0
"Thamnophilus ruficapillus","Passeriformes","Thamnophilidae","Thamnophilus","ruficapillus",0
NA,"Passeriformes",NA,"Thamnophilus","subfasciatus",0
"Sakesphorus canadensis","Passeriformes","Thamnophilidae","Sakesphorus","canadensis",0
NA,"Passeriformes",NA,"Sakesphorus","pulchellus",NA
"Sakesphorus luctuosus","Passeriformes","Thamnophilidae","Sakesphorus","luctuosus",0
"Radinopsyche sellowi","Passeriformes","Thamnophilidae","Herpsilochmus","sellowi",0
"Biatas nigropectus","Passeriformes","Thamnophilidae","Biatas","nigropectus",0
"Cymbilaimus lineatus","Passeriformes","Thamnophilidae","Cymbilaimus","lineatus",0
"Cymbilaimus sanctaemariae","Passeriformes","Thamnophilidae","Cymbilaimus","sanctaemariae",0
"Taraba major","Passeriformes","Thamnophilidae","Taraba","major",0
"Mackenziaena leachii","Passeriformes","Thamnophilidae","Mackenziaena","leachii",0
"Mackenziaena severa","Passeriformes","Thamnophilidae","Mackenziaena","severa",0
"Frederickena viridis","Passeriformes","Thamnophilidae","Frederickena","viridis",0
"Frederickena unduliger","Passeriformes","Thamnophilidae","Frederickena","unduliger",0
"Frederickena fulva","Passeriformes","Thamnophilidae","Frederickena","fulva",NA
"Hypoedaleus guttatus","Passeriformes","Thamnophilidae","Hypoedaleus","guttatus",0
"Batara cinerea","Passeriformes","Thamnophilidae","Batara","cinerea",0
"Xenornis setifrons","Passeriformes","Thamnophilidae","Xenornis","setifrons",0
"Pithys albifrons","Passeriformes","Thamnophilidae","Pithys","albifrons",0
"Pithys castaneus","Passeriformes","Thamnophilidae","Pithys","castaneus",0
"Phaenostictus mcleannani","Passeriformes","Thamnophilidae","Phaenostictus","mcleannani",1
"Gymnopithys bicolor","Passeriformes","Thamnophilidae","Gymnopithys","bicolor",NA
"Gymnopithys leucaspis","Passeriformes","Thamnophilidae","Gymnopithys","leucaspis",0
"Gymnopithys rufigula","Passeriformes","Thamnophilidae","Gymnopithys","rufigula",0
"Oneillornis salvini","Passeriformes","Thamnophilidae","Oneillornis","salvini",0
"Oneillornis lunulatus","Passeriformes","Thamnophilidae","Oneillornis","lunulatus",0
"Rhegmatorhina gymnops","Passeriformes","Thamnophilidae","Rhegmatorhina","gymnops",0
"Rhegmatorhina berlepschi","Passeriformes","Thamnophilidae","Rhegmatorhina","berlepschi",0
"Rhegmatorhina hoffmannsi","Passeriformes","Thamnophilidae","Rhegmatorhina","hoffmannsi",0
"Rhegmatorhina cristata","Passeriformes","Thamnophilidae","Rhegmatorhina","cristata",0
"Rhegmatorhina melanosticta","Passeriformes","Thamnophilidae","Rhegmatorhina","melanosticta",0
"Phlegopsis nigromaculata","Passeriformes","Thamnophilidae","Phlegopsis","nigromaculata",0
"Phlegopsis erythroptera","Passeriformes","Thamnophilidae","Phlegopsis","erythroptera",0
"Phlegopsis borbae","Passeriformes","Thamnophilidae","Phlegopsis","borbae",0
"Willisornis poecilinotus","Passeriformes","Thamnophilidae","Willisornis","poecilinotus",0
"Willisornis vidua","Passeriformes","Thamnophilidae","Willisornis","vidua",NA
NA,"Passeriformes",NA,"Willisornis","nigrigula",NA
"Drymophila ferruginea","Passeriformes","Thamnophilidae","Drymophila","ferruginea",0
"Drymophila rubricollis","Passeriformes","Thamnophilidae","Drymophila","rubricollis",0
"Drymophila genei","Passeriformes","Thamnophilidae","Drymophila","genei",0
"Drymophila ochropyga","Passeriformes","Thamnophilidae","Drymophila","ochropyga",0
"Drymophila malura","Passeriformes","Thamnophilidae","Drymophila","malura",0
"Drymophila squamata","Passeriformes","Thamnophilidae","Drymophila","squamata",0
"Drymophila devillei","Passeriformes","Thamnophilidae","Drymophila","devillei",0
"Drymophila hellmayri","Passeriformes","Thamnophilidae","Drymophila","hellmayri",NA
"Drymophila klagesi","Passeriformes","Thamnophilidae","Drymophila","klagesi",NA
"Drymophila caudata","Passeriformes","Thamnophilidae","Drymophila","caudata",0
"Drymophila striaticeps","Passeriformes","Thamnophilidae","Drymophila","striaticeps",NA
"Hypocnemis cantator","Passeriformes","Thamnophilidae","Hypocnemis","cantator",0
"Hypocnemis flavescens","Passeriformes","Thamnophilidae","Hypocnemis","flavescens",0
"Hypocnemis peruviana","Passeriformes","Thamnophilidae","Hypocnemis","peruviana",NA
"Hypocnemis subflava","Passeriformes","Thamnophilidae","Hypocnemis","subflava",NA
"Hypocnemis ochrogyna","Passeriformes","Thamnophilidae","Hypocnemis","ochrogyna",NA
"Hypocnemis striata","Passeriformes","Thamnophilidae","Hypocnemis","striata",0
"Hypocnemis rondoni","Passeriformes","Thamnophilidae","Hypocnemis","rondoni",0
"Hypocnemis hypoxantha","Passeriformes","Thamnophilidae","Hypocnemis","hypoxantha",0
"Sciaphylax hemimelaena","Passeriformes","Thamnophilidae","Sciaphylax","hemimelaena",0
"Sciaphylax castanea","Passeriformes","Thamnophilidae","Sciaphylax","castanea",0
"Cercomacroides laeta","Passeriformes","Thamnophilidae","Cercomacroides","laeta",0
"Cercomacroides parkeri","Passeriformes","Thamnophilidae","Cercomacroides","parkeri",0
"Cercomacroides nigrescens","Passeriformes","Thamnophilidae","Cercomacroides","nigrescens",0
"Cercomacroides fuscicauda","Passeriformes","Thamnophilidae","Cercomacroides","fuscicauda",NA
"Cercomacroides tyrannina","Passeriformes","Thamnophilidae","Cercomacroides","tyrannina",0
"Cercomacroides serva","Passeriformes","Thamnophilidae","Cercomacroides","serva",0
"Cercomacra manu","Passeriformes","Thamnophilidae","Cercomacra","manu",0
"Cercomacra brasiliana","Passeriformes","Thamnophilidae","Cercomacra","brasiliana",0
"Cercomacra cinerascens","Passeriformes","Thamnophilidae","Cercomacra","cinerascens",0
"Cercomacra melanaria","Passeriformes","Thamnophilidae","Cercomacra","melanaria",0
"Cercomacra ferdinandi","Passeriformes","Thamnophilidae","Cercomacra","ferdinandi",0
"Cercomacra nigricans","Passeriformes","Thamnophilidae","Cercomacra","nigricans",0
"Cercomacra carbonaria","Passeriformes","Thamnophilidae","Cercomacra","carbonaria",0
"Myrmoderus ferrugineus","Passeriformes","Thamnophilidae","Myrmoderus","ferrugineus",0
"Myrmoderus eowilsoni","Passeriformes","Thamnophilidae","Myrmoderus","eowilsoni",NA
"Myrmoderus ruficauda","Passeriformes","Thamnophilidae","Myrmoderus","ruficauda",0
"Myrmoderus loricatus","Passeriformes","Thamnophilidae","Myrmoderus","loricatus",0
"Myrmoderus squamosus","Passeriformes","Thamnophilidae","Myrmoderus","squamosus",0
"Hypocnemoides melanopogon","Passeriformes","Thamnophilidae","Hypocnemoides","melanopogon",0
"Hypocnemoides maculicauda","Passeriformes","Thamnophilidae","Hypocnemoides","maculicauda",0
"Hylophylax naevioides","Passeriformes","Thamnophilidae","Hylophylax","naevioides",0
"Hylophylax naevius","Passeriformes","Thamnophilidae","Hylophylax","naevius",0
"Hylophylax punctulatus","Passeriformes","Thamnophilidae","Hylophylax","punctulatus",0
"Sclateria naevia","Passeriformes","Thamnophilidae","Sclateria","naevia",0
"Myrmelastes hyperythrus","Passeriformes","Thamnophilidae","Myrmelastes","hyperythrus",0
"Myrmelastes schistaceus","Passeriformes","Thamnophilidae","Myrmelastes","schistaceus",0
"Myrmelastes leucostigma","Passeriformes","Thamnophilidae","Myrmelastes","leucostigma",0
"Myrmelastes humaythae","Passeriformes","Thamnophilidae","Myrmelastes","humaythae",NA
"Myrmelastes brunneiceps","Passeriformes","Thamnophilidae","Myrmelastes","brunneiceps",NA
"Myrmelastes rufifacies","Passeriformes","Thamnophilidae","Myrmelastes","rufifacies",0
"Myrmelastes saturatus","Passeriformes","Thamnophilidae","Myrmelastes","saturatus",0
"Myrmelastes caurensis","Passeriformes","Thamnophilidae","Myrmelastes","caurensis",0
"Poliocrania exsul","Passeriformes","Thamnophilidae","Poliocrania","exsul",0
NA,"Passeriformes",NA,"Poliocrania","maculifer",NA
"Ampelornis griseiceps","Passeriformes","Thamnophilidae","Ampelornis","griseiceps",0
"Sipia berlepschi","Passeriformes","Thamnophilidae","Sipia","berlepschi",0
"Sipia nigricauda","Passeriformes","Thamnophilidae","Sipia","nigricauda",0
"Sipia palliata","Passeriformes","Thamnophilidae","Sipia","palliata",NA
"Sipia laemosticta","Passeriformes","Thamnophilidae","Sipia","laemosticta",0
"Myrmeciza longipes","Passeriformes","Thamnophilidae","Myrmeciza","longipes",0
"Myrmoborus melanurus","Passeriformes","Thamnophilidae","Myrmoborus","melanurus",NA
"Myrmoborus lophotes","Passeriformes","Thamnophilidae","Myrmoborus","lophotes",0
"Myrmoborus myotherinus","Passeriformes","Thamnophilidae","Myrmoborus","myotherinus",0
"Myrmoborus leucophrys","Passeriformes","Thamnophilidae","Myrmoborus","leucophrys",0
"Myrmoborus lugubris","Passeriformes","Thamnophilidae","Myrmoborus","lugubris",0
"Gymnocichla nudiceps","Passeriformes","Thamnophilidae","Gymnocichla","nudiceps",0
"Pyriglena maura","Passeriformes","Thamnophilidae","Pyriglena","maura",NA
"Pyriglena similis","Passeriformes","Thamnophilidae","Pyriglena","similis",NA
"Pyriglena leuconota","Passeriformes","Thamnophilidae","Pyriglena","leuconota",0
"Pyriglena atra","Passeriformes","Thamnophilidae","Pyriglena","atra",0
"Pyriglena leucoptera","Passeriformes","Thamnophilidae","Pyriglena","leucoptera",0
"Rhopornis ardesiacus","Passeriformes","Thamnophilidae","Rhopornis","ardesiacus",0
"Percnostola rufifrons","Passeriformes","Thamnophilidae","Percnostola","rufifrons",0
"Percnostola arenarum","Passeriformes","Thamnophilidae","Percnostola","arenarum",0
"Akletos melanoceps","Passeriformes","Thamnophilidae","Akletos","melanoceps",0
"Akletos goeldii","Passeriformes","Thamnophilidae","Akletos","goeldii",0
"Hafferia fortis","Passeriformes","Thamnophilidae","Hafferia","fortis",0
"Hafferia immaculata","Passeriformes","Thamnophilidae","Hafferia","immaculata",0
"Hafferia zeledoni","Passeriformes","Thamnophilidae","Hafferia","zeledoni",NA
"Formicarius colma","Passeriformes","Formicariidae","Formicarius","colma",0
"Formicarius analis","Passeriformes","Formicariidae","Formicarius","analis",0
"Formicarius moniliger","Passeriformes","Formicariidae","Formicarius","moniliger",NA
"Formicarius rufifrons","Passeriformes","Formicariidae","Formicarius","rufifrons",NA
"Formicarius nigricapillus","Passeriformes","Formicariidae","Formicarius","nigricapillus",0
"Formicarius rufipectus","Passeriformes","Formicariidae","Formicarius","rufipectus",0
"Chamaeza campanisona","Passeriformes","Formicariidae","Chamaeza","campanisona",0
"Chamaeza nobilis","Passeriformes","Formicariidae","Chamaeza","nobilis",0
"Chamaeza meruloides","Passeriformes","Formicariidae","Chamaeza","meruloides",0
"Chamaeza ruficauda","Passeriformes","Formicariidae","Chamaeza","ruficauda",0
"Chamaeza turdina","Passeriformes","Formicariidae","Chamaeza","turdina",NA
"Chamaeza mollissima","Passeriformes","Formicariidae","Chamaeza","mollissima",0
"Grallaria squamigera","Passeriformes","Grallariidae","Grallaria","squamigera",0
"Grallaria gigantea","Passeriformes","Grallariidae","Grallaria","gigantea",NA
"Grallaria excelsa","Passeriformes","Grallariidae","Grallaria","excelsa",0
"Grallaria varia","Passeriformes","Grallariidae","Grallaria","varia",0
"Grallaria alleni","Passeriformes","Grallariidae","Grallaria","alleni",NA
"Grallaria guatimalensis","Passeriformes","Grallariidae","Grallaria","guatimalensis",0
"Grallaria chthonia","Passeriformes","Grallariidae","Grallaria","chthonia",NA
"Grallaria haplonota","Passeriformes","Grallariidae","Grallaria","haplonota",0
"Grallaria dignissima","Passeriformes","Grallariidae","Grallaria","dignissima",0
"Grallaria eludens","Passeriformes","Grallariidae","Grallaria","eludens",NA
"Grallaria ruficapilla","Passeriformes","Grallariidae","Grallaria","ruficapilla",NA
"Grallaria watkinsi","Passeriformes","Grallariidae","Grallaria","watkinsi",NA
"Grallaria bangsi","Passeriformes","Grallariidae","Grallaria","bangsi",NA
"Grallaria kaestneri","Passeriformes","Grallariidae","Grallaria","kaestneri",NA
"Grallaria andicolus","Passeriformes","Grallariidae","Grallaria","andicolus",NA
"Grallaria griseonucha","Passeriformes","Grallariidae","Grallaria","griseonucha",NA
"Grallaria ridgelyi","Passeriformes","Grallariidae","Grallaria","ridgelyi",NA
"Grallaria nuchalis","Passeriformes","Grallariidae","Grallaria","nuchalis",NA
"Grallaria carrikeri","Passeriformes","Grallariidae","Grallaria","carrikeri",NA
"Grallaria albigula","Passeriformes","Grallariidae","Grallaria","albigula",NA
"Grallaria flavotincta","Passeriformes","Grallariidae","Grallaria","flavotincta",0
"Grallaria hypoleuca","Passeriformes","Grallariidae","Grallaria","hypoleuca",0
"Grallaria przewalskii","Passeriformes","Grallariidae","Grallaria","przewalskii",NA
"Grallaria capitalis","Passeriformes","Grallariidae","Grallaria","capitalis",NA
"Grallaria erythroleuca","Passeriformes","Grallariidae","Grallaria","erythroleuca",NA
"Grallaria spatiator","Passeriformes","Grallariidae","Grallaria","spatiator",NA
"Grallaria saltuensis","Passeriformes","Grallariidae","Grallaria","saltuensis",NA
"Grallaria rufula","Passeriformes","Grallariidae","Grallaria","rufula",NA
"Grallaria rufocinerea","Passeriformes","Grallariidae","Grallaria","rufocinerea",0
"Grallaria alvarezi","Passeriformes","Grallariidae","Grallaria","alvarezi",NA
"Grallaria saturata","Passeriformes","Grallariidae","Grallaria","saturata",NA
"Grallaria cajamarcae","Passeriformes","Grallariidae","Grallaria","cajamarcae",NA
"Grallaria blakei","Passeriformes","Grallariidae","Grallaria","blakei",NA
"Grallaria gravesi","Passeriformes","Grallariidae","Grallaria","gravesi",NA
"Grallaria oneilli","Passeriformes","Grallariidae","Grallaria","oneilli",NA
"Grallaria obscura","Passeriformes","Grallariidae","Grallaria","obscura",NA
"Grallaria centralis","Passeriformes","Grallariidae","Grallaria","centralis",NA
"Grallaria ayacuchensis","Passeriformes","Grallariidae","Grallaria","ayacuchensis",NA
"Grallaria occabambae","Passeriformes","Grallariidae","Grallaria","occabambae",NA
"Grallaria sinaensis","Passeriformes","Grallariidae","Grallaria","sinaensis",NA
"Grallaria cochabambae","Passeriformes","Grallariidae","Grallaria","cochabambae",NA
"Grallaria quitensis","Passeriformes","Grallariidae","Grallaria","quitensis",0
"Grallaria alticola","Passeriformes","Grallariidae","Grallaria","alticola",NA
"Grallaria atuensis","Passeriformes","Grallariidae","Grallaria","atuensis",NA
"Grallaria milleri","Passeriformes","Grallariidae","Grallaria","milleri",NA
"Grallaria urraoensis","Passeriformes","Grallariidae","Grallaria","fenwickorum",NA
"Grallaria erythrotis","Passeriformes","Grallariidae","Grallaria","erythrotis",NA
"Cryptopezus nattereri","Passeriformes","Grallariidae","Cryptopezus","nattereri",NA
"Hylopezus perspicillatus","Passeriformes","Grallariidae","Hylopezus","perspicillatus",0
"Hylopezus macularius","Passeriformes","Grallariidae","Hylopezus","macularius",0
"Hylopezus paraensis","Passeriformes","Grallariidae","Hylopezus","paraensis",NA
"Hylopezus whittakeri","Passeriformes","Grallariidae","Hylopezus","whittakeri",NA
"Hylopezus auricularis","Passeriformes","Grallariidae","Hylopezus","auricularis",NA
"Hylopezus ochroleucus","Passeriformes","Grallariidae","Hylopezus","ochroleucus",0
"Myrmothera fulviventris","Passeriformes","Grallariidae","Myrmothera","fulviventris",0
"Myrmothera berlepschi","Passeriformes","Grallariidae","Myrmothera","berlepschi",0
"Myrmothera dives","Passeriformes","Grallariidae","Myrmothera","dives",0
"Myrmothera simplex","Passeriformes","Grallariidae","Myrmothera","simplex",0
"Myrmothera campanisona","Passeriformes","Grallariidae","Myrmothera","campanisona",0
"Myrmothera subcanescens","Passeriformes","Grallariidae","Myrmothera","subcanescens",0
"Grallaricula flavirostris","Passeriformes","Grallariidae","Grallaricula","flavirostris",0
"Grallaricula loricata","Passeriformes","Grallariidae","Grallaricula","loricata",NA
"Grallaricula cucullata","Passeriformes","Grallariidae","Grallaricula","cucullata",0
"Grallaricula peruviana","Passeriformes","Grallariidae","Grallaricula","peruviana",NA
"Grallaricula ochraceifrons","Passeriformes","Grallariidae","Grallaricula","ochraceifrons",NA
"Grallaricula ferrugineipectus","Passeriformes","Grallariidae","Grallaricula","ferrugineipectus",0
"Grallaricula leymebambae","Passeriformes","Grallariidae","Grallaricula","leymebambae",NA
"Grallaricula nana","Passeriformes","Grallariidae","Grallaricula","nana",NA
"Grallaricula cumanensis","Passeriformes","Grallariidae","Grallaricula","cumanensis",NA
"Grallaricula lineifrons","Passeriformes","Grallariidae","Grallaricula","lineifrons",0
"Conopophaga lineata","Passeriformes","Conopophagidae","Conopophaga","lineata",0
"Conopophaga aurita","Passeriformes","Conopophagidae","Conopophaga","aurita",0
"Conopophaga snethlageae","Passeriformes","Conopophagidae","Conopophaga","snethlageae",NA
"Conopophaga roberti","Passeriformes","Conopophagidae","Conopophaga","roberti",0
"Conopophaga peruviana","Passeriformes","Conopophagidae","Conopophaga","peruviana",0
"Conopophaga cearae","Passeriformes","Conopophagidae","Conopophaga","cearae",0
"Conopophaga ardesiaca","Passeriformes","Conopophagidae","Conopophaga","ardesiaca",NA
"Conopophaga castaneiceps","Passeriformes","Conopophagidae","Conopophaga","castaneiceps",NA
"Conopophaga melanops","Passeriformes","Conopophagidae","Conopophaga","melanops",0
"Conopophaga melanogaster","Passeriformes","Conopophagidae","Conopophaga","melanogaster",0
"Pittasoma michleri","Passeriformes","Conopophagidae","Pittasoma","michleri",0
"Pittasoma rufopileatum","Passeriformes","Conopophagidae","Pittasoma","rufopileatum",0
"Acropternis orthonyx","Passeriformes","Rhinocryptidae","Acropternis","orthonyx",NA
"Pteroptochos castaneus","Passeriformes","Rhinocryptidae","Pteroptochos","castaneus",0
"Pteroptochos tarnii","Passeriformes","Rhinocryptidae","Pteroptochos","tarnii",0
"Pteroptochos megapodius","Passeriformes","Rhinocryptidae","Pteroptochos","megapodius",NA
"Scelorchilus albicollis","Passeriformes","Rhinocryptidae","Scelorchilus","albicollis",0
"Scelorchilus rubecula","Passeriformes","Rhinocryptidae","Scelorchilus","rubecula",0
"Rhinocrypta lanceolata","Passeriformes","Rhinocryptidae","Rhinocrypta","lanceolata",NA
"Teledromas fuscus","Passeriformes","Rhinocryptidae","Teledromas","fuscus",NA
"Liosceles thoracicus","Passeriformes","Rhinocryptidae","Liosceles","thoracicus",0
"Psilorhamphus guttatus","Passeriformes","Rhinocryptidae","Psilorhamphus","guttatus",0
"Merulaxis ater","Passeriformes","Rhinocryptidae","Merulaxis","ater",0
"Merulaxis stresemanni","Passeriformes","Rhinocryptidae","Merulaxis","stresemanni",0
"Eugralla paradoxa","Passeriformes","Rhinocryptidae","Eugralla","paradoxa",0
"Myornis senilis","Passeriformes","Rhinocryptidae","Myornis","senilis",NA
"Eleoscytalopus indigoticus","Passeriformes","Rhinocryptidae","Eleoscytalopus","indigoticus",0
"Eleoscytalopus psychopompus","Passeriformes","Rhinocryptidae","Eleoscytalopus","psychopompus",NA
"Scytalopus iraiensis","Passeriformes","Rhinocryptidae","Scytalopus","iraiensis",NA
"Scytalopus diamantinensis","Passeriformes","Rhinocryptidae","Scytalopus","diamantinensis",NA
"Scytalopus novacapitalis","Passeriformes","Rhinocryptidae","Scytalopus","novacapitalis",NA
"Scytalopus petrophilus","Passeriformes","Rhinocryptidae","Scytalopus","petrophilus",0
"Scytalopus pachecoi","Passeriformes","Rhinocryptidae","Scytalopus","pachecoi",NA
"Scytalopus gonzagai","Passeriformes","Rhinocryptidae","Scytalopus","gonzagai",0
"Scytalopus speluncae","Passeriformes","Rhinocryptidae","Scytalopus","speluncae",NA
"Scytalopus fuscus","Passeriformes","Rhinocryptidae","Scytalopus","fuscus",NA
"Scytalopus magellanicus","Passeriformes","Rhinocryptidae","Scytalopus","magellanicus",0
"Scytalopus affinis","Passeriformes","Rhinocryptidae","Scytalopus","affinis",NA
"Scytalopus krabbei","Passeriformes","Rhinocryptidae","Scytalopus","krabbei",NA
"Scytalopus androstictus","Passeriformes","Rhinocryptidae","Scytalopus","androstictus",NA
"Scytalopus opacus","Passeriformes","Rhinocryptidae","Scytalopus","opacus",NA
"Scytalopus canus","Passeriformes","Rhinocryptidae","Scytalopus","canus",NA
"Scytalopus superciliaris","Passeriformes","Rhinocryptidae","Scytalopus","superciliaris",NA
"Scytalopus zimmeri","Passeriformes","Rhinocryptidae","Scytalopus","zimmeri",NA
"Scytalopus simonsi","Passeriformes","Rhinocryptidae","Scytalopus","simonsi",NA
"Scytalopus schulenbergi","Passeriformes","Rhinocryptidae","Scytalopus","schulenbergi",NA
"Scytalopus urubambae","Passeriformes","Rhinocryptidae","Scytalopus","urubambae",NA
"Scytalopus whitneyi","Passeriformes","Rhinocryptidae","Scytalopus","whitneyi",NA
"Scytalopus frankeae","Passeriformes","Rhinocryptidae","Scytalopus","frankeae",NA
"Scytalopus altirostris","Passeriformes","Rhinocryptidae","Scytalopus","altirostris",NA
"Scytalopus parvirostris","Passeriformes","Rhinocryptidae","Scytalopus","parvirostris",0
"Scytalopus bolivianus","Passeriformes","Rhinocryptidae","Scytalopus","bolivianus",NA
"Scytalopus atratus","Passeriformes","Rhinocryptidae","Scytalopus","atratus",NA
"Scytalopus sanctaemartae","Passeriformes","Rhinocryptidae","Scytalopus","sanctaemartae",NA
"Scytalopus micropterus","Passeriformes","Rhinocryptidae","Scytalopus","micropterus",NA
"Scytalopus femoralis","Passeriformes","Rhinocryptidae","Scytalopus","femoralis",NA
"Scytalopus intermedius","Passeriformes","Rhinocryptidae","Scytalopus","intermedius",NA
"Scytalopus macropus","Passeriformes","Rhinocryptidae","Scytalopus","macropus",NA
"Scytalopus gettyae","Passeriformes","Rhinocryptidae","Scytalopus","gettyae",NA
"Scytalopus unicolor","Passeriformes","Rhinocryptidae","Scytalopus","unicolor",NA
"Scytalopus acutirostris","Passeriformes","Rhinocryptidae","Scytalopus","acutirostris",NA
"Scytalopus latrans","Passeriformes","Rhinocryptidae","Scytalopus","latrans",NA
"Scytalopus argentifrons","Passeriformes","Rhinocryptidae","Scytalopus","argentifrons",NA
"Scytalopus vicinior","Passeriformes","Rhinocryptidae","Scytalopus","vicinior",NA
"Scytalopus panamensis","Passeriformes","Rhinocryptidae","Scytalopus","panamensis",0
"Scytalopus chocoensis","Passeriformes","Rhinocryptidae","Scytalopus","chocoensis",NA
"Scytalopus rodriguezi","Passeriformes","Rhinocryptidae","Scytalopus","rodriguezi",NA
"Scytalopus stilesi","Passeriformes","Rhinocryptidae","Scytalopus","stilesi",NA
"Scytalopus alvarezlopezi","Passeriformes","Rhinocryptidae","Scytalopus","alvarezlopezi",NA
"Scytalopus robbinsi","Passeriformes","Rhinocryptidae","Scytalopus","robbinsi",NA
"Scytalopus caracae","Passeriformes","Rhinocryptidae","Scytalopus","caracae",NA
"Scytalopus griseicollis","Passeriformes","Rhinocryptidae","Scytalopus","griseicollis",NA
"Scytalopus latebricola","Passeriformes","Rhinocryptidae","Scytalopus","latebricola",NA
"Scytalopus perijanus","Passeriformes","Rhinocryptidae","Scytalopus","perijanus",NA
"Scytalopus meridanus","Passeriformes","Rhinocryptidae","Scytalopus","meridanus",NA
"Scytalopus parkeri","Passeriformes","Rhinocryptidae","Scytalopus","parkeri",NA
"Scytalopus spillmanni","Passeriformes","Rhinocryptidae","Scytalopus","spillmanni",NA
"Melanopareia torquata","Passeriformes","Melanopareiidae","Melanopareia","torquata",0
"Melanopareia maximiliani","Passeriformes","Melanopareiidae","Melanopareia","maximiliani",0
"Melanopareia maranonica","Passeriformes","Melanopareiidae","Melanopareia","maranonica",NA
"Melanopareia elegans","Passeriformes","Melanopareiidae","Melanopareia","elegans",0
"Piprites griseiceps","Passeriformes","Tyrannidae","Piprites","griseiceps",NA
"Piprites chloris","Passeriformes","Tyrannidae","Piprites","chloris",NA
"Piprites pileata","Passeriformes","Tyrannidae","Piprites","pileata",NA
"Phyllomyias virescens","Passeriformes","Tyrannidae","Phyllomyias","virescens",NA
"Phyllomyias reiseri","Passeriformes","Tyrannidae","Phyllomyias","reiseri",NA
"Phyllomyias urichi","Passeriformes","Tyrannidae","Phyllomyias","urichi",NA
"Phyllomyias sclateri","Passeriformes","Tyrannidae","Phyllomyias","sclateri",0
"Phyllomyias weedeni","Passeriformes","Tyrannidae","Phyllomyias","weedeni",0
"Phyllomyias fasciatus","Passeriformes","Tyrannidae","Phyllomyias","fasciatus",0
"Phyllomyias griseiceps","Passeriformes","Tyrannidae","Phyllomyias","griseiceps",0
"Phyllomyias plumbeiceps","Passeriformes","Tyrannidae","Phyllomyias","plumbeiceps",0
"Phyllomyias griseocapilla","Passeriformes","Tyrannidae","Phyllomyias","griseocapilla",0
"Acrochordopus burmeisteri","Passeriformes","Tyrannidae","Phyllomyias","burmeisteri",0
"Acrochordopus zeledoni","Passeriformes","Tyrannidae","Phyllomyias","zeledoni",NA
"Tyranniscus nigrocapillus","Passeriformes","Tyrannidae","Phyllomyias","nigrocapillus",0
"Tyranniscus cinereiceps","Passeriformes","Tyrannidae","Phyllomyias","cinereiceps",NA
"Tyranniscus uropygialis","Passeriformes","Tyrannidae","Phyllomyias","uropygialis",0
"Tyrannulus elatus","Passeriformes","Tyrannidae","Tyrannulus","elatus",0
"Myiopagis gaimardii","Passeriformes","Tyrannidae","Myiopagis","gaimardii",NA
"Myiopagis parambae","Passeriformes","Tyrannidae","Myiopagis","parambae",NA
"Myiopagis cinerea","Passeriformes","Tyrannidae","Myiopagis","cinerea",NA
"Myiopagis caniceps","Passeriformes","Tyrannidae","Myiopagis","caniceps",0
"Myiopagis olallai","Passeriformes","Tyrannidae","Myiopagis","olallai",0
"Myiopagis subplacens","Passeriformes","Tyrannidae","Myiopagis","subplacens",0
"Myiopagis flavivertex","Passeriformes","Tyrannidae","Myiopagis","flavivertex",0
"Myiopagis viridicata","Passeriformes","Tyrannidae","Myiopagis","viridicata",0
"Myiopagis cotta","Passeriformes","Tyrannidae","Myiopagis","cotta",0
"Elaenia flavogaster","Passeriformes","Tyrannidae","Elaenia","flavogaster",0
"Elaenia martinica","Passeriformes","Tyrannidae","Elaenia","martinica",0
"Elaenia spectabilis","Passeriformes","Tyrannidae","Elaenia","spectabilis",0
"Elaenia ridleyana","Passeriformes","Tyrannidae","Elaenia","ridleyana",NA
"Elaenia albiceps","Passeriformes","Tyrannidae","Elaenia","albiceps",0
"Elaenia chilensis","Passeriformes","Tyrannidae","Elaenia","chilensis",NA
"Elaenia parvirostris","Passeriformes","Tyrannidae","Elaenia","parvirostris",0
"Elaenia mesoleuca","Passeriformes","Tyrannidae","Elaenia","mesoleuca",NA
"Elaenia strepera","Passeriformes","Tyrannidae","Elaenia","strepera",0
"Elaenia gigas","Passeriformes","Tyrannidae","Elaenia","gigas",NA
"Elaenia pelzelni","Passeriformes","Tyrannidae","Elaenia","pelzelni",NA
"Elaenia cristata","Passeriformes","Tyrannidae","Elaenia","cristata",0
"Elaenia chiriquensis","Passeriformes","Tyrannidae","Elaenia","chiriquensis",0
"Elaenia brachyptera","Passeriformes","Tyrannidae","Elaenia","brachyptera",NA
"Elaenia ruficeps","Passeriformes","Tyrannidae","Elaenia","ruficeps",0
"Elaenia frantzii","Passeriformes","Tyrannidae","Elaenia","frantzii",NA
"Elaenia obscura","Passeriformes","Tyrannidae","Elaenia","obscura",0
"Elaenia sordida","Passeriformes","Tyrannidae","Elaenia","sordida",NA
"Elaenia dayi","Passeriformes","Tyrannidae","Elaenia","dayi",0
"Elaenia pallatangae","Passeriformes","Tyrannidae","Elaenia","pallatangae",NA
"Elaenia olivina","Passeriformes","Tyrannidae","Elaenia","olivina",NA
"Elaenia fallax","Passeriformes","Tyrannidae","Elaenia","fallax",1
NA,"Passeriformes",NA,"Elaenia","cherriei",NA
"Ornithion semiflavum","Passeriformes","Tyrannidae","Ornithion","semiflavum",0
"Ornithion brunneicapillus","Passeriformes","Tyrannidae","Ornithion","brunneicapillus",0
"Ornithion inerme","Passeriformes","Tyrannidae","Ornithion","inerme",0
"Camptostoma imberbe","Passeriformes","Tyrannidae","Camptostoma","imberbe",NA
"Camptostoma obsoletum","Passeriformes","Tyrannidae","Camptostoma","obsoletum",0
"Suiriri suiriri","Passeriformes","Tyrannidae","Suiriri","suiriri",0
"Mecocerculus leucophrys","Passeriformes","Tyrannidae","Mecocerculus","leucophrys",0
"Mecocerculus poecilocercus","Passeriformes","Tyrannidae","Mecocerculus","poecilocercus",0
"Mecocerculus hellmayri","Passeriformes","Tyrannidae","Mecocerculus","hellmayri",0
"Mecocerculus calopterus","Passeriformes","Tyrannidae","Mecocerculus","calopterus",0
"Mecocerculus minor","Passeriformes","Tyrannidae","Mecocerculus","minor",NA
"Mecocerculus stictopterus","Passeriformes","Tyrannidae","Mecocerculus","stictopterus",0
"Anairetes nigrocristatus","Passeriformes","Tyrannidae","Anairetes","nigrocristatus",1
"Anairetes reguloides","Passeriformes","Tyrannidae","Anairetes","reguloides",1
"Anairetes alpinus","Passeriformes","Tyrannidae","Anairetes","alpinus",0
"Anairetes flavirostris","Passeriformes","Tyrannidae","Anairetes","flavirostris",1
"Anairetes parulus","Passeriformes","Tyrannidae","Anairetes","parulus",0
"Anairetes fernandezianus","Passeriformes","Tyrannidae","Anairetes","fernandezianus",0
"Uromyias agilis","Passeriformes","Tyrannidae","Uromyias","agilis",0
"Uromyias agraphia","Passeriformes","Tyrannidae","Uromyias","agraphia",0
"Serpophaga cinerea","Passeriformes","Tyrannidae","Serpophaga","cinerea",0
"Serpophaga hypoleuca","Passeriformes","Tyrannidae","Serpophaga","hypoleuca",0
"Serpophaga nigricans","Passeriformes","Tyrannidae","Serpophaga","nigricans",NA
"Serpophaga subcristata","Passeriformes","Tyrannidae","Serpophaga","subcristata",NA
"Serpophaga griseicapilla","Passeriformes","Tyrannidae","Serpophaga","griseicapilla",NA
"Nesotriccus ridgwayi","Passeriformes","Tyrannidae","Nesotriccus","ridgwayi",NA
"Nesotriccus murinus","Passeriformes","Tyrannidae","Phaeomyias","murina",1
"Nesotriccus tumbezanus","Passeriformes","Tyrannidae","Phaeomyias","tumbezana",NA
"Nesotriccus maranonicus","Passeriformes","Tyrannidae","Nesotriccus","maranonicus",NA
"Capsiempis flaveola","Passeriformes","Tyrannidae","Capsiempis","flaveola",0
"Polystictus pectoralis","Passeriformes","Tyrannidae","Polystictus","pectoralis",0
"Polystictus superciliaris","Passeriformes","Tyrannidae","Polystictus","superciliaris",0
"Pseudocolopteryx dinelliana","Passeriformes","Tyrannidae","Pseudocolopteryx","dinelliana",NA
"Pseudocolopteryx sclateri","Passeriformes","Tyrannidae","Pseudocolopteryx","sclateri",0
"Pseudocolopteryx acutipennis","Passeriformes","Tyrannidae","Pseudocolopteryx","acutipennis",0
"Pseudocolopteryx flaviventris","Passeriformes","Tyrannidae","Pseudocolopteryx","flaviventris",0
"Pseudocolopteryx citreola","Passeriformes","Tyrannidae","Pseudocolopteryx","citreola",NA
"Pseudotriccus pelzelni","Passeriformes","Tyrannidae","Pseudotriccus","pelzelni",0
"Pseudotriccus simplex","Passeriformes","Tyrannidae","Pseudotriccus","simplex",0
"Pseudotriccus ruficeps","Passeriformes","Tyrannidae","Pseudotriccus","ruficeps",0
"Corythopis torquatus","Passeriformes","Tyrannidae","Corythopis","torquatus",0
"Corythopis delalandi","Passeriformes","Tyrannidae","Corythopis","delalandi",0
"Euscarthmus meloryphus","Passeriformes","Tyrannidae","Euscarthmus","meloryphus",0
"Euscarthmus fulviceps","Passeriformes","Tyrannidae","Euscarthmus","fulviceps",NA
"Euscarthmus rufomarginatus","Passeriformes","Tyrannidae","Euscarthmus","rufomarginatus",0
"Pseudelaenia leucospodia","Passeriformes","Tyrannidae","Pseudelaenia","leucospodia",0
"Stigmatura napensis","Passeriformes","Tyrannidae","Stigmatura","napensis",0
"Stigmatura bahiae","Passeriformes","Tyrannidae","Stigmatura","bahiae",NA
"Stigmatura budytoides","Passeriformes","Tyrannidae","Stigmatura","budytoides",0
"Zimmerius vilissimus","Passeriformes","Tyrannidae","Zimmerius","vilissimus",0
"Zimmerius parvus","Passeriformes","Tyrannidae","Zimmerius","parvus",NA
"Zimmerius improbus","Passeriformes","Tyrannidae","Zimmerius","improbus",0
"Zimmerius petersi","Passeriformes","Tyrannidae","Zimmerius","petersi",NA
"Zimmerius bolivianus","Passeriformes","Tyrannidae","Zimmerius","bolivianus",0
"Zimmerius cinereicapilla","Passeriformes","Tyrannidae","Zimmerius","cinereicapilla",0
"Zimmerius villarejoi","Passeriformes","Tyrannidae","Zimmerius","villarejoi",0
"Zimmerius chicomendesi","Passeriformes","Tyrannidae","Zimmerius","chicomendesi",0
"Zimmerius gracilipes","Passeriformes","Tyrannidae","Zimmerius","gracilipes",0
"Zimmerius acer","Passeriformes","Tyrannidae","Zimmerius","acer",0
"Zimmerius chrysops","Passeriformes","Tyrannidae","Zimmerius","chrysops",0
"Zimmerius minimus","Passeriformes","Tyrannidae","Zimmerius","minimus",NA
"Zimmerius albigularis","Passeriformes","Tyrannidae","Zimmerius","albigularis",NA
"Zimmerius flavidifrons","Passeriformes","Tyrannidae","Zimmerius","flavidifrons",NA
"Zimmerius viridiflavus","Passeriformes","Tyrannidae","Zimmerius","viridiflavus",0
"Pogonotriccus poecilotis","Passeriformes","Tyrannidae","Pogonotriccus","poecilotis",0
"Pogonotriccus chapmani","Passeriformes","Tyrannidae","Pogonotriccus","chapmani",0
"Pogonotriccus ophthalmicus","Passeriformes","Tyrannidae","Pogonotriccus","ophthalmicus",0
"Pogonotriccus orbitalis","Passeriformes","Tyrannidae","Pogonotriccus","orbitalis",0
"Pogonotriccus venezuelanus","Passeriformes","Tyrannidae","Pogonotriccus","venezuelanus",0
"Pogonotriccus lanyoni","Passeriformes","Tyrannidae","Pogonotriccus","lanyoni",0
"Pogonotriccus eximius","Passeriformes","Tyrannidae","Pogonotriccus","eximius",0
"Pogonotriccus paulista","Passeriformes","Tyrannidae","Phylloscartes","paulista",0
"Pogonotriccus difficilis","Passeriformes","Tyrannidae","Phylloscartes","difficilis",0
"Phylloscartes ventralis","Passeriformes","Tyrannidae","Phylloscartes","ventralis",0
"Phylloscartes ceciliae","Passeriformes","Tyrannidae","Phylloscartes","ceciliae",0
"Phylloscartes kronei","Passeriformes","Tyrannidae","Phylloscartes","kronei",0
"Phylloscartes beckeri","Passeriformes","Tyrannidae","Phylloscartes","beckeri",NA
"Phylloscartes flavovirens","Passeriformes","Tyrannidae","Phylloscartes","flavovirens",NA
"Phylloscartes virescens","Passeriformes","Tyrannidae","Phylloscartes","virescens",NA
"Phylloscartes gualaquizae","Passeriformes","Tyrannidae","Phylloscartes","gualaquizae",0
"Phylloscartes nigrifrons","Passeriformes","Tyrannidae","Phylloscartes","nigrifrons",0
"Phylloscartes superciliaris","Passeriformes","Tyrannidae","Phylloscartes","superciliaris",0
"Phylloscartes flaviventris","Passeriformes","Tyrannidae","Phylloscartes","flaviventris",0
"Phylloscartes parkeri","Passeriformes","Tyrannidae","Phylloscartes","parkeri",0
"Phylloscartes roquettei","Passeriformes","Tyrannidae","Phylloscartes","roquettei",0
"Phylloscartes oustaleti","Passeriformes","Tyrannidae","Phylloscartes","oustaleti",0
"Phylloscartes sylviolus","Passeriformes","Tyrannidae","Phylloscartes","sylviolus",0
"Mionectes striaticollis","Passeriformes","Tyrannidae","Mionectes","striaticollis",1
"Mionectes olivaceus","Passeriformes","Tyrannidae","Mionectes","olivaceus",1
"Mionectes galbinus","Passeriformes","Tyrannidae","Mionectes","galbinus",NA
"Mionectes oleagineus","Passeriformes","Tyrannidae","Mionectes","oleagineus",1
"Mionectes macconnelli","Passeriformes","Tyrannidae","Mionectes","macconnelli",1
"Mionectes roraimae","Passeriformes","Tyrannidae","Mionectes","roraimae",0
"Mionectes rufiventris","Passeriformes","Tyrannidae","Mionectes","rufiventris",0
"Leptopogon amaurocephalus","Passeriformes","Tyrannidae","Leptopogon","amaurocephalus",0
"Leptopogon superciliaris","Passeriformes","Tyrannidae","Leptopogon","superciliaris",NA
NA,"Passeriformes",NA,"Leptopogon","albidiventer",NA
"Leptopogon rufipectus","Passeriformes","Tyrannidae","Leptopogon","rufipectus",NA
"Leptopogon taczanowskii","Passeriformes","Tyrannidae","Leptopogon","taczanowskii",NA
"Guyramemua affine","Passeriformes","Tyrannidae","Guyramemua","affinis",NA
"Sublegatus arenarum","Passeriformes","Tyrannidae","Sublegatus","arenarum",NA
"Sublegatus obscurior","Passeriformes","Tyrannidae","Sublegatus","obscurior",NA
"Sublegatus modestus","Passeriformes","Tyrannidae","Sublegatus","modestus",0
"Inezia tenuirostris","Passeriformes","Tyrannidae","Inezia","tenuirostris",0
"Inezia inornata","Passeriformes","Tyrannidae","Inezia","inornata",0
"Inezia subflava","Passeriformes","Tyrannidae","Inezia","subflava",0
"Inezia caudata","Passeriformes","Tyrannidae","Inezia","caudata",0
"Myiophobus flavicans","Passeriformes","Tyrannidae","Myiophobus","flavicans",0
"Myiophobus phoenicomitra","Passeriformes","Tyrannidae","Myiophobus","phoenicomitra",0
"Myiophobus inornatus","Passeriformes","Tyrannidae","Myiophobus","inornatus",0
"Myiophobus roraimae","Passeriformes","Tyrannidae","Myiophobus","roraimae",0
"Myiophobus cryptoxanthus","Passeriformes","Tyrannidae","Myiophobus","cryptoxanthus",0
"Myiophobus fasciatus","Passeriformes","Tyrannidae","Myiophobus","fasciatus",0
"Myiophobus crypterythrus","Passeriformes","Tyrannidae","Myiophobus","crypterythrus",NA
"Myiophobus rufescens","Passeriformes","Tyrannidae","Myiophobus","rufescens",NA
"Nephelomyias pulcher","Passeriformes","Tyrannidae","Nephelomyias","pulcher",0
"Nephelomyias lintoni","Passeriformes","Tyrannidae","Nephelomyias","lintoni",0
"Nephelomyias ochraceiventris","Passeriformes","Tyrannidae","Nephelomyias","ochraceiventris",0
"Myiotriccus ornatus","Passeriformes","Tyrannidae","Myiotriccus","ornatus",0
NA,"Passeriformes",NA,"Myiotriccus","phoenicurus",0
"Tachuris rubrigastra","Passeriformes","Tyrannidae","Tachuris","rubrigastra",0
"Culicivora caudacuta","Passeriformes","Tyrannidae","Culicivora","caudacuta",1
"Hemitriccus diops","Passeriformes","Tyrannidae","Hemitriccus","diops",0
"Hemitriccus obsoletus","Passeriformes","Tyrannidae","Hemitriccus","obsoletus",0
"Hemitriccus flammulatus","Passeriformes","Tyrannidae","Hemitriccus","flammulatus",0
"Hemitriccus minor","Passeriformes","Tyrannidae","Hemitriccus","minor",0
"Hemitriccus spodiops","Passeriformes","Tyrannidae","Hemitriccus","spodiops",0
"Hemitriccus cohnhafti","Passeriformes","Tyrannidae","Hemitriccus","cohnhafti",NA
"Hemitriccus josephinae","Passeriformes","Tyrannidae","Hemitriccus","josephinae",0
"Hemitriccus zosterops","Passeriformes","Tyrannidae","Hemitriccus","zosterops",0
"Hemitriccus griseipectus","Passeriformes","Tyrannidae","Hemitriccus","griseipectus",0
"Hemitriccus minimus","Passeriformes","Tyrannidae","Hemitriccus","minimus",0
"Hemitriccus orbitatus","Passeriformes","Tyrannidae","Hemitriccus","orbitatus",0
"Hemitriccus iohannis","Passeriformes","Tyrannidae","Hemitriccus","iohannis",0
"Hemitriccus striaticollis","Passeriformes","Tyrannidae","Hemitriccus","striaticollis",0
"Hemitriccus nidipendulus","Passeriformes","Tyrannidae","Hemitriccus","nidipendulus",0
"Hemitriccus margaritaceiventer","Passeriformes","Tyrannidae","Hemitriccus","margaritaceiventer",0
"Hemitriccus inornatus","Passeriformes","Tyrannidae","Hemitriccus","inornatus",NA
"Hemitriccus granadensis","Passeriformes","Tyrannidae","Hemitriccus","granadensis",0
"Hemitriccus mirandae","Passeriformes","Tyrannidae","Hemitriccus","mirandae",0
"Hemitriccus cinnamomeipectus","Passeriformes","Tyrannidae","Hemitriccus","cinnamomeipectus",NA
"Hemitriccus kaempferi","Passeriformes","Tyrannidae","Hemitriccus","kaempferi",0
"Hemitriccus rufigularis","Passeriformes","Tyrannidae","Hemitriccus","rufigularis",0
"Hemitriccus furcatus","Passeriformes","Tyrannidae","Hemitriccus","furcatus",0
"Myiornis auricularis","Passeriformes","Tyrannidae","Myiornis","auricularis",NA
"Myiornis albiventris","Passeriformes","Tyrannidae","Myiornis","albiventris",NA
"Myiornis atricapillus","Passeriformes","Tyrannidae","Myiornis","atricapillus",0
"Myiornis ecaudatus","Passeriformes","Tyrannidae","Myiornis","ecaudatus",0
"Oncostoma cinereigulare","Passeriformes","Tyrannidae","Oncostoma","cinereigulare",0
"Oncostoma olivaceum","Passeriformes","Tyrannidae","Oncostoma","olivaceum",0
"Lophotriccus pileatus","Passeriformes","Tyrannidae","Lophotriccus","pileatus",NA
"Lophotriccus eulophotes","Passeriformes","Tyrannidae","Lophotriccus","eulophotes",0
"Lophotriccus vitiosus","Passeriformes","Tyrannidae","Lophotriccus","vitiosus",NA
"Lophotriccus galeatus","Passeriformes","Tyrannidae","Lophotriccus","galeatus",0
"Atalotriccus pilaris","Passeriformes","Tyrannidae","Atalotriccus","pilaris",0
"Poecilotriccus ruficeps","Passeriformes","Tyrannidae","Poecilotriccus","ruficeps",0
"Poecilotriccus luluae","Passeriformes","Tyrannidae","Poecilotriccus","luluae",0
"Poecilotriccus albifacies","Passeriformes","Tyrannidae","Poecilotriccus","albifacies",0
"Poecilotriccus capitalis","Passeriformes","Tyrannidae","Poecilotriccus","capitalis",0
"Poecilotriccus senex","Passeriformes","Tyrannidae","Poecilotriccus","senex",NA
"Poecilotriccus russatus","Passeriformes","Tyrannidae","Poecilotriccus","russatus",0
"Poecilotriccus plumbeiceps","Passeriformes","Tyrannidae","Poecilotriccus","plumbeiceps",0
"Poecilotriccus fumifrons","Passeriformes","Tyrannidae","Poecilotriccus","fumifrons",0
"Poecilotriccus latirostris","Passeriformes","Tyrannidae","Poecilotriccus","latirostris",0
"Poecilotriccus sylvia","Passeriformes","Tyrannidae","Poecilotriccus","sylvia",0
"Poecilotriccus calopterus","Passeriformes","Tyrannidae","Poecilotriccus","calopterus",0
"Poecilotriccus pulchellus","Passeriformes","Tyrannidae","Poecilotriccus","pulchellus",0
"Taeniotriccus andrei","Passeriformes","Tyrannidae","Taeniotriccus","andrei",0
"Todirostrum maculatum","Passeriformes","Tyrannidae","Todirostrum","maculatum",0
"Todirostrum poliocephalum","Passeriformes","Tyrannidae","Todirostrum","poliocephalum",0
"Todirostrum cinereum","Passeriformes","Tyrannidae","Todirostrum","cinereum",0
"Todirostrum viridanum","Passeriformes","Tyrannidae","Todirostrum","viridanum",0
"Todirostrum pictum","Passeriformes","Tyrannidae","Todirostrum","pictum",0
"Todirostrum chrysocrotaphum","Passeriformes","Tyrannidae","Todirostrum","chrysocrotaphum",0
"Todirostrum nigriceps","Passeriformes","Tyrannidae","Todirostrum","nigriceps",0
"Cnipodectes subbrunneus","Passeriformes","Tyrannidae","Cnipodectes","subbrunneus",0
"Cnipodectes superrufus","Passeriformes","Tyrannidae","Cnipodectes","superrufus",NA
"Rhynchocyclus pacificus","Passeriformes","Tyrannidae","Rhynchocyclus","pacificus",0
"Rhynchocyclus brevirostris","Passeriformes","Tyrannidae","Rhynchocyclus","brevirostris",0
"Rhynchocyclus fulvipectus","Passeriformes","Tyrannidae","Rhynchocyclus","fulvipectus",0
"Rhynchocyclus aequinoctialis","Passeriformes","Tyrannidae","Rhynchocyclus","aequinoctialis",0
"Rhynchocyclus olivaceus","Passeriformes","Tyrannidae","Rhynchocyclus","olivaceus",0
"Tolmomyias sulphurescens","Passeriformes","Tyrannidae","Tolmomyias","sulphurescens",0
"Tolmomyias traylori","Passeriformes","Tyrannidae","Tolmomyias","traylori",0
"Tolmomyias flavotectus","Passeriformes","Tyrannidae","Tolmomyias","flavotectus",NA
"Tolmomyias assimilis","Passeriformes","Tyrannidae","Tolmomyias","assimilis",0
"Tolmomyias poliocephalus","Passeriformes","Tyrannidae","Tolmomyias","poliocephalus",0
"Tolmomyias flaviventris","Passeriformes","Tyrannidae","Tolmomyias","flaviventris",0
"Tolmomyias viridiceps","Passeriformes","Tyrannidae","Tolmomyias","viridiceps",NA
"Calyptura cristata","Passeriformes","Tyrannidae","Calyptura","cristata",0
"Platyrinchus saturatus","Passeriformes","Tyrannidae","Platyrinchus","saturatus",0
"Platyrinchus cancrominus","Passeriformes","Tyrannidae","Platyrinchus","cancrominus",0
"Platyrinchus mystaceus","Passeriformes","Tyrannidae","Platyrinchus","mystaceus",0
NA,"Passeriformes",NA,"Platyrinchus","albogularis",NA
"Platyrinchus coronatus","Passeriformes","Tyrannidae","Platyrinchus","coronatus",0
"Platyrinchus flavigularis","Passeriformes","Tyrannidae","Platyrinchus","flavigularis",NA
"Platyrinchus platyrhynchos","Passeriformes","Tyrannidae","Platyrinchus","platyrhynchos",0
"Platyrinchus leucoryphus","Passeriformes","Tyrannidae","Platyrinchus","leucoryphus",0
"Neopipo cinnamomea","Passeriformes","Tyrannidae","Neopipo","cinnamomea",0
"Pyrrhomyias cinnamomeus","Passeriformes","Tyrannidae","Pyrrhomyias","cinnamomeus",0
"Hirundinea ferruginea","Passeriformes","Tyrannidae","Hirundinea","ferruginea",0
NA,"Passeriformes",NA,"Hirundinea","bellicosa",NA
"Lathrotriccus euleri","Passeriformes","Tyrannidae","Lathrotriccus","euleri",0
"Lathrotriccus griseipectus","Passeriformes","Tyrannidae","Lathrotriccus","griseipectus",NA
"Aphanotriccus capitalis","Passeriformes","Tyrannidae","Aphanotriccus","capitalis",0
"Aphanotriccus audax","Passeriformes","Tyrannidae","Aphanotriccus","audax",0
"Cnemotriccus fuscatus","Passeriformes","Tyrannidae","Cnemotriccus","fuscatus",0
"Xenotriccus callizonus","Passeriformes","Tyrannidae","Xenotriccus","callizonus",NA
"Xenotriccus mexicanus","Passeriformes","Tyrannidae","Xenotriccus","mexicanus",NA
"Sayornis phoebe","Passeriformes","Tyrannidae","Sayornis","phoebe",NA
"Sayornis nigricans","Passeriformes","Tyrannidae","Sayornis","nigricans",NA
"Sayornis saya","Passeriformes","Tyrannidae","Sayornis","saya",NA
"Mitrephanes phaeocercus","Passeriformes","Tyrannidae","Mitrephanes","phaeocercus",0
"Mitrephanes olivaceus","Passeriformes","Tyrannidae","Mitrephanes","olivaceus",0
"Contopus cooperi","Passeriformes","Tyrannidae","Contopus","cooperi",NA
"Contopus pertinax","Passeriformes","Tyrannidae","Contopus","pertinax",NA
"Contopus lugubris","Passeriformes","Tyrannidae","Contopus","lugubris",NA
"Contopus fumigatus","Passeriformes","Tyrannidae","Contopus","fumigatus",NA
"Contopus ochraceus","Passeriformes","Tyrannidae","Contopus","ochraceus",0
"Contopus sordidulus","Passeriformes","Tyrannidae","Contopus","sordidulus",NA
"Contopus virens","Passeriformes","Tyrannidae","Contopus","virens",NA
"Contopus bogotensis","Passeriformes","Tyrannidae","Contopus","bogotensis",NA
"Contopus punensis","Passeriformes","Tyrannidae","Contopus","punensis",NA
"Contopus cinereus","Passeriformes","Tyrannidae","Contopus","cinereus",0
"Contopus albogularis","Passeriformes","Tyrannidae","Contopus","albogularis",NA
"Contopus nigrescens","Passeriformes","Tyrannidae","Contopus","nigrescens",0
"Contopus caribaeus","Passeriformes","Tyrannidae","Contopus","caribaeus",NA
"Contopus hispaniolensis","Passeriformes","Tyrannidae","Contopus","hispaniolensis",NA
"Contopus pallidus","Passeriformes","Tyrannidae","Contopus","pallidus",NA
"Contopus latirostris","Passeriformes","Tyrannidae","Contopus","latirostris",1
"Empidonax flaviventris","Passeriformes","Tyrannidae","Empidonax","flaviventris",NA
"Empidonax virescens","Passeriformes","Tyrannidae","Empidonax","virescens",NA
"Empidonax traillii","Passeriformes","Tyrannidae","Empidonax","traillii",NA
"Empidonax alnorum","Passeriformes","Tyrannidae","Empidonax","alnorum",NA
"Empidonax albigularis","Passeriformes","Tyrannidae","Empidonax","albigularis",NA
"Empidonax minimus","Passeriformes","Tyrannidae","Empidonax","minimus",0
"Empidonax hammondii","Passeriformes","Tyrannidae","Empidonax","hammondii",NA
"Empidonax oberholseri","Passeriformes","Tyrannidae","Empidonax","oberholseri",NA
"Empidonax wrightii","Passeriformes","Tyrannidae","Empidonax","wrightii",NA
"Empidonax affinis","Passeriformes","Tyrannidae","Empidonax","affinis",NA
"Empidonax difficilis","Passeriformes","Tyrannidae","Empidonax","difficilis",0
NA,"Passeriformes",NA,"Empidonax","occidentalis",NA
"Empidonax flavescens","Passeriformes","Tyrannidae","Empidonax","flavescens",NA
"Empidonax fulvifrons","Passeriformes","Tyrannidae","Empidonax","fulvifrons",NA
"Empidonax atriceps","Passeriformes","Tyrannidae","Empidonax","atriceps",NA
"Pyrocephalus rubinus","Passeriformes","Tyrannidae","Pyrocephalus","rubinus",0
"Pyrocephalus obscurus","Passeriformes","Tyrannidae","Pyrocephalus","obscurus",0
"Pyrocephalus nanus","Passeriformes","Tyrannidae","Pyrocephalus","nanus",NA
"Pyrocephalus dubius","Passeriformes","Tyrannidae","Pyrocephalus","dubius",NA
"Ochthornis littoralis","Passeriformes","Tyrannidae","Ochthornis","littoralis",0
"Satrapa icterophrys","Passeriformes","Tyrannidae","Satrapa","icterophrys",0
"Syrtidicola fluviatilis","Passeriformes","Tyrannidae","Muscisaxicola","fluviatilis",0
"Muscisaxicola maculirostris","Passeriformes","Tyrannidae","Muscisaxicola","maculirostris",0
"Muscisaxicola albifrons","Passeriformes","Tyrannidae","Muscisaxicola","albifrons",0
"Muscisaxicola flavinucha","Passeriformes","Tyrannidae","Muscisaxicola","flavinucha",NA
"Muscisaxicola alpinus","Passeriformes","Tyrannidae","Muscisaxicola","alpinus",1
"Muscisaxicola griseus","Passeriformes","Tyrannidae","Muscisaxicola","griseus",1
"Muscisaxicola cinereus","Passeriformes","Tyrannidae","Muscisaxicola","cinereus",NA
"Muscisaxicola rufivertex","Passeriformes","Tyrannidae","Muscisaxicola","rufivertex",1
NA,"Passeriformes",NA,"Muscisaxicola","occipitalis",NA
"Muscisaxicola maclovianus","Passeriformes","Tyrannidae","Muscisaxicola","maclovianus",1
"Muscisaxicola albilora","Passeriformes","Tyrannidae","Muscisaxicola","albilora",0
"Muscisaxicola capistratus","Passeriformes","Tyrannidae","Muscisaxicola","capistratus",1
"Muscisaxicola juninensis","Passeriformes","Tyrannidae","Muscisaxicola","juninensis",1
"Muscisaxicola frontalis","Passeriformes","Tyrannidae","Muscisaxicola","frontalis",0
"Lessonia oreas","Passeriformes","Tyrannidae","Lessonia","oreas",0
"Lessonia rufa","Passeriformes","Tyrannidae","Lessonia","rufa",1
"Hymenops perspicillatus","Passeriformes","Tyrannidae","Hymenops","perspicillatus",0
"Knipolegus cyanirostris","Passeriformes","Tyrannidae","Knipolegus","cyanirostris",0
"Knipolegus signatus","Passeriformes","Tyrannidae","Knipolegus","signatus",0
"Knipolegus cabanisi","Passeriformes","Tyrannidae","Knipolegus","cabanisi",NA
"Knipolegus striaticeps","Passeriformes","Tyrannidae","Knipolegus","striaticeps",0
"Knipolegus aterrimus","Passeriformes","Tyrannidae","Knipolegus","aterrimus",0
NA,"Passeriformes",NA,"Knipolegus","heterogyna",NA
"Knipolegus hudsoni","Passeriformes","Tyrannidae","Knipolegus","hudsoni",NA
"Knipolegus poecilurus","Passeriformes","Tyrannidae","Knipolegus","poecilurus",0
"Knipolegus orenocensis","Passeriformes","Tyrannidae","Knipolegus","orenocensis",0
NA,"Passeriformes",NA,"Knipolegus","sclateri",NA
"Knipolegus poecilocercus","Passeriformes","Tyrannidae","Knipolegus","poecilocercus",0
"Knipolegus lophotes","Passeriformes","Tyrannidae","Knipolegus","lophotes",0
"Knipolegus nigerrimus","Passeriformes","Tyrannidae","Knipolegus","nigerrimus",0
"Knipolegus franciscanus","Passeriformes","Tyrannidae","Knipolegus","franciscanus",0
"Cnemarchus erythropygius","Passeriformes","Tyrannidae","Cnemarchus","erythropygius",0
"Cnemarchus rufipennis","Passeriformes","Tyrannidae","Polioxolmis","rufipennis",0
"Xolmis velatus","Passeriformes","Tyrannidae","Xolmis","velatus",0
"Xolmis irupero","Passeriformes","Tyrannidae","Xolmis","irupero",NA
"Pyrope pyrope","Passeriformes","Tyrannidae","Xolmis","pyrope",NA
"Nengetus cinereus","Passeriformes","Tyrannidae","Xolmis","cinereus",NA
"Neoxolmis coronatus","Passeriformes","Tyrannidae","Xolmis","coronatus",NA
"Neoxolmis rubetra","Passeriformes","Tyrannidae","Xolmis","rubetra",1
"Neoxolmis salinarum","Passeriformes","Tyrannidae","Xolmis","salinarum",1
"Neoxolmis rufiventris","Passeriformes","Tyrannidae","Neoxolmis","rufiventris",1
"Myiotheretes striaticollis","Passeriformes","Tyrannidae","Myiotheretes","striaticollis",0
"Myiotheretes fuscorufus","Passeriformes","Tyrannidae","Myiotheretes","fuscorufus",0
"Myiotheretes pernix","Passeriformes","Tyrannidae","Myiotheretes","pernix",0
"Myiotheretes fumigatus","Passeriformes","Tyrannidae","Myiotheretes","fumigatus",0
"Agriornis montanus","Passeriformes","Tyrannidae","Agriornis","montanus",NA
"Agriornis murinus","Passeriformes","Tyrannidae","Agriornis","murinus",0
"Agriornis albicauda","Passeriformes","Tyrannidae","Agriornis","albicauda",NA
"Agriornis micropterus","Passeriformes","Tyrannidae","Agriornis","micropterus",NA
"Agriornis lividus","Passeriformes","Tyrannidae","Agriornis","lividus",0
"Gubernetes yetapa","Passeriformes","Tyrannidae","Gubernetes","yetapa",0
"Muscipipra vetula","Passeriformes","Tyrannidae","Muscipipra","vetula",0
"Fluvicola pica","Passeriformes","Tyrannidae","Fluvicola","pica",0
"Fluvicola albiventer","Passeriformes","Tyrannidae","Fluvicola","albiventer",NA
"Fluvicola nengeta","Passeriformes","Tyrannidae","Fluvicola","nengeta",0
"Arundinicola leucocephala","Passeriformes","Tyrannidae","Arundinicola","leucocephala",NA
"Heteroxolmis dominicana","Passeriformes","Tyrannidae","Xolmis","dominicanus",1
"Alectrurus tricolor","Passeriformes","Tyrannidae","Alectrurus","tricolor",1
"Alectrurus risora","Passeriformes","Tyrannidae","Alectrurus","risora",1
"Tumbezia salvini","Passeriformes","Tyrannidae","Ochthoeca","salvini",0
"Silvicultrix frontalis","Passeriformes","Tyrannidae","Silvicultrix","frontalis",0
"Silvicultrix spodionota","Passeriformes","Tyrannidae","Silvicultrix","spodionota",NA
"Silvicultrix pulchella","Passeriformes","Tyrannidae","Silvicultrix","pulchella",0
"Silvicultrix diadema","Passeriformes","Tyrannidae","Silvicultrix","diadema",NA
"Silvicultrix jelskii","Passeriformes","Tyrannidae","Silvicultrix","jelskii",0
"Ochthoeca cinnamomeiventris","Passeriformes","Tyrannidae","Ochthoeca","cinnamomeiventris",0
"Ochthoeca nigrita","Passeriformes","Tyrannidae","Ochthoeca","nigrita",NA
"Ochthoeca thoracica","Passeriformes","Tyrannidae","Ochthoeca","thoracica",NA
"Ochthoeca rufipectoralis","Passeriformes","Tyrannidae","Ochthoeca","rufipectoralis",0
"Ochthoeca fumicolor","Passeriformes","Tyrannidae","Ochthoeca","fumicolor",0
"Ochthoeca superciliosa","Passeriformes","Tyrannidae","Ochthoeca","superciliosa",NA
"Ochthoeca oenanthoides","Passeriformes","Tyrannidae","Ochthoeca","oenanthoides",0
"Ochthoeca leucophrys","Passeriformes","Tyrannidae","Ochthoeca","leucophrys",0
"Ochthoeca piurae","Passeriformes","Tyrannidae","Ochthoeca","piurae",0
"Colorhamphus parvirostris","Passeriformes","Tyrannidae","Colorhamphus","parvirostris",0
"Colonia colonus","Passeriformes","Tyrannidae","Colonia","colonus",0
"Muscigralla brevicauda","Passeriformes","Tyrannidae","Muscigralla","brevicauda",NA
"Machetornis rixosa","Passeriformes","Tyrannidae","Machetornis","rixosa",0
"Legatus leucophaius","Passeriformes","Tyrannidae","Legatus","leucophaius",0
"Phelpsia inornata","Passeriformes","Tyrannidae","Phelpsia","inornata",0
"Myiozetetes cayanensis","Passeriformes","Tyrannidae","Myiozetetes","cayanensis",0
"Myiozetetes similis","Passeriformes","Tyrannidae","Myiozetetes","similis",0
"Myiozetetes granadensis","Passeriformes","Tyrannidae","Myiozetetes","granadensis",0
"Myiozetetes luteiventris","Passeriformes","Tyrannidae","Myiozetetes","luteiventris",0
"Pitangus sulphuratus","Passeriformes","Tyrannidae","Pitangus","sulphuratus",0
"Philohydor lictor","Passeriformes","Tyrannidae","Philohydor","lictor",0
"Conopias albovittatus","Passeriformes","Tyrannidae","Conopias","albovittatus",0
"Conopias parvus","Passeriformes","Tyrannidae","Conopias","parvus",1
"Conopias trivirgatus","Passeriformes","Tyrannidae","Conopias","trivirgatus",0
"Conopias cinchoneti","Passeriformes","Tyrannidae","Conopias","cinchoneti",0
"Myiodynastes hemichrysus","Passeriformes","Tyrannidae","Myiodynastes","hemichrysus",0
"Myiodynastes chrysocephalus","Passeriformes","Tyrannidae","Myiodynastes","chrysocephalus",0
"Myiodynastes bairdii","Passeriformes","Tyrannidae","Myiodynastes","bairdii",0
"Myiodynastes luteiventris","Passeriformes","Tyrannidae","Myiodynastes","luteiventris",0
"Myiodynastes maculatus","Passeriformes","Tyrannidae","Myiodynastes","maculatus",0
NA,"Passeriformes",NA,"Myiodynastes","solitarius",NA
"Megarynchus pitangua","Passeriformes","Tyrannidae","Megarynchus","pitangua",0
"Tyrannopsis sulphurea","Passeriformes","Tyrannidae","Tyrannopsis","sulphurea",0
"Empidonomus varius","Passeriformes","Tyrannidae","Empidonomus","varius",0
"Griseotyrannus aurantioatrocristatus","Passeriformes","Tyrannidae","Griseotyrannus","aurantioatrocristatus",0
"Tyrannus niveigularis","Passeriformes","Tyrannidae","Tyrannus","niveigularis",NA
"Tyrannus albogularis","Passeriformes","Tyrannidae","Tyrannus","albogularis",NA
"Tyrannus melancholicus","Passeriformes","Tyrannidae","Tyrannus","melancholicus",0
"Tyrannus couchii","Passeriformes","Tyrannidae","Tyrannus","couchii",0
"Tyrannus vociferans","Passeriformes","Tyrannidae","Tyrannus","vociferans",1
"Tyrannus crassirostris","Passeriformes","Tyrannidae","Tyrannus","crassirostris",NA
"Tyrannus verticalis","Passeriformes","Tyrannidae","Tyrannus","verticalis",NA
"Tyrannus forficatus","Passeriformes","Tyrannidae","Tyrannus","forficatus",1
"Tyrannus savana","Passeriformes","Tyrannidae","Tyrannus","savana",0
"Tyrannus tyrannus","Passeriformes","Tyrannidae","Tyrannus","tyrannus",NA
"Tyrannus dominicensis","Passeriformes","Tyrannidae","Tyrannus","dominicensis",NA
"Tyrannus cubensis","Passeriformes","Tyrannidae","Tyrannus","cubensis",0
"Tyrannus caudifasciatus","Passeriformes","Tyrannidae","Tyrannus","caudifasciatus",NA
"Rhytipterna simplex","Passeriformes","Tyrannidae","Rhytipterna","simplex",0
"Rhytipterna immunda","Passeriformes","Tyrannidae","Rhytipterna","immunda",0
"Rhytipterna holerythra","Passeriformes","Tyrannidae","Rhytipterna","holerythra",0
"Sirystes sibilator","Passeriformes","Tyrannidae","Sirystes","sibilator",0
"Sirystes albocinereus","Passeriformes","Tyrannidae","Sirystes","albocinereus",0
"Sirystes subcanescens","Passeriformes","Tyrannidae","Sirystes","subcanescens",NA
"Sirystes albogriseus","Passeriformes","Tyrannidae","Sirystes","albogriseus",NA
"Casiornis rufus","Passeriformes","Tyrannidae","Casiornis","rufus",0
"Casiornis fuscus","Passeriformes","Tyrannidae","Casiornis","fuscus",NA
"Myiarchus semirufus","Passeriformes","Tyrannidae","Myiarchus","semirufus",NA
"Myiarchus yucatanensis","Passeriformes","Tyrannidae","Myiarchus","yucatanensis",NA
"Myiarchus barbirostris","Passeriformes","Tyrannidae","Myiarchus","barbirostris",NA
"Myiarchus tuberculifer","Passeriformes","Tyrannidae","Myiarchus","tuberculifer",0
"Myiarchus swainsoni","Passeriformes","Tyrannidae","Myiarchus","swainsoni",0
"Myiarchus venezuelensis","Passeriformes","Tyrannidae","Myiarchus","venezuelensis",NA
"Myiarchus panamensis","Passeriformes","Tyrannidae","Myiarchus","panamensis",NA
"Myiarchus ferox","Passeriformes","Tyrannidae","Myiarchus","ferox",0
"Myiarchus apicalis","Passeriformes","Tyrannidae","Myiarchus","apicalis",0
"Myiarchus cephalotes","Passeriformes","Tyrannidae","Myiarchus","cephalotes",NA
"Myiarchus phaeocephalus","Passeriformes","Tyrannidae","Myiarchus","phaeocephalus",NA
"Myiarchus cinerascens","Passeriformes","Tyrannidae","Myiarchus","cinerascens",NA
"Myiarchus nuttingi","Passeriformes","Tyrannidae","Myiarchus","nuttingi",NA
"Myiarchus crinitus","Passeriformes","Tyrannidae","Myiarchus","crinitus",NA
"Myiarchus tyrannulus","Passeriformes","Tyrannidae","Myiarchus","tyrannulus",0
"Myiarchus magnirostris","Passeriformes","Tyrannidae","Myiarchus","magnirostris",0
"Myiarchus nugator","Passeriformes","Tyrannidae","Myiarchus","nugator",0
"Myiarchus validus","Passeriformes","Tyrannidae","Myiarchus","validus",NA
"Myiarchus sagrae","Passeriformes","Tyrannidae","Myiarchus","sagrae",NA
"Myiarchus stolidus","Passeriformes","Tyrannidae","Myiarchus","stolidus",NA
"Myiarchus antillarum","Passeriformes","Tyrannidae","Myiarchus","antillarum",NA
"Myiarchus oberi","Passeriformes","Tyrannidae","Myiarchus","oberi",NA
"Ramphotrigon megacephalum","Passeriformes","Tyrannidae","Ramphotrigon","megacephalum",0
"Ramphotrigon flammulatum","Passeriformes","Tyrannidae","Deltarhynchus","flammulatus",NA
"Ramphotrigon ruficauda","Passeriformes","Tyrannidae","Ramphotrigon","ruficauda",0
"Ramphotrigon fuscicauda","Passeriformes","Tyrannidae","Ramphotrigon","fuscicauda",0
"Attila phoenicurus","Passeriformes","Tyrannidae","Attila","phoenicurus",NA
"Attila cinnamomeus","Passeriformes","Tyrannidae","Attila","cinnamomeus",0
"Attila torridus","Passeriformes","Tyrannidae","Attila","torridus",0
"Attila citriniventris","Passeriformes","Tyrannidae","Attila","citriniventris",0
"Attila bolivianus","Passeriformes","Tyrannidae","Attila","bolivianus",0
"Attila rufus","Passeriformes","Tyrannidae","Attila","rufus",0
"Attila spadiceus","Passeriformes","Tyrannidae","Attila","spadiceus",0
"Ampelioides tschudii","Passeriformes","Cotingidae","Ampelioides","tschudii",1
"Pipreola chlorolepidota","Passeriformes","Cotingidae","Pipreola","chlorolepidota",NA
"Pipreola frontalis","Passeriformes","Cotingidae","Pipreola","frontalis",NA
NA,"Passeriformes",NA,"Pipreola","squamipectus",NA
"Pipreola formosa","Passeriformes","Cotingidae","Pipreola","formosa",1
"Pipreola whitelyi","Passeriformes","Cotingidae","Pipreola","whitelyi",NA
"Pipreola lubomirskii","Passeriformes","Cotingidae","Pipreola","lubomirskii",NA
"Pipreola jucunda","Passeriformes","Cotingidae","Pipreola","jucunda",NA
"Pipreola pulchra","Passeriformes","Cotingidae","Pipreola","pulchra",NA
"Pipreola aureopectus","Passeriformes","Cotingidae","Pipreola","aureopectus",NA
"Pipreola arcuata","Passeriformes","Cotingidae","Pipreola","arcuata",NA
"Pipreola intermedia","Passeriformes","Cotingidae","Pipreola","intermedia",NA
"Pipreola riefferii","Passeriformes","Cotingidae","Pipreola","riefferii",NA
"Snowornis subalaris","Passeriformes","Cotingidae","Snowornis","subalaris",NA
"Snowornis cryptolophus","Passeriformes","Cotingidae","Snowornis","cryptolophus",NA
"Carpornis cucullata","Passeriformes","Cotingidae","Carpornis","cucullata",0
"Carpornis melanocephala","Passeriformes","Cotingidae","Carpornis","melanocephala",0
"Rupicola peruvianus","Passeriformes","Cotingidae","Rupicola","peruvianus",0
"Rupicola rupicola","Passeriformes","Cotingidae","Rupicola","rupicola",0
"Phoenicircus carnifex","Passeriformes","Cotingidae","Phoenicircus","carnifex",0
"Phoenicircus nigricollis","Passeriformes","Cotingidae","Phoenicircus","nigricollis",0
"Zaratornis stresemanni","Passeriformes","Cotingidae","Zaratornis","stresemanni",NA
"Phytotoma rara","Passeriformes","Cotingidae","Phytotoma","rara",0
"Phytotoma raimondii","Passeriformes","Cotingidae","Phytotoma","raimondii",0
"Phytotoma rutila","Passeriformes","Cotingidae","Phytotoma","rutila",1
"Phibalura flavirostris","Passeriformes","Cotingidae","Phibalura","flavirostris",1
"Phibalura boliviana","Passeriformes","Cotingidae","Phibalura","boliviana",NA
"Doliornis sclateri","Passeriformes","Cotingidae","Doliornis","sclateri",NA
"Doliornis remseni","Passeriformes","Cotingidae","Doliornis","remseni",NA
"Ampelion rubrocristatus","Passeriformes","Cotingidae","Ampelion","rubrocristatus",1
"Ampelion rufaxilla","Passeriformes","Cotingidae","Ampelion","rufaxilla",NA
"Haematoderus militaris","Passeriformes","Cotingidae","Haematoderus","militaris",0
"Querula purpurata","Passeriformes","Cotingidae","Querula","purpurata",1
"Pyroderus scutatus","Passeriformes","Cotingidae","Pyroderus","scutatus",0
"Cephalopterus glabricollis","Passeriformes","Cotingidae","Cephalopterus","glabricollis",1
"Cephalopterus penduliger","Passeriformes","Cotingidae","Cephalopterus","penduliger",0
"Cephalopterus ornatus","Passeriformes","Cotingidae","Cephalopterus","ornatus",0
"Perissocephalus tricolor","Passeriformes","Cotingidae","Perissocephalus","tricolor",0
"Lipaugus unirufus","Passeriformes","Cotingidae","Lipaugus","unirufus",NA
"Lipaugus streptophorus","Passeriformes","Cotingidae","Lipaugus","streptophorus",NA
"Lipaugus vociferans","Passeriformes","Cotingidae","Lipaugus","vociferans",0
"Lipaugus lanioides","Passeriformes","Cotingidae","Lipaugus","lanioides",NA
"Lipaugus ater","Passeriformes","Cotingidae","Lipaugus","ater",0
"Lipaugus conditus","Passeriformes","Cotingidae","Lipaugus","conditus",0
"Lipaugus weberi","Passeriformes","Cotingidae","Lipaugus","weberi",1
"Lipaugus fuscocinereus","Passeriformes","Cotingidae","Lipaugus","fuscocinereus",1
"Lipaugus uropygialis","Passeriformes","Cotingidae","Lipaugus","uropygialis",NA
"Procnias albus","Passeriformes","Cotingidae","Procnias","albus",NA
"Procnias tricarunculatus","Passeriformes","Cotingidae","Procnias","tricarunculatus",NA
"Procnias nudicollis","Passeriformes","Cotingidae","Procnias","nudicollis",0
"Procnias averano","Passeriformes","Cotingidae","Procnias","averano",0
"Cotinga maynana","Passeriformes","Cotingidae","Cotinga","maynana",NA
"Cotinga cayana","Passeriformes","Cotingidae","Cotinga","cayana",1
"Cotinga amabilis","Passeriformes","Cotingidae","Cotinga","amabilis",NA
"Cotinga nattererii","Passeriformes","Cotingidae","Cotinga","nattererii",1
"Cotinga ridgwayi","Passeriformes","Cotingidae","Cotinga","ridgwayi",NA
"Cotinga maculata","Passeriformes","Cotingidae","Cotinga","maculata",1
"Cotinga cotinga","Passeriformes","Cotingidae","Cotinga","cotinga",0
"Porphyrolaema porphyrolaema","Passeriformes","Cotingidae","Porphyrolaema","porphyrolaema",0
"Conioptilon mcilhennyi","Passeriformes","Cotingidae","Conioptilon","mcilhennyi",NA
"Gymnoderus foetidus","Passeriformes","Cotingidae","Gymnoderus","foetidus",NA
"Xipholena punicea","Passeriformes","Cotingidae","Xipholena","punicea",0
"Xipholena lamellipennis","Passeriformes","Cotingidae","Xipholena","lamellipennis",NA
"Xipholena atropurpurea","Passeriformes","Cotingidae","Xipholena","atropurpurea",NA
"Carpodectes hopkei","Passeriformes","Cotingidae","Carpodectes","hopkei",1
"Carpodectes antoniae","Passeriformes","Cotingidae","Carpodectes","antoniae",NA
"Carpodectes nitidus","Passeriformes","Cotingidae","Carpodectes","nitidus",NA
"Tyranneutes stolzmanni","Passeriformes","Pipridae","Tyranneutes","stolzmanni",NA
"Tyranneutes virescens","Passeriformes","Pipridae","Tyranneutes","virescens",NA
"Neopelma chrysocephalum","Passeriformes","Pipridae","Neopelma","chrysocephalum",NA
"Neopelma sulphureiventer","Passeriformes","Pipridae","Neopelma","sulphureiventer",NA
"Neopelma pallescens","Passeriformes","Pipridae","Neopelma","pallescens",NA
"Neopelma aurifrons","Passeriformes","Pipridae","Neopelma","aurifrons",NA
"Neopelma chrysolophum","Passeriformes","Pipridae","Neopelma","chrysolophum",NA
"Chloropipo flavicapilla","Passeriformes","Pipridae","Chloropipo","flavicapilla",NA
"Chloropipo unicolor","Passeriformes","Pipridae","Chloropipo","unicolor",NA
"Chiroxiphia boliviana","Passeriformes","Pipridae","Chiroxiphia","boliviana",0
"Chiroxiphia pareola","Passeriformes","Pipridae","Chiroxiphia","pareola",0
"Chiroxiphia linearis","Passeriformes","Pipridae","Chiroxiphia","linearis",0
"Chiroxiphia lanceolata","Passeriformes","Pipridae","Chiroxiphia","lanceolata",0
"Chiroxiphia caudata","Passeriformes","Pipridae","Chiroxiphia","caudata",0
"Chiroxiphia bokermanni","Passeriformes","Pipridae","Antilophia","bokermanni",NA
"Chiroxiphia galeata","Passeriformes","Pipridae","Antilophia","galeata",0
"Ilicura militaris","Passeriformes","Pipridae","Ilicura","militaris",NA
"Masius chrysopterus","Passeriformes","Pipridae","Masius","chrysopterus",0
"Corapipo gutturalis","Passeriformes","Pipridae","Corapipo","gutturalis",1
"Corapipo altera","Passeriformes","Pipridae","Corapipo","altera",NA
"Corapipo leucorrhoa","Passeriformes","Pipridae","Corapipo","leucorrhoa",1
"Xenopipo uniformis","Passeriformes","Pipridae","Xenopipo","uniformis",NA
"Xenopipo atronitens","Passeriformes","Pipridae","Xenopipo","atronitens",NA
"Cryptopipo litae","Passeriformes","Pipridae","Cryptopipo","litae",NA
"Cryptopipo holochlora","Passeriformes","Pipridae","Cryptopipo","holochlora",NA
"Lepidothrix velutina","Passeriformes","Pipridae","Lepidothrix","velutina",NA
"Lepidothrix coronata","Passeriformes","Pipridae","Lepidothrix","coronata",0
"Lepidothrix nattereri","Passeriformes","Pipridae","Lepidothrix","nattereri",NA
"Lepidothrix vilasboasi","Passeriformes","Pipridae","Lepidothrix","vilasboasi",NA
"Lepidothrix iris","Passeriformes","Pipridae","Lepidothrix","iris",0
"Lepidothrix suavissima","Passeriformes","Pipridae","Lepidothrix","suavissima",0
"Lepidothrix serena","Passeriformes","Pipridae","Lepidothrix","serena",NA
"Lepidothrix isidorei","Passeriformes","Pipridae","Lepidothrix","isidorei",NA
"Lepidothrix coeruleocapilla","Passeriformes","Pipridae","Lepidothrix","coeruleocapilla",NA
"Heterocercus aurantiivertex","Passeriformes","Pipridae","Heterocercus","aurantiivertex",NA
"Heterocercus flavivertex","Passeriformes","Pipridae","Heterocercus","flavivertex",0
"Heterocercus linteatus","Passeriformes","Pipridae","Heterocercus","linteatus",0
"Manacus manacus","Passeriformes","Pipridae","Manacus","manacus",1
"Manacus candei","Passeriformes","Pipridae","Manacus","candei",0
"Manacus vitellinus","Passeriformes","Pipridae","Manacus","vitellinus",1
"Manacus aurantiacus","Passeriformes","Pipridae","Manacus","aurantiacus",1
"Pipra aureola","Passeriformes","Pipridae","Pipra","aureola",0
"Pipra filicauda","Passeriformes","Pipridae","Pipra","filicauda",0
"Pipra fasciicauda","Passeriformes","Pipridae","Pipra","fasciicauda",0
"Machaeropterus deliciosus","Passeriformes","Pipridae","Machaeropterus","deliciosus",1
"Machaeropterus regulus","Passeriformes","Pipridae","Machaeropterus","regulus",0
"Machaeropterus striolatus","Passeriformes","Pipridae","Machaeropterus","striolatus",0
"Machaeropterus eckelberryi","Passeriformes","Pipridae","Machaeropterus","eckelberryi",NA
"Machaeropterus pyrocephalus","Passeriformes","Pipridae","Machaeropterus","pyrocephalus",0
"Pseudopipra pipra","Passeriformes","Pipridae","Pseudopipra","pipra",NA
"Ceratopipra cornuta","Passeriformes","Pipridae","Ceratopipra","cornuta",0
"Ceratopipra mentalis","Passeriformes","Pipridae","Ceratopipra","mentalis",1
"Ceratopipra chloromeros","Passeriformes","Pipridae","Ceratopipra","chloromeros",0
"Ceratopipra erythrocephala","Passeriformes","Pipridae","Ceratopipra","erythrocephala",0
"Ceratopipra rubrocapilla","Passeriformes","Pipridae","Ceratopipra","rubrocapilla",0
"Tityra inquisitor","Passeriformes","Tityridae","Tityra","inquisitor",0
"Tityra cayana","Passeriformes","Tityridae","Tityra","cayana",0
NA,"Passeriformes",NA,"Tityra","braziliensis",NA
"Tityra semifasciata","Passeriformes","Tityridae","Tityra","semifasciata",0
"Tityra leucura","Passeriformes","Tityridae","Tityra","leucura",NA
"Schiffornis major","Passeriformes","Tityridae","Schiffornis","major",0
"Schiffornis olivacea","Passeriformes","Tityridae","Schiffornis","olivacea",0
"Schiffornis veraepacis","Passeriformes","Tityridae","Schiffornis","veraepacis",NA
"Schiffornis aenea","Passeriformes","Tityridae","Schiffornis","aenea",NA
"Schiffornis stenorhyncha","Passeriformes","Tityridae","Schiffornis","stenorhyncha",NA
"Schiffornis turdina","Passeriformes","Tityridae","Schiffornis","turdina",0
"Schiffornis virescens","Passeriformes","Tityridae","Schiffornis","virescens",0
"Laniocera rufescens","Passeriformes","Tityridae","Laniocera","rufescens",0
"Laniocera hypopyrra","Passeriformes","Tityridae","Laniocera","hypopyrra",0
"Iodopleura pipra","Passeriformes","Tityridae","Iodopleura","pipra",NA
"Iodopleura fusca","Passeriformes","Tityridae","Iodopleura","fusca",NA
"Iodopleura isabellae","Passeriformes","Tityridae","Iodopleura","isabellae",0
"Laniisoma buckleyi","Passeriformes","Tityridae","Laniisoma","buckleyi",1
"Laniisoma elegans","Passeriformes","Tityridae","Laniisoma","elegans",0
"Xenopsaris albinucha","Passeriformes","Tityridae","Xenopsaris","albinucha",0
"Pachyramphus viridis","Passeriformes","Tityridae","Pachyramphus","viridis",0
NA,"Passeriformes",NA,"Pachyramphus","griseigularis",NA
"Pachyramphus xanthogenys","Passeriformes","Tityridae","Pachyramphus","xanthogenys",NA
"Pachyramphus versicolor","Passeriformes","Tityridae","Pachyramphus","versicolor",0
"Pachyramphus spodiurus","Passeriformes","Tityridae","Pachyramphus","spodiurus",0
"Pachyramphus rufus","Passeriformes","Tityridae","Pachyramphus","rufus",0
"Pachyramphus castaneus","Passeriformes","Tityridae","Pachyramphus","castaneus",0
"Pachyramphus cinnamomeus","Passeriformes","Tityridae","Pachyramphus","cinnamomeus",0
"Pachyramphus salvini","Passeriformes","Tityridae","Pachyramphus","salvini",0
"Pachyramphus polychopterus","Passeriformes","Tityridae","Pachyramphus","polychopterus",0
"Pachyramphus marginatus","Passeriformes","Tityridae","Pachyramphus","marginatus",0
"Pachyramphus albogriseus","Passeriformes","Tityridae","Pachyramphus","albogriseus",0
"Pachyramphus major","Passeriformes","Tityridae","Pachyramphus","major",0
NA,"Passeriformes",NA,"Pachyramphus","uropygialis",NA
"Pachyramphus surinamus","Passeriformes","Tityridae","Pachyramphus","surinamus",0
"Pachyramphus homochrous","Passeriformes","Tityridae","Pachyramphus","homochrous",0
"Pachyramphus minor","Passeriformes","Tityridae","Pachyramphus","minor",0
"Pachyramphus validus","Passeriformes","Tityridae","Pachyramphus","validus",0
"Pachyramphus aglaiae","Passeriformes","Tityridae","Pachyramphus","aglaiae",0
"Pachyramphus niger","Passeriformes","Tityridae","Pachyramphus","niger",NA
"Oxyruncus cristatus","Passeriformes","Oxyruncidae","Oxyruncus","cristatus",1
"Onychorhynchus swainsoni","Passeriformes","Onychorhynchidae","Onychorhynchus","swainsoni",0
"Onychorhynchus coronatus","Passeriformes","Onychorhynchidae","Onychorhynchus","coronatus",0
NA,"Passeriformes",NA,"Onychorhynchus","mexicanus",NA
NA,"Passeriformes",NA,"Onychorhynchus","occidentalis",NA
"Myiobius villosus","Passeriformes","Onychorhynchidae","Myiobius","villosus",0
"Myiobius sulphureipygius","Passeriformes","Onychorhynchidae","Myiobius","sulphureipygius",0
"Myiobius barbatus","Passeriformes","Onychorhynchidae","Myiobius","barbatus",0
"Myiobius atricaudus","Passeriformes","Onychorhynchidae","Myiobius","atricaudus",0
"Terenotriccus erythrurus","Passeriformes","Onychorhynchidae","Terenotriccus","erythrurus",0
"Menura alberti","Passeriformes","Menuridae","Menura","alberti",1
"Menura novaehollandiae","Passeriformes","Menuridae","Menura","novaehollandiae",1
"Atrichornis rufescens","Passeriformes","Atrichornithidae","Atrichornis","rufescens",NA
"Atrichornis clamosus","Passeriformes","Atrichornithidae","Atrichornis","clamosus",NA
"Ailuroedus stonii","Passeriformes","Ptilonorhynchidae","Ailuroedus","stonii",0
"Ailuroedus buccoides","Passeriformes","Ptilonorhynchidae","Ailuroedus","buccoides",0
"Ailuroedus geislerorum","Passeriformes","Ptilonorhynchidae","Ailuroedus","geislerorum",0
"Ailuroedus crassirostris","Passeriformes","Ptilonorhynchidae","Ailuroedus","crassirostris",0
"Ailuroedus maculosus","Passeriformes","Ptilonorhynchidae","Ailuroedus","maculosus",0
"Ailuroedus astigmaticus","Passeriformes","Ptilonorhynchidae","Ailuroedus","astigmaticus",0
"Ailuroedus melanocephalus","Passeriformes","Ptilonorhynchidae","Ailuroedus","melanocephalus",0
"Ailuroedus jobiensis","Passeriformes","Ptilonorhynchidae","Ailuroedus","jobiensis",NA
"Ailuroedus arfakianus","Passeriformes","Ptilonorhynchidae","Ailuroedus","arfakianus",0
"Ailuroedus melanotis","Passeriformes","Ptilonorhynchidae","Ailuroedus","melanotis",0
"Scenopoeetes dentirostris","Passeriformes","Ptilonorhynchidae","Scenopoeetes","dentirostris",0
"Archboldia papuensis","Passeriformes","Ptilonorhynchidae","Archboldia","papuensis",NA
"Amblyornis inornata","Passeriformes","Ptilonorhynchidae","Amblyornis","inornata",NA
"Amblyornis macgregoriae","Passeriformes","Ptilonorhynchidae","Amblyornis","macgregoriae",NA
"Amblyornis germanus","Passeriformes","Ptilonorhynchidae","Amblyornis","germanus",NA
"Amblyornis subalaris","Passeriformes","Ptilonorhynchidae","Amblyornis","subalaris",NA
"Amblyornis flavifrons","Passeriformes","Ptilonorhynchidae","Amblyornis","flavifrons",NA
"Prionodura newtoniana","Passeriformes","Ptilonorhynchidae","Prionodura","newtoniana",0
"Sericulus aureus","Passeriformes","Ptilonorhynchidae","Sericulus","aureus",0
"Sericulus ardens","Passeriformes","Ptilonorhynchidae","Sericulus","ardens",NA
"Sericulus bakeri","Passeriformes","Ptilonorhynchidae","Sericulus","bakeri",0
"Sericulus chrysocephalus","Passeriformes","Ptilonorhynchidae","Sericulus","chrysocephalus",NA
"Ptilonorhynchus violaceus","Passeriformes","Ptilonorhynchidae","Ptilonorhynchus","violaceus",0
"Chlamydera guttata","Passeriformes","Ptilonorhynchidae","Chlamydera","guttata",0
"Chlamydera nuchalis","Passeriformes","Ptilonorhynchidae","Chlamydera","nuchalis",0
"Chlamydera maculata","Passeriformes","Ptilonorhynchidae","Chlamydera","maculata",0
"Chlamydera lauterbachi","Passeriformes","Ptilonorhynchidae","Chlamydera","lauterbachi",0
"Chlamydera cerviniventris","Passeriformes","Ptilonorhynchidae","Chlamydera","cerviniventris",NA
"Cormobates leucophaea","Passeriformes","Climacteridae","Cormobates","leucophaea",NA
"Cormobates placens","Passeriformes","Climacteridae","Cormobates","placens",0
"Climacteris erythrops","Passeriformes","Climacteridae","Climacteris","erythrops",NA
"Climacteris affinis","Passeriformes","Climacteridae","Climacteris","affinis",NA
"Climacteris rufus","Passeriformes","Climacteridae","Climacteris","rufus",NA
"Climacteris picumnus","Passeriformes","Climacteridae","Climacteris","picumnus",NA
"Climacteris melanurus","Passeriformes","Climacteridae","Climacteris","melanurus",NA
"Sipodotus wallacii","Passeriformes","Maluridae","Sipodotus","wallacii",1
"Chenorhamphus grayi","Passeriformes","Maluridae","Chenorhamphus","grayi",0
"Chenorhamphus campbelli","Passeriformes","Maluridae","Chenorhamphus","campbelli",NA
"Malurus cyanocephalus","Passeriformes","Maluridae","Malurus","cyanocephalus",1
"Malurus amabilis","Passeriformes","Maluridae","Malurus","amabilis",0
"Malurus assimilis","Passeriformes","Maluridae","Malurus","assimilis",NA
"Malurus lamberti","Passeriformes","Maluridae","Malurus","lamberti",1
"Malurus pulcherrimus","Passeriformes","Maluridae","Malurus","pulcherrimus",0
"Malurus elegans","Passeriformes","Maluridae","Malurus","elegans",1
"Malurus cyaneus","Passeriformes","Maluridae","Malurus","cyaneus",0
"Malurus splendens","Passeriformes","Maluridae","Malurus","splendens",0
"Malurus coronatus","Passeriformes","Maluridae","Malurus","coronatus",0
"Malurus alboscapulatus","Passeriformes","Maluridae","Malurus","alboscapulatus",1
"Malurus melanocephalus","Passeriformes","Maluridae","Malurus","melanocephalus",1
"Malurus leucopterus","Passeriformes","Maluridae","Malurus","leucopterus",1
"Clytomyias insignis","Passeriformes","Maluridae","Clytomyias","insignis",NA
"Stipiturus malachurus","Passeriformes","Maluridae","Stipiturus","malachurus",0
"Stipiturus mallee","Passeriformes","Maluridae","Stipiturus","mallee",1
"Stipiturus ruficeps","Passeriformes","Maluridae","Stipiturus","ruficeps",NA
"Amytornis barbatus","Passeriformes","Maluridae","Amytornis","barbatus",NA
"Amytornis housei","Passeriformes","Maluridae","Amytornis","housei",1
"Amytornis woodwardi","Passeriformes","Maluridae","Amytornis","woodwardi",0
"Amytornis dorotheae","Passeriformes","Maluridae","Amytornis","dorotheae",0
"Amytornis merrotsyi","Passeriformes","Maluridae","Amytornis","merrotsyi",0
"Amytornis whitei","Passeriformes","Maluridae","Amytornis","whitei",0
"Amytornis oweni","Passeriformes","Maluridae","Amytornis","oweni",NA
"Amytornis rowleyi","Passeriformes","Maluridae","Amytornis","rowleyi",NA
"Amytornis striatus","Passeriformes","Maluridae","Amytornis","striatus",0
"Amytornis goyderi","Passeriformes","Maluridae","Amytornis","goyderi",NA
"Amytornis textilis","Passeriformes","Maluridae","Amytornis","textilis",NA
"Amytornis modestus","Passeriformes","Maluridae","Amytornis","modestus",NA
"Amytornis purnelli","Passeriformes","Maluridae","Amytornis","purnelli",NA
"Amytornis ballarae","Passeriformes","Maluridae","Amytornis","ballarae",0
"Myza celebensis","Passeriformes","Meliphagidae","Myza","celebensis",0
"Myza sarasinorum","Passeriformes","Meliphagidae","Myza","sarasinorum",NA
"Acanthorhynchus tenuirostris","Passeriformes","Meliphagidae","Acanthorhynchus","tenuirostris",0
"Acanthorhynchus superciliosus","Passeriformes","Meliphagidae","Acanthorhynchus","superciliosus",0
"Glycichaera fallax","Passeriformes","Meliphagidae","Glycichaera","fallax",0
"Melionyx fuscus","Passeriformes","Meliphagidae","Melionyx","fuscus",0
"Melionyx princeps","Passeriformes","Meliphagidae","Melionyx","princeps",NA
"Melionyx nouhuysi","Passeriformes","Meliphagidae","Melionyx","nouhuysi",NA
"Ptiloprora plumbea","Passeriformes","Meliphagidae","Ptiloprora","plumbea",0
"Ptiloprora meekiana","Passeriformes","Meliphagidae","Ptiloprora","meekiana",0
"Ptiloprora erythropleura","Passeriformes","Meliphagidae","Ptiloprora","erythropleura",0
"Ptiloprora guisei","Passeriformes","Meliphagidae","Ptiloprora","guisei",0
"Ptiloprora mayri","Passeriformes","Meliphagidae","Ptiloprora","mayri",NA
"Ptiloprora perstriata","Passeriformes","Meliphagidae","Ptiloprora","perstriata",0
"Ashbyia lovensis","Passeriformes","Meliphagidae","Ashbyia","lovensis",0
"Epthianura tricolor","Passeriformes","Meliphagidae","Epthianura","tricolor",1
"Epthianura aurifrons","Passeriformes","Meliphagidae","Epthianura","aurifrons",0
"Epthianura crocea","Passeriformes","Meliphagidae","Epthianura","crocea",0
"Epthianura albifrons","Passeriformes","Meliphagidae","Epthianura","albifrons",1
"Stresemannia bougainvillei","Passeriformes","Meliphagidae","Stresemannia","bougainvillei",0
"Conopophila albogularis","Passeriformes","Meliphagidae","Conopophila","albogularis",0
"Conopophila rufogularis","Passeriformes","Meliphagidae","Conopophila","rufogularis",0
"Conopophila whitei","Passeriformes","Meliphagidae","Conopophila","whitei",0
"Ramsayornis fasciatus","Passeriformes","Meliphagidae","Ramsayornis","fasciatus",1
"Ramsayornis modestus","Passeriformes","Meliphagidae","Ramsayornis","modestus",1
"Melilestes megarhynchus","Passeriformes","Meliphagidae","Melilestes","megarhynchus",0
"Timeliopsis fulvigula","Passeriformes","Meliphagidae","Timeliopsis","fulvigula",0
"Timeliopsis griseigula","Passeriformes","Meliphagidae","Timeliopsis","griseigula",0
"Melipotes gymnops","Passeriformes","Meliphagidae","Melipotes","gymnops",0
"Melipotes fumigatus","Passeriformes","Meliphagidae","Melipotes","fumigatus",0
"Melipotes carolae","Passeriformes","Meliphagidae","Melipotes","carolae",NA
"Melipotes ater","Passeriformes","Meliphagidae","Melipotes","ater",NA
"Macgregoria pulchra","Passeriformes","Meliphagidae","Macgregoria","pulchra",NA
"Glycifohia undulata","Passeriformes","Meliphagidae","Gliciphila","undulata",0
"Glycifohia notabilis","Passeriformes","Meliphagidae","Gliciphila","notabilis",0
"Gliciphila melanops","Passeriformes","Meliphagidae","Gliciphila","melanops",0
"Pycnopygius ixoides","Passeriformes","Meliphagidae","Pycnopygius","ixoides",0
"Pycnopygius cinereus","Passeriformes","Meliphagidae","Pycnopygius","cinereus",0
"Pycnopygius stictocephalus","Passeriformes","Meliphagidae","Pycnopygius","stictocephalus",0
"Certhionyx variegatus","Passeriformes","Meliphagidae","Certhionyx","variegatus",0
"Prosthemadera novaeseelandiae","Passeriformes","Meliphagidae","Prosthemadera","novaeseelandiae",0
"Anthornis melanura","Passeriformes","Meliphagidae","Anthornis","melanura",NA
"Anthornis melanocephala","Passeriformes","Meliphagidae","Anthornis","melanocephala",0
"Sugomel lombokium","Passeriformes","Meliphagidae","Lichmera","lombokia",0
"Sugomel nigrum","Passeriformes","Meliphagidae","Sugomel","nigrum",1
"Melitograis gilolensis","Passeriformes","Meliphagidae","Melitograis","gilolensis",0
"Vosea whitemanensis","Passeriformes","Meliphagidae","Vosea","whitemanensis",0
"Myzomela blasii","Passeriformes","Meliphagidae","Myzomela","blasii",NA
"Myzomela albigula","Passeriformes","Meliphagidae","Myzomela","albigula",NA
"Myzomela cineracea","Passeriformes","Meliphagidae","Myzomela","cineracea",NA
"Myzomela eques","Passeriformes","Meliphagidae","Myzomela","eques",1
"Myzomela simplex","Passeriformes","Meliphagidae","Myzomela","simplex",NA
"Myzomela rubrotincta","Passeriformes","Meliphagidae","Myzomela","rubrotincta",NA
"Myzomela rubrobrunnea","Passeriformes","Meliphagidae","Myzomela","rubrobrunnea",NA
"Myzomela obscura","Passeriformes","Meliphagidae","Myzomela","obscura",0
"Myzomela cruentata","Passeriformes","Meliphagidae","Myzomela","cruentata",0
"Myzomela erythrina","Passeriformes","Meliphagidae","Myzomela","erythrina",NA
"Myzomela nigrita","Passeriformes","Meliphagidae","Myzomela","nigrita",NA
"Myzomela pulchella","Passeriformes","Meliphagidae","Myzomela","pulchella",0
"Myzomela kuehni","Passeriformes","Meliphagidae","Myzomela","kuehni",NA
"Myzomela prawiradilagae","Passeriformes","Meliphagidae","Myzomela","prawiradilagae",0
"Myzomela erythrocephala","Passeriformes","Meliphagidae","Myzomela","erythrocephala",0
"Myzomela dammermani","Passeriformes","Meliphagidae","Myzomela","dammermani",NA
"Myzomela irianawidodoae","Passeriformes","Meliphagidae","Myzomela","irianawidodoae",NA
"Myzomela adolphinae","Passeriformes","Meliphagidae","Myzomela","adolphinae",1
"Myzomela boiei","Passeriformes","Meliphagidae","Myzomela","boiei",0
"Myzomela wahe","Passeriformes","Meliphagidae","Myzomela","wahe",NA
"Myzomela chloroptera","Passeriformes","Meliphagidae","Myzomela","chloroptera",0
"Myzomela batjanensis","Passeriformes","Meliphagidae","Myzomela","batjanensis",NA
"Myzomela wakoloensis","Passeriformes","Meliphagidae","Myzomela","wakoloensis",0
"Myzomela sanguinolenta","Passeriformes","Meliphagidae","Myzomela","sanguinolenta",0
"Myzomela caledonica","Passeriformes","Meliphagidae","Myzomela","caledonica",NA
"Myzomela cardinalis","Passeriformes","Meliphagidae","Myzomela","cardinalis",0
"Myzomela nigriventris","Passeriformes","Meliphagidae","Myzomela","nigriventris",NA
"Myzomela chermesina","Passeriformes","Meliphagidae","Myzomela","chermesina",NA
"Myzomela rubratra","Passeriformes","Meliphagidae","Myzomela","rubratra",0
"Myzomela sclateri","Passeriformes","Meliphagidae","Myzomela","sclateri",0
"Myzomela pammelaena","Passeriformes","Meliphagidae","Myzomela","pammelaena",0
"Myzomela lafargei","Passeriformes","Meliphagidae","Myzomela","lafargei",0
"Myzomela eichhorni","Passeriformes","Meliphagidae","Myzomela","eichhorni",0
"Myzomela malaitae","Passeriformes","Meliphagidae","Myzomela","malaitae",NA
"Myzomela melanocephala","Passeriformes","Meliphagidae","Myzomela","melanocephala",0
"Myzomela tristrami","Passeriformes","Meliphagidae","Myzomela","tristrami",0
"Myzomela jugularis","Passeriformes","Meliphagidae","Myzomela","jugularis",0
"Myzomela erythromelas","Passeriformes","Meliphagidae","Myzomela","erythromelas",NA
"Myzomela vulnerata","Passeriformes","Meliphagidae","Myzomela","vulnerata",0
"Myzomela rosenbergii","Passeriformes","Meliphagidae","Myzomela","rosenbergii",1
"Myzomela longirostris","Passeriformes","Meliphagidae","Myzomela","longirostris",NA
"Philemon meyeri","Passeriformes","Meliphagidae","Philemon","meyeri",0
"Philemon brassi","Passeriformes","Meliphagidae","Philemon","brassi",1
"Philemon citreogularis","Passeriformes","Meliphagidae","Philemon","citreogularis",0
"Philemon kisserensis","Passeriformes","Meliphagidae","Philemon","kisserensis",NA
"Philemon inornatus","Passeriformes","Meliphagidae","Philemon","inornatus",0
"Philemon fuscicapillus","Passeriformes","Meliphagidae","Philemon","fuscicapillus",0
"Philemon subcorniculatus","Passeriformes","Meliphagidae","Philemon","subcorniculatus",0
"Philemon moluccensis","Passeriformes","Meliphagidae","Philemon","moluccensis",0
"Philemon plumigenis","Passeriformes","Meliphagidae","Philemon","plumigenis",NA
"Philemon buceroides","Passeriformes","Meliphagidae","Philemon","buceroides",1
"Philemon cockerelli","Passeriformes","Meliphagidae","Philemon","cockerelli",0
"Philemon eichhorni","Passeriformes","Meliphagidae","Philemon","eichhorni",NA
"Philemon albitorques","Passeriformes","Meliphagidae","Philemon","albitorques",0
"Philemon argenticeps","Passeriformes","Meliphagidae","Philemon","argenticeps",1
"Philemon corniculatus","Passeriformes","Meliphagidae","Philemon","corniculatus",0
"Philemon diemenensis","Passeriformes","Meliphagidae","Philemon","diemenensis",NA
"Xanthotis polygrammus","Passeriformes","Meliphagidae","Xanthotis","polygrammus",0
"Xanthotis macleayanus","Passeriformes","Meliphagidae","Xanthotis","macleayanus",0
"Xanthotis flaviventer","Passeriformes","Meliphagidae","Xanthotis","flaviventer",0
"Plectorhyncha lanceolata","Passeriformes","Meliphagidae","Plectorhyncha","lanceolata",1
"Grantiella picta","Passeriformes","Meliphagidae","Grantiella","picta",1
"Trichodere cockerelli","Passeriformes","Meliphagidae","Trichodere","cockerelli",1
"Phylidonyris pyrrhopterus","Passeriformes","Meliphagidae","Phylidonyris","pyrrhopterus",1
"Phylidonyris novaehollandiae","Passeriformes","Meliphagidae","Phylidonyris","novaehollandiae",NA
"Phylidonyris niger","Passeriformes","Meliphagidae","Phylidonyris","niger",0
"Lichmera argentauris","Passeriformes","Meliphagidae","Lichmera","argentauris",0
"Lichmera indistincta","Passeriformes","Meliphagidae","Lichmera","indistincta",NA
"Lichmera incana","Passeriformes","Meliphagidae","Lichmera","incana",0
"Lichmera alboauricularis","Passeriformes","Meliphagidae","Lichmera","alboauricularis",0
"Lichmera squamata","Passeriformes","Meliphagidae","Lichmera","squamata",0
"Lichmera deningeri","Passeriformes","Meliphagidae","Lichmera","deningeri",NA
"Lichmera monticola","Passeriformes","Meliphagidae","Lichmera","monticola",1
"Lichmera flavicans","Passeriformes","Meliphagidae","Lichmera","flavicans",NA
"Lichmera notabilis","Passeriformes","Meliphagidae","Lichmera","notabilis",0
"Cissomela pectoralis","Passeriformes","Meliphagidae","Cissomela","pectoralis",0
"Guadalcanaria inexpectata","Passeriformes","Meliphagidae","Guadalcanaria","inexpectata",0
"Meliarchus sclateri","Passeriformes","Meliphagidae","Meliarchus","sclateri",0
"Gymnomyza viridis","Passeriformes","Meliphagidae","Gymnomyza","viridis",0
"Gymnomyza brunneirostris","Passeriformes","Meliphagidae","Gymnomyza","brunneirostris",NA
"Gymnomyza samoensis","Passeriformes","Meliphagidae","Gymnomyza","samoensis",0
"Gymnomyza aubryana","Passeriformes","Meliphagidae","Gymnomyza","aubryana",0
"Foulehaio carunculatus","Passeriformes","Meliphagidae","Foulehaio","carunculatus",0
"Foulehaio taviunensis","Passeriformes","Meliphagidae","Foulehaio","taviunensis",NA
"Foulehaio procerior","Passeriformes","Meliphagidae","Foulehaio","procerior",NA
"Meliphacator provocator","Passeriformes","Meliphagidae","Meliphacator","provocator",NA
"Nesoptilotis leucotis","Passeriformes","Meliphagidae","Nesoptilotis","leucotis",0
"Nesoptilotis flavicollis","Passeriformes","Meliphagidae","Nesoptilotis","flavicollis",0
"Entomyzon cyanotis","Passeriformes","Meliphagidae","Entomyzon","cyanotis",0
NA,"Passeriformes",NA,"Entomyzon","albipennis",NA
"Melithreptus gularis","Passeriformes","Meliphagidae","Melithreptus","gularis",0
NA,"Passeriformes",NA,"Melithreptus","laetior",NA
"Melithreptus validirostris","Passeriformes","Meliphagidae","Melithreptus","validirostris",1
"Melithreptus brevirostris","Passeriformes","Meliphagidae","Melithreptus","brevirostris",1
"Melithreptus albogularis","Passeriformes","Meliphagidae","Melithreptus","albogularis",0
"Melithreptus lunatus","Passeriformes","Meliphagidae","Melithreptus","lunatus",1
"Melithreptus chloropsis","Passeriformes","Meliphagidae","Melithreptus","chloropsis",1
"Melithreptus affinis","Passeriformes","Meliphagidae","Melithreptus","affinis",1
"Stomiopera unicolor","Passeriformes","Meliphagidae","Stomiopera","unicolor",NA
"Stomiopera flava","Passeriformes","Meliphagidae","Stomiopera","flava",0
"Meliphaga aruensis","Passeriformes","Meliphagidae","Meliphaga","aruensis",0
"Meliphaga notata","Passeriformes","Meliphagidae","Meliphaga","notata",0
"Meliphaga lewinii","Passeriformes","Meliphagidae","Meliphaga","lewinii",0
"Purnella albifrons","Passeriformes","Meliphagidae","Purnella","albifrons",1
"Lichenostomus melanops","Passeriformes","Meliphagidae","Lichenostomus","melanops",1
"Lichenostomus cratitius","Passeriformes","Meliphagidae","Lichenostomus","cratitius",0
"Microptilotis mimikae","Passeriformes","Meliphagidae","Microptilotis","mimikae",0
"Microptilotis montanus","Passeriformes","Meliphagidae","Microptilotis","montanus",0
"Microptilotis orientalis","Passeriformes","Meliphagidae","Microptilotis","orientalis",0
"Microptilotis albonotatus","Passeriformes","Meliphagidae","Microptilotis","albonotatus",0
"Microptilotis analogus","Passeriformes","Meliphagidae","Microptilotis","analogus",0
"Microptilotis vicina","Passeriformes","Meliphagidae","Microptilotis","vicina",NA
"Microptilotis gracilis","Passeriformes","Meliphagidae","Microptilotis","gracilis",0
"Microptilotis imitatrix","Passeriformes","Meliphagidae","Microptilotis","imitatrix",0
"Microptilotis cinereifrons","Passeriformes","Meliphagidae","Microptilotis","cinereifrons",NA
"Microptilotis flavirictus","Passeriformes","Meliphagidae","Microptilotis","flavirictus",0
"Territornis albilineata","Passeriformes","Meliphagidae","Microptilotis","albilineatus",0
"Territornis fordiana","Passeriformes","Meliphagidae","Microptilotis","fordianus",NA
"Territornis reticulata","Passeriformes","Meliphagidae","Microptilotis","reticulatus",0
"Gavicalis versicolor","Passeriformes","Meliphagidae","Gavicalis","versicolor",0
"Gavicalis fasciogularis","Passeriformes","Meliphagidae","Gavicalis","fasciogularis",0
"Gavicalis virescens","Passeriformes","Meliphagidae","Gavicalis","virescens",0
"Oreornis chrysogenys","Passeriformes","Meliphagidae","Oreornis","chrysogenys",NA
"Ptilotula flavescens","Passeriformes","Meliphagidae","Ptilotula","flavescens",0
"Ptilotula fusca","Passeriformes","Meliphagidae","Ptilotula","fusca",1
"Ptilotula keartlandi","Passeriformes","Meliphagidae","Ptilotula","keartlandi",0
"Ptilotula plumula","Passeriformes","Meliphagidae","Ptilotula","plumula",NA
"Ptilotula ornata","Passeriformes","Meliphagidae","Ptilotula","ornata",0
"Ptilotula penicillata","Passeriformes","Meliphagidae","Ptilotula","penicillata",1
"Caligavis chrysops","Passeriformes","Meliphagidae","Caligavis","chrysops",0
"Caligavis subfrenata","Passeriformes","Meliphagidae","Caligavis","subfrenata",0
"Caligavis obscura","Passeriformes","Meliphagidae","Caligavis","obscura",NA
"Anthochaera chrysoptera","Passeriformes","Meliphagidae","Anthochaera","chrysoptera",0
"Anthochaera lunulata","Passeriformes","Meliphagidae","Anthochaera","lunulata",0
"Anthochaera carunculata","Passeriformes","Meliphagidae","Anthochaera","carunculata",0
"Anthochaera paradoxa","Passeriformes","Meliphagidae","Anthochaera","paradoxa",0
"Anthochaera phrygia","Passeriformes","Meliphagidae","Anthochaera","phrygia",1
"Acanthagenys rufogularis","Passeriformes","Meliphagidae","Acanthagenys","rufogularis",0
"Bolemoreus frenatus","Passeriformes","Meliphagidae","Bolemoreus","frenatus",0
"Bolemoreus hindwoodi","Passeriformes","Meliphagidae","Bolemoreus","hindwoodi",0
"Melidectes ochromelas","Passeriformes","Meliphagidae","Melidectes","ochromelas",NA
"Melidectes leucostephes","Passeriformes","Meliphagidae","Melidectes","leucostephes",0
"Melidectes rufocrissalis","Passeriformes","Meliphagidae","Melidectes","rufocrissalis",0
"Melidectes foersteri","Passeriformes","Meliphagidae","Melidectes","foersteri",NA
"Melidectes belfordi","Passeriformes","Meliphagidae","Melidectes","belfordi",0
"Melidectes torquatus","Passeriformes","Meliphagidae","Melidectes","torquatus",0
"Manorina melanophrys","Passeriformes","Meliphagidae","Manorina","melanophrys",0
"Manorina melanocephala","Passeriformes","Meliphagidae","Manorina","melanocephala",0
"Manorina flavigula","Passeriformes","Meliphagidae","Manorina","flavigula",1
"Manorina melanotis","Passeriformes","Meliphagidae","Manorina","melanotis",1
"Dasyornis brachypterus","Passeriformes","Dasyornithidae","Dasyornis","brachypterus",0
"Dasyornis longirostris","Passeriformes","Dasyornithidae","Dasyornis","longirostris",NA
"Dasyornis broadbenti","Passeriformes","Dasyornithidae","Dasyornis","broadbenti",0
"Pardalotus punctatus","Passeriformes","Pardalotidae","Pardalotus","punctatus",0
"Pardalotus quadragintus","Passeriformes","Pardalotidae","Pardalotus","quadragintus",0
"Pardalotus rubricatus","Passeriformes","Pardalotidae","Pardalotus","rubricatus",0
"Pardalotus striatus","Passeriformes","Pardalotidae","Pardalotus","striatus",0
"Pachycare flavogriseum","Passeriformes","Acanthizidae","Pachycare","flavogriseum",NA
"Oreoscopus gutturalis","Passeriformes","Acanthizidae","Oreoscopus","gutturalis",0
"Pycnoptilus floccosus","Passeriformes","Acanthizidae","Pycnoptilus","floccosus",NA
"Pyrrholaemus brunneus","Passeriformes","Acanthizidae","Pyrrholaemus","brunneus",0
"Pyrrholaemus sagittatus","Passeriformes","Acanthizidae","Pyrrholaemus","sagittatus",0
"Hylacola cauta","Passeriformes","Acanthizidae","Hylacola","cauta",0
"Hylacola pyrrhopygia","Passeriformes","Acanthizidae","Hylacola","pyrrhopygia",0
"Calamanthus fuliginosus","Passeriformes","Acanthizidae","Calamanthus","fuliginosus",0
"Calamanthus campestris","Passeriformes","Acanthizidae","Calamanthus","campestris",0
"Calamanthus montanellus","Passeriformes","Acanthizidae","Calamanthus","montanellus",NA
"Smicrornis brevirostris","Passeriformes","Acanthizidae","Smicrornis","brevirostris",1
"Neosericornis citreogularis","Passeriformes","Acanthizidae","Neosericornis","citreogularis",0
"Origma robusta","Passeriformes","Acanthizidae","Origma","robusta",0
"Origma murina","Passeriformes","Acanthizidae","Origma","murina",0
"Origma solitaria","Passeriformes","Acanthizidae","Origma","solitaria",0
"Sericornis humilis","Passeriformes","Acanthizidae","Sericornis","humilis",0
"Sericornis frontalis","Passeriformes","Acanthizidae","Sericornis","frontalis",0
"Sericornis maculatus","Passeriformes","Acanthizidae","Sericornis","maculatus",1
"Sericornis keri","Passeriformes","Acanthizidae","Sericornis","keri",0
"Sericornis beccarii","Passeriformes","Acanthizidae","Sericornis","beccarii",0
"Sericornis magnirostra","Passeriformes","Acanthizidae","Sericornis","magnirostra",0
"Sericornis nouhuysi","Passeriformes","Acanthizidae","Sericornis","nouhuysi",1
"Aethomyias spilodera","Passeriformes","Acanthizidae","Aethomyias","spilodera",NA
"Aethomyias nigrorufus","Passeriformes","Acanthizidae","Aethomyias","nigrorufus",NA
"Aethomyias rufescens","Passeriformes","Acanthizidae","Aethomyias","rufescens",0
"Aethomyias perspicillatus","Passeriformes","Acanthizidae","Aethomyias","perspicillatus",1
"Aethomyias arfakianus","Passeriformes","Acanthizidae","Aethomyias","arfakianus",0
"Aethomyias papuensis","Passeriformes","Acanthizidae","Aethomyias","papuensis",0
"Acanthornis magna","Passeriformes","Acanthizidae","Acanthornis","magna",0
"Aphelocephala leucopsis","Passeriformes","Acanthizidae","Aphelocephala","leucopsis",1
"Aphelocephala nigricincta","Passeriformes","Acanthizidae","Aphelocephala","nigricincta",1
"Aphelocephala pectoralis","Passeriformes","Acanthizidae","Aphelocephala","pectoralis",1
"Acanthiza chrysorrhoa","Passeriformes","Acanthizidae","Acanthiza","chrysorrhoa",NA
"Acanthiza cinerea","Passeriformes","Acanthizidae","Acanthiza","cinerea",1
"Acanthiza murina","Passeriformes","Acanthizidae","Acanthiza","murina",1
"Acanthiza nana","Passeriformes","Acanthizidae","Acanthiza","nana",1
"Acanthiza lineata","Passeriformes","Acanthizidae","Acanthiza","lineata",1
"Acanthiza apicalis","Passeriformes","Acanthizidae","Acanthiza","apicalis",0
"Acanthiza ewingii","Passeriformes","Acanthizidae","Acanthiza","ewingii",0
"Acanthiza katherina","Passeriformes","Acanthizidae","Acanthiza","katherina",0
"Acanthiza pusilla","Passeriformes","Acanthizidae","Acanthiza","pusilla",0
"Acanthiza robustirostris","Passeriformes","Acanthizidae","Acanthiza","robustirostris",0
"Acanthiza iredalei","Passeriformes","Acanthizidae","Acanthiza","iredalei",1
"Acanthiza uropygialis","Passeriformes","Acanthizidae","Acanthiza","uropygialis",1
"Acanthiza inornata","Passeriformes","Acanthizidae","Acanthiza","inornata",0
"Acanthiza reguloides","Passeriformes","Acanthizidae","Acanthiza","reguloides",1
"Gerygone chrysogaster","Passeriformes","Acanthizidae","Gerygone","chrysogaster",0
"Gerygone mouki","Passeriformes","Acanthizidae","Gerygone","mouki",0
"Gerygone chloronota","Passeriformes","Acanthizidae","Gerygone","chloronota",0
"Gerygone palpebrosa","Passeriformes","Acanthizidae","Gerygone","palpebrosa",0
"Gerygone magnirostris","Passeriformes","Acanthizidae","Gerygone","magnirostris",0
"Gerygone hypoxantha","Passeriformes","Acanthizidae","Gerygone","hypoxantha",NA
"Gerygone inornata","Passeriformes","Acanthizidae","Gerygone","inornata",0
"Gerygone dorsalis","Passeriformes","Acanthizidae","Gerygone","dorsalis",0
"Gerygone olivacea","Passeriformes","Acanthizidae","Gerygone","olivacea",0
"Gerygone sulphurea","Passeriformes","Acanthizidae","Gerygone","sulphurea",NA
"Gerygone tenebrosa","Passeriformes","Acanthizidae","Gerygone","tenebrosa",0
"Gerygone flavolateralis","Passeriformes","Acanthizidae","Gerygone","flavolateralis",0
"Gerygone citrina","Passeriformes","Acanthizidae","Gerygone","citrina",NA
"Gerygone levigaster","Passeriformes","Acanthizidae","Gerygone","levigaster",0
"Gerygone fusca","Passeriformes","Acanthizidae","Gerygone","fusca",1
"Gerygone ruficollis","Passeriformes","Acanthizidae","Gerygone","ruficollis",0
"Gerygone insularis","Passeriformes","Acanthizidae","Gerygone","insularis",NA
"Gerygone modesta","Passeriformes","Acanthizidae","Gerygone","modesta",NA
"Gerygone igata","Passeriformes","Acanthizidae","Gerygone","igata",0
"Gerygone albofrontata","Passeriformes","Acanthizidae","Gerygone","albofrontata",0
"Garritornis isidorei","Passeriformes","Pomatostomidae","Garritornis","isidorei",0
"Pomatostomus temporalis","Passeriformes","Pomatostomidae","Pomatostomus","temporalis",1
"Pomatostomus halli","Passeriformes","Pomatostomidae","Pomatostomus","halli",1
"Pomatostomus superciliosus","Passeriformes","Pomatostomidae","Pomatostomus","superciliosus",1
"Pomatostomus ruficeps","Passeriformes","Pomatostomidae","Pomatostomus","ruficeps",0
"Orthonyx novaeguineae","Passeriformes","Orthonychidae","Orthonyx","novaeguineae",NA
"Orthonyx temminckii","Passeriformes","Orthonychidae","Orthonyx","temminckii",NA
"Orthonyx spaldingii","Passeriformes","Orthonychidae","Orthonyx","spaldingii",NA
"Cnemophilus loriae","Passeriformes","Cnemophilidae","Cnemophilus","loriae",0
"Cnemophilus macgregorii","Passeriformes","Cnemophilidae","Cnemophilus","macgregorii",0
NA,"Passeriformes",NA,"Cnemophilus","sanguineus",NA
"Loboparadisea sericea","Passeriformes","Cnemophilidae","Loboparadisea","sericea",0
"Melanocharis arfakiana","Passeriformes","Melanocharitidae","Melanocharis","arfakiana",NA
"Melanocharis longicauda","Passeriformes","Melanocharitidae","Melanocharis","longicauda",0
"Melanocharis nigra","Passeriformes","Melanocharitidae","Melanocharis","nigra",NA
"Melanocharis versteri","Passeriformes","Melanocharitidae","Melanocharis","versteri",0
"Melanocharis striativentris","Passeriformes","Melanocharitidae","Melanocharis","striativentris",NA
"Melanocharis citreola","Passeriformes","Melanocharitidae","Melanocharis","citreola",NA
"Rhamphocharis crassirostris","Passeriformes","Melanocharitidae","Rhamphocharis","crassirostris",0
"Rhamphocharis piperata","Passeriformes","Melanocharitidae","Rhamphocharis","piperata",0
"Oedistoma iliolophus","Passeriformes","Melanocharitidae","Oedistoma","iliolophus",0
"Oedistoma pygmaeum","Passeriformes","Melanocharitidae","Oedistoma","pygmaeum",1
"Toxorhamphus novaeguineae","Passeriformes","Melanocharitidae","Toxorhamphus","novaeguineae",0
"Toxorhamphus poliopterus","Passeriformes","Melanocharitidae","Toxorhamphus","poliopterus",0
"Oreocharis arfaki","Passeriformes","Paramythiidae","Oreocharis","arfaki",1
"Paramythia olivacea","Passeriformes","Paramythiidae","Paramythia","olivacea",NA
"Paramythia montium","Passeriformes","Paramythiidae","Paramythia","montium",1
"Callaeas wilsoni","Passeriformes","Callaeidae","Callaeas","wilsoni",NA
"Callaeas cinereus","Passeriformes","Callaeidae","Callaeas","cinereus",0
"Philesturnus rufusater","Passeriformes","Callaeidae","Philesturnus","rufusater",NA
"Philesturnus carunculatus","Passeriformes","Callaeidae","Philesturnus","carunculatus",NA
"Heteralocha acutirostris","Passeriformes","Callaeidae","Heteralocha","acutirostris",NA
"Notiomystis cincta","Passeriformes","Notiomystidae","Notiomystis","cincta",0
"Androphobus viridis","Passeriformes","Psophodidae","Androphobus","viridis",NA
"Psophodes olivaceus","Passeriformes","Psophodidae","Psophodes","olivaceus",0
"Psophodes nigrogularis","Passeriformes","Psophodidae","Psophodes","nigrogularis",NA
"Psophodes cristatus","Passeriformes","Psophodidae","Psophodes","cristatus",0
"Psophodes occidentalis","Passeriformes","Psophodidae","Psophodes","occidentalis",NA
"Ptilorrhoa leucosticta","Passeriformes","Cinclosomatidae","Ptilorrhoa","leucosticta",NA
"Ptilorrhoa caerulescens","Passeriformes","Cinclosomatidae","Ptilorrhoa","caerulescens",NA
"Ptilorrhoa geislerorum","Passeriformes","Cinclosomatidae","Ptilorrhoa","geislerorum",NA
"Ptilorrhoa castanonota","Passeriformes","Cinclosomatidae","Ptilorrhoa","castanonota",NA
"Cinclosoma punctatum","Passeriformes","Cinclosomatidae","Cinclosoma","punctatum",NA
"Cinclosoma castanotum","Passeriformes","Cinclosomatidae","Cinclosoma","castanotum",NA
"Cinclosoma clarum","Passeriformes","Cinclosomatidae","Cinclosoma","clarum",NA
"Cinclosoma cinnamomeum","Passeriformes","Cinclosomatidae","Cinclosoma","cinnamomeum",NA
"Cinclosoma alisteri","Passeriformes","Cinclosomatidae","Cinclosoma","alisteri",NA
"Cinclosoma castaneothorax","Passeriformes","Cinclosomatidae","Cinclosoma","castaneothorax",NA
"Cinclosoma marginatum","Passeriformes","Cinclosomatidae","Cinclosoma","marginatum",NA
"Cinclosoma ajax","Passeriformes","Cinclosomatidae","Cinclosoma","ajax",NA
"Batis diops","Passeriformes","Platysteiridae","Batis","diops",NA
"Batis margaritae","Passeriformes","Platysteiridae","Batis","margaritae",NA
"Batis mixta","Passeriformes","Platysteiridae","Batis","mixta",NA
NA,"Passeriformes",NA,"Batis","reichenowi",NA
"Batis crypta","Passeriformes","Platysteiridae","Batis","crypta",NA
"Batis dimorpha","Passeriformes","Platysteiridae","Batis","dimorpha",NA
"Batis capensis","Passeriformes","Platysteiridae","Batis","capensis",NA
"Batis fratrum","Passeriformes","Platysteiridae","Batis","fratrum",0
"Batis molitor","Passeriformes","Platysteiridae","Batis","molitor",NA
"Batis senegalensis","Passeriformes","Platysteiridae","Batis","senegalensis",NA
"Batis orientalis","Passeriformes","Platysteiridae","Batis","orientalis",NA
"Batis soror","Passeriformes","Platysteiridae","Batis","soror",NA
"Batis pririt","Passeriformes","Platysteiridae","Batis","pririt",NA
"Batis minor","Passeriformes","Platysteiridae","Batis","minor",NA
"Batis erlangeri","Passeriformes","Platysteiridae","Batis","erlangeri",NA
"Batis perkeo","Passeriformes","Platysteiridae","Batis","perkeo",NA
"Batis minulla","Passeriformes","Platysteiridae","Batis","minulla",NA
"Batis minima","Passeriformes","Platysteiridae","Batis","minima",NA
"Batis ituriensis","Passeriformes","Platysteiridae","Batis","ituriensis",NA
"Batis occulta","Passeriformes","Platysteiridae","Batis","occulta",0
"Batis poensis","Passeriformes","Platysteiridae","Batis","poensis",NA
"Lanioturdus torquatus","Passeriformes","Platysteiridae","Lanioturdus","torquatus",0
"Platysteira hormophora","Passeriformes","Platysteiridae","Dyaphorophyia","hormophora",NA
"Platysteira castanea","Passeriformes","Platysteiridae","Dyaphorophyia","castanea",NA
"Platysteira tonsa","Passeriformes","Platysteiridae","Dyaphorophyia","tonsa",NA
"Platysteira laticincta","Passeriformes","Platysteiridae","Platysteira","laticincta",NA
"Platysteira peltata","Passeriformes","Platysteiridae","Platysteira","peltata",NA
"Platysteira albifrons","Passeriformes","Platysteiridae","Platysteira","albifrons",NA
"Platysteira cyanea","Passeriformes","Platysteiridae","Platysteira","cyanea",NA
"Platysteira concreta","Passeriformes","Platysteiridae","Dyaphorophyia","concreta",0
NA,"Passeriformes",NA,"Dyaphorophyia","ansorgei",NA
"Platysteira blissetti","Passeriformes","Platysteiridae","Dyaphorophyia","blissetti",NA
"Platysteira chalybea","Passeriformes","Platysteiridae","Dyaphorophyia","chalybea",NA
"Platysteira jamesoni","Passeriformes","Platysteiridae","Dyaphorophyia","jamesoni",NA
"Malaconotus cruentus","Passeriformes","Malaconotidae","Malaconotus","cruentus",NA
"Malaconotus monteiri","Passeriformes","Malaconotidae","Malaconotus","monteiri",NA
"Malaconotus blanchoti","Passeriformes","Malaconotidae","Malaconotus","blanchoti",NA
"Malaconotus lagdeni","Passeriformes","Malaconotidae","Malaconotus","lagdeni",NA
"Malaconotus gladiator","Passeriformes","Malaconotidae","Malaconotus","gladiator",NA
"Malaconotus alius","Passeriformes","Malaconotidae","Malaconotus","alius",NA
"Chlorophoneus kupeensis","Passeriformes","Malaconotidae","Chlorophoneus","kupeensis",0
"Chlorophoneus multicolor","Passeriformes","Malaconotidae","Chlorophoneus","multicolor",0
"Chlorophoneus nigrifrons","Passeriformes","Malaconotidae","Chlorophoneus","nigrifrons",0
"Chlorophoneus olivaceus","Passeriformes","Malaconotidae","Chlorophoneus","olivaceus",0
"Chlorophoneus bocagei","Passeriformes","Malaconotidae","Chlorophoneus","bocagei",0
"Chlorophoneus sulfureopectus","Passeriformes","Malaconotidae","Chlorophoneus","sulfureopectus",0
"Telophorus viridis","Passeriformes","Malaconotidae","Telophorus","viridis",0
"Telophorus dohertyi","Passeriformes","Malaconotidae","Telophorus","dohertyi",0
"Telophorus zeylonus","Passeriformes","Malaconotidae","Telophorus","zeylonus",0
"Telophorus cruentus","Passeriformes","Malaconotidae","Rhodophoneus","cruentus",0
"Bocagia minuta","Passeriformes","Malaconotidae","Bocagia","minuta",NA
"Tchagra australis","Passeriformes","Malaconotidae","Tchagra","australis",NA
"Tchagra jamesi","Passeriformes","Malaconotidae","Tchagra","jamesi",NA
"Tchagra tchagra","Passeriformes","Malaconotidae","Tchagra","tchagra",NA
"Tchagra senegalus","Passeriformes","Malaconotidae","Tchagra","senegalus",NA
"Dryoscopus sabini","Passeriformes","Malaconotidae","Dryoscopus","sabini",0
"Dryoscopus angolensis","Passeriformes","Malaconotidae","Dryoscopus","angolensis",0
"Dryoscopus senegalensis","Passeriformes","Malaconotidae","Dryoscopus","senegalensis",0
"Dryoscopus cubla","Passeriformes","Malaconotidae","Dryoscopus","cubla",0
"Dryoscopus gambensis","Passeriformes","Malaconotidae","Dryoscopus","gambensis",0
"Dryoscopus pringlii","Passeriformes","Malaconotidae","Dryoscopus","pringlii",NA
"Laniarius leucorhynchus","Passeriformes","Malaconotidae","Laniarius","leucorhynchus",0
"Laniarius poensis","Passeriformes","Malaconotidae","Laniarius","poensis",0
"Laniarius holomelas","Passeriformes","Malaconotidae","Laniarius","holomelas",NA
"Laniarius willardi","Passeriformes","Malaconotidae","Laniarius","willardi",NA
"Laniarius fuelleborni","Passeriformes","Malaconotidae","Laniarius","fuelleborni",0
"Laniarius funebris","Passeriformes","Malaconotidae","Laniarius","funebris",0
"Laniarius luehderi","Passeriformes","Malaconotidae","Laniarius","luehderi",NA
"Laniarius brauni","Passeriformes","Malaconotidae","Laniarius","brauni",NA
"Laniarius amboimensis","Passeriformes","Malaconotidae","Laniarius","amboimensis",NA
"Laniarius ruficeps","Passeriformes","Malaconotidae","Laniarius","ruficeps",0
"Laniarius nigerrimus","Passeriformes","Malaconotidae","Laniarius","nigerrimus",0
"Laniarius aethiopicus","Passeriformes","Malaconotidae","Laniarius","aethiopicus",0
"Laniarius major","Passeriformes","Malaconotidae","Laniarius","major",0
"Laniarius sublacteus","Passeriformes","Malaconotidae","Laniarius","sublacteus",NA
"Laniarius ferrugineus","Passeriformes","Malaconotidae","Laniarius","ferrugineus",0
"Laniarius bicolor","Passeriformes","Malaconotidae","Laniarius","bicolor",0
"Laniarius turatii","Passeriformes","Malaconotidae","Laniarius","turatii",0
"Laniarius barbarus","Passeriformes","Malaconotidae","Laniarius","barbarus",0
"Laniarius mufumbiri","Passeriformes","Malaconotidae","Laniarius","mufumbiri",0
"Laniarius erythrogaster","Passeriformes","Malaconotidae","Laniarius","erythrogaster",0
"Laniarius atrococcineus","Passeriformes","Malaconotidae","Laniarius","atrococcineus",1
"Laniarius atroflavus","Passeriformes","Malaconotidae","Laniarius","atroflavus",0
"Nilaus afer","Passeriformes","Malaconotidae","Nilaus","afer",0
"Machaerirhynchus flaviventer","Passeriformes","Machaerirhynchidae","Machaerirhynchus","flaviventer",0
"Machaerirhynchus nigripectus","Passeriformes","Machaerirhynchidae","Machaerirhynchus","nigripectus",NA
"Calicalicus madagascariensis","Passeriformes","Vangidae","Calicalicus","madagascariensis",0
"Calicalicus rufocarpalis","Passeriformes","Vangidae","Calicalicus","rufocarpalis",0
"Vanga curvirostris","Passeriformes","Vangidae","Vanga","curvirostris",0
"Oriolia bernieri","Passeriformes","Vangidae","Oriolia","bernieri",0
"Xenopirostris xenopirostris","Passeriformes","Vangidae","Xenopirostris","xenopirostris",0
"Xenopirostris damii","Passeriformes","Vangidae","Xenopirostris","damii",0
"Xenopirostris polleni","Passeriformes","Vangidae","Xenopirostris","polleni",0
"Falculea palliata","Passeriformes","Vangidae","Falculea","palliata",1
"Artamella viridis","Passeriformes","Vangidae","Artamella","viridis",NA
"Leptopterus chabert","Passeriformes","Vangidae","Leptopterus","chabert",1
"Cyanolanius comorensis","Passeriformes","Vangidae","Cyanolanius","comorensis",NA
"Cyanolanius madagascarinus","Passeriformes","Vangidae","Cyanolanius","madagascarinus",1
"Schetba rufa","Passeriformes","Vangidae","Schetba","rufa",0
"Euryceros prevostii","Passeriformes","Vangidae","Euryceros","prevostii",0
"Tylas eduardi","Passeriformes","Vangidae","Tylas","eduardi",0
"Hypositta corallirostris","Passeriformes","Vangidae","Hypositta","corallirostris",0
"Newtonia amphichroa","Passeriformes","Vangidae","Newtonia","amphichroa",0
"Newtonia brunneicauda","Passeriformes","Vangidae","Newtonia","brunneicauda",0
"Newtonia archboldi","Passeriformes","Vangidae","Newtonia","archboldi",NA
"Newtonia fanovanae","Passeriformes","Vangidae","Newtonia","fanovanae",NA
"Pseudobias wardi","Passeriformes","Vangidae","Pseudobias","wardi",NA
"Mystacornis crossleyi","Passeriformes","Vangidae","Mystacornis","crossleyi",NA
"Prionops plumatus","Passeriformes","Vangidae","Prionops","plumatus",0
"Prionops poliolophus","Passeriformes","Vangidae","Prionops","poliolophus",0
"Prionops alberti","Passeriformes","Vangidae","Prionops","alberti",0
"Prionops caniceps","Passeriformes","Vangidae","Prionops","caniceps",0
"Prionops rufiventris","Passeriformes","Vangidae","Prionops","rufiventris",NA
"Prionops retzii","Passeriformes","Vangidae","Prionops","retzii",0
"Prionops gabela","Passeriformes","Vangidae","Prionops","gabela",0
"Prionops scopifrons","Passeriformes","Vangidae","Prionops","scopifrons",0
"Hemipus picatus","Passeriformes","Vangidae","Hemipus","picatus",NA
"Hemipus hirundinaceus","Passeriformes","Vangidae","Hemipus","hirundinaceus",NA
"Tephrodornis virgatus","Passeriformes","Vangidae","Tephrodornis","virgatus",0
"Tephrodornis sylvicola","Passeriformes","Vangidae","Tephrodornis","sylvicola",NA
"Tephrodornis pondicerianus","Passeriformes","Vangidae","Tephrodornis","pondicerianus",0
"Tephrodornis affinis","Passeriformes","Vangidae","Tephrodornis","affinis",NA
"Philentoma pyrhoptera","Passeriformes","Vangidae","Philentoma","pyrhoptera",0
"Philentoma velata","Passeriformes","Vangidae","Philentoma","velata",0
"Megabyas flammulatus","Passeriformes","Vangidae","Megabyas","flammulatus",NA
"Bias musicus","Passeriformes","Vangidae","Bias","musicus",NA
"Pityriasis gymnocephala","Passeriformes","Pityriasidae","Pityriasis","gymnocephala",0
"Artamus fuscus","Passeriformes","Artamidae","Artamus","fuscus",0
"Artamus leucorynchus","Passeriformes","Artamidae","Artamus","leucoryn",0
"Artamus mentalis","Passeriformes","Artamidae","Artamus","mentalis",0
"Artamus monachus","Passeriformes","Artamidae","Artamus","monachus",0
"Artamus maximus","Passeriformes","Artamidae","Artamus","maximus",1
"Artamus insignis","Passeriformes","Artamidae","Artamus","insignis",0
"Artamus personatus","Passeriformes","Artamidae","Artamus","personatus",0
"Artamus superciliosus","Passeriformes","Artamidae","Artamus","superciliosus",0
"Artamus cinereus","Passeriformes","Artamidae","Artamus","cinereus",0
"Artamus cyanopterus","Passeriformes","Artamidae","Artamus","cyanopterus",0
"Artamus minor","Passeriformes","Artamidae","Artamus","minor",0
"Peltops blainvillii","Passeriformes","Artamidae","Peltops","blainvillii",0
"Peltops montanus","Passeriformes","Artamidae","Peltops","montanus",NA
"Melloria quoyi","Passeriformes","Artamidae","Melloria","quoyi",NA
"Gymnorhina tibicen","Passeriformes","Artamidae","Gymnorhina","tibicen",0
"Cracticus torquatus","Passeriformes","Artamidae","Cracticus","torquatus",0
"Cracticus argenteus","Passeriformes","Artamidae","Cracticus","argenteus",NA
"Cracticus mentalis","Passeriformes","Artamidae","Cracticus","mentalis",NA
"Cracticus nigrogularis","Passeriformes","Artamidae","Cracticus","nigrogularis",0
"Cracticus cassicus","Passeriformes","Artamidae","Cracticus","cassicus",0
"Cracticus louisiadensis","Passeriformes","Artamidae","Cracticus","louisiadensis",NA
"Strepera graculina","Passeriformes","Artamidae","Strepera","graculina",1
"Strepera fuliginosa","Passeriformes","Artamidae","Strepera","fuliginosa",NA
"Strepera versicolor","Passeriformes","Artamidae","Strepera","versicolor",NA
"Rhagologus leucostigma","Passeriformes","Rhagologidae","Rhagologus","leucostigma",NA
"Aegithina tiphia","Passeriformes","Aegithinidae","Aegithina","tiphia",0
"Aegithina nigrolutea","Passeriformes","Aegithinidae","Aegithina","nigrolutea",0
"Aegithina viridissima","Passeriformes","Aegithinidae","Aegithina","viridissima",1
"Aegithina lafresnayei","Passeriformes","Aegithinidae","Aegithina","lafresnayei",NA
"Pericrocotus erythropygius","Passeriformes","Campephagidae","Pericrocotus","erythropygius",1
"Pericrocotus albifrons","Passeriformes","Campephagidae","Pericrocotus","albifrons",NA
"Pericrocotus igneus","Passeriformes","Campephagidae","Pericrocotus","igneus",1
"Pericrocotus cinnamomeus","Passeriformes","Campephagidae","Pericrocotus","cinnamomeus",1
"Pericrocotus solaris","Passeriformes","Campephagidae","Pericrocotus","solaris",NA
NA,"Passeriformes",NA,"Pericrocotus","montanus",NA
"Pericrocotus miniatus","Passeriformes","Campephagidae","Pericrocotus","miniatus",1
"Pericrocotus brevirostris","Passeriformes","Campephagidae","Pericrocotus","brevirostris",0
"Pericrocotus lansbergei","Passeriformes","Campephagidae","Pericrocotus","lansbergei",1
"Pericrocotus ethologus","Passeriformes","Campephagidae","Pericrocotus","ethologus",1
"Pericrocotus flammeus","Passeriformes","Campephagidae","Pericrocotus","flammeus",NA
"Pericrocotus speciosus","Passeriformes","Campephagidae","Pericrocotus","speciosus",1
"Pericrocotus divaricatus","Passeriformes","Campephagidae","Pericrocotus","divaricatus",1
"Pericrocotus tegimae","Passeriformes","Campephagidae","Pericrocotus","tegimae",NA
"Pericrocotus cantonensis","Passeriformes","Campephagidae","Pericrocotus","cantonensis",NA
"Pericrocotus roseus","Passeriformes","Campephagidae","Pericrocotus","roseus",1
"Ceblepyris cinereus","Passeriformes","Campephagidae","Ceblepyris","cinereus",NA
"Ceblepyris cucullatus","Passeriformes","Campephagidae","Ceblepyris","cucullatus",NA
"Ceblepyris graueri","Passeriformes","Campephagidae","Ceblepyris","graueri",NA
"Ceblepyris pectoralis","Passeriformes","Campephagidae","Ceblepyris","pectoralis",NA
"Ceblepyris caesius","Passeriformes","Campephagidae","Ceblepyris","caesius",0
"Coracina caeruleogrisea","Passeriformes","Campephagidae","Coracina","caeruleogrisea",0
"Coracina longicauda","Passeriformes","Campephagidae","Coracina","longicauda",1
"Coracina temminckii","Passeriformes","Campephagidae","Coracina","temminckii",NA
"Coracina bicolor","Passeriformes","Campephagidae","Coracina","bicolor",0
"Coracina maxima","Passeriformes","Campephagidae","Coracina","maxima",1
"Coracina lineata","Passeriformes","Campephagidae","Coracina","lineata",1
"Coracina novaehollandiae","Passeriformes","Campephagidae","Coracina","novaehollandiae",NA
"Coracina boyeri","Passeriformes","Campephagidae","Coracina","boyeri",NA
"Coracina fortis","Passeriformes","Campephagidae","Coracina","fortis",NA
"Coracina personata","Passeriformes","Campephagidae","Coracina","personata",NA
"Coracina welchmani","Passeriformes","Campephagidae","Coracina","welchmani",NA
"Coracina caledonica","Passeriformes","Campephagidae","Coracina","caledonica",NA
"Coracina striata","Passeriformes","Campephagidae","Coracina","striata",0
"Coracina mindorensis","Passeriformes","Campephagidae","Coracina","mindorensis",NA
"Coracina panayensis","Passeriformes","Campephagidae","Coracina","panayensis",NA
"Coracina kochii","Passeriformes","Campephagidae","Coracina","kochii",NA
"Coracina guillemardi","Passeriformes","Campephagidae","Coracina","guillemardi",NA
"Coracina macei","Passeriformes","Campephagidae","Coracina","macei",0
"Coracina javensis","Passeriformes","Campephagidae","Coracina","javensis",0
"Coracina larutensis","Passeriformes","Campephagidae","Coracina","larutensis",NA
"Coracina dobsoni","Passeriformes","Campephagidae","Coracina","dobsoni",NA
"Coracina schistacea","Passeriformes","Campephagidae","Coracina","schistacea",NA
"Coracina leucopygia","Passeriformes","Campephagidae","Coracina","leucopygia",NA
"Coracina larvata","Passeriformes","Campephagidae","Coracina","larvata",0
"Coracina papuensis","Passeriformes","Campephagidae","Coracina","papuensis",0
"Coracina ingens","Passeriformes","Campephagidae","Coracina","ingens",NA
"Coracina atriceps","Passeriformes","Campephagidae","Coracina","atriceps",NA
"Coracina parvula","Passeriformes","Campephagidae","Coracina","parvula",NA
"Campephaga flava","Passeriformes","Campephagidae","Campephaga","flava",0
"Campephaga phoenicea","Passeriformes","Campephagidae","Campephaga","phoenicea",NA
"Campephaga petiti","Passeriformes","Campephagidae","Campephaga","petiti",NA
"Campephaga quiscalina","Passeriformes","Campephagidae","Campephaga","quiscalina",NA
"Lobotos lobatus","Passeriformes","Campephagidae","Lobotos","lobatus",NA
"Lobotos oriolinus","Passeriformes","Campephagidae","Lobotos","oriolinus",NA
"Campochaera sloetii","Passeriformes","Campephagidae","Campochaera","sloetii",1
"Malindangia mcgregori","Passeriformes","Campephagidae","Malindangia","mcgregori",NA
"Edolisoma anale","Passeriformes","Campephagidae","Edolisoma","anale",NA
"Edolisoma coerulescens","Passeriformes","Campephagidae","Edolisoma","coerulescens",NA
"Edolisoma ostentum","Passeriformes","Campephagidae","Edolisoma","ostentum",1
"Edolisoma montanum","Passeriformes","Campephagidae","Edolisoma","montanum",0
"Edolisoma dohertyi","Passeriformes","Campephagidae","Edolisoma","dohertyi",NA
"Edolisoma dispar","Passeriformes","Campephagidae","Edolisoma","dispar",NA
"Edolisoma timoriense","Passeriformes","Campephagidae","Edolisoma","timoriense",NA
"Edolisoma ceramense","Passeriformes","Campephagidae","Edolisoma","ceramense",NA
"Edolisoma insperatum","Passeriformes","Campephagidae","Edolisoma","insperatum",NA
"Edolisoma mindanense","Passeriformes","Campephagidae","Edolisoma","mindanense",1
"Edolisoma schisticeps","Passeriformes","Campephagidae","Edolisoma","schisticeps",NA
"Edolisoma melas","Passeriformes","Campephagidae","Edolisoma","melas",1
"Edolisoma holopolium","Passeriformes","Campephagidae","Edolisoma","holopolium",1
NA,"Passeriformes",NA,"Edolisoma","pygmaeum",NA
"Edolisoma tricolor","Passeriformes","Campephagidae","Edolisoma","tricolor",NA
"Edolisoma salomonis","Passeriformes","Campephagidae","Edolisoma","salomonis",NA
"Edolisoma admiralitatis","Passeriformes","Campephagidae","Edolisoma","admiralitatis",0
"Edolisoma salvadorii","Passeriformes","Campephagidae","Edolisoma","salvadorii",NA
"Edolisoma monacha","Passeriformes","Campephagidae","Edolisoma","monacha",NA
"Edolisoma nesiotis","Passeriformes","Campephagidae","Edolisoma","nesiotis",NA
"Edolisoma erythropygium","Passeriformes","Campephagidae","Edolisoma","erythropygium",NA
"Edolisoma morio","Passeriformes","Campephagidae","Edolisoma","morio",1
"Edolisoma meyerii","Passeriformes","Campephagidae","Edolisoma","meyerii",NA
"Edolisoma pelingi","Passeriformes","Campephagidae","Edolisoma","pelingi",NA
"Edolisoma obiense","Passeriformes","Campephagidae","Edolisoma","obiense",NA
"Edolisoma sula","Passeriformes","Campephagidae","Edolisoma","sula",NA
"Edolisoma grayi","Passeriformes","Campephagidae","Edolisoma","grayi",NA
"Edolisoma incertum","Passeriformes","Campephagidae","Edolisoma","incertum",NA
"Edolisoma remotum","Passeriformes","Campephagidae","Edolisoma","remotum",NA
"Edolisoma rostratum","Passeriformes","Campephagidae","Edolisoma","rostratum",NA
"Edolisoma amboinense","Passeriformes","Campephagidae","Edolisoma","amboinense",NA
"Edolisoma tenuirostre","Passeriformes","Campephagidae","Edolisoma","tenuirostre",0
"Celebesica abbotti","Passeriformes","Campephagidae","Celebesica","abbotti",NA
"Cyanograucalus azureus","Passeriformes","Campephagidae","Cyanograucalus","azureus",1
"Lalage maculosa","Passeriformes","Campephagidae","Lalage","maculosa",NA
"Lalage sharpei","Passeriformes","Campephagidae","Lalage","sharpei",NA
"Lalage sueurii","Passeriformes","Campephagidae","Lalage","sueurii",NA
"Lalage leucopyga","Passeriformes","Campephagidae","Lalage","leucopyga",NA
"Lalage tricolor","Passeriformes","Campephagidae","Lalage","tricolor",1
"Lalage aurea","Passeriformes","Campephagidae","Lalage","aurea",NA
"Lalage atrovirens","Passeriformes","Campephagidae","Lalage","atrovirens",NA
"Lalage leucoptera","Passeriformes","Campephagidae","Lalage","leucoptera",NA
"Lalage moesta","Passeriformes","Campephagidae","Lalage","moesta",NA
"Lalage leucomela","Passeriformes","Campephagidae","Lalage","leucomela",0
"Lalage conjuncta","Passeriformes","Campephagidae","Lalage","conjuncta",NA
"Lalage melanoleuca","Passeriformes","Campephagidae","Lalage","melanoleuca",1
NA,"Passeriformes",NA,"Lalage","minor",NA
"Lalage nigra","Passeriformes","Campephagidae","Lalage","nigra",0
"Lalage leucopygialis","Passeriformes","Campephagidae","Lalage","leucopygialis",1
"Lalage melaschistos","Passeriformes","Campephagidae","Lalage","melaschistos",0
"Lalage melanoptera","Passeriformes","Campephagidae","Lalage","melanoptera",1
"Lalage polioptera","Passeriformes","Campephagidae","Lalage","polioptera",NA
"Lalage fimbriata","Passeriformes","Campephagidae","Lalage","fimbriata",NA
"Lalage typica","Passeriformes","Campephagidae","Lalage","typica",0
"Lalage newtoni","Passeriformes","Campephagidae","Lalage","newtoni",0
"Mohoua ochrocephala","Passeriformes","Mohouidae","Mohoua","ochrocephala",1
"Mohoua albicilla","Passeriformes","Mohouidae","Mohoua","albicilla",1
"Mohoua novaeseelandiae","Passeriformes","Mohouidae","Mohoua","novaeseelandiae",1
"Daphoenositta chrysoptera","Passeriformes","Neosittidae","Daphoenositta","chrysoptera",NA
"Daphoenositta papuensis","Passeriformes","Neosittidae","Daphoenositta","papuensis",NA
"Daphoenositta miranda","Passeriformes","Neosittidae","Daphoenositta","miranda",0
"Eulacestoma nigropectus","Passeriformes","Eulacestomatidae","Eulacestoma","nigropectus",NA
"Aleadryas rufinucha","Passeriformes","Oreoicidae","Aleadryas","rufinucha",NA
"Ornorectes cristatus","Passeriformes","Oreoicidae","Ornorectes","cristatus",NA
"Oreoica gutturalis","Passeriformes","Oreoicidae","Oreoica","gutturalis",NA
"Falcunculus whitei","Passeriformes","Falcunculidae","Falcunculus","whitei",NA
"Falcunculus leucogaster","Passeriformes","Falcunculidae","Falcunculus","leucogaster",NA
"Falcunculus frontatus","Passeriformes","Falcunculidae","Falcunculus","frontatus",NA
"Coracornis raveni","Passeriformes","Pachycephalidae","Coracornis","raveni",NA
"Coracornis sanghirensis","Passeriformes","Pachycephalidae","Coracornis","sanghirensis",NA
"Melanorectes nigrescens","Passeriformes","Pachycephalidae","Melanorectes","nigrescens",NA
"Pachycephala olivacea","Passeriformes","Pachycephalidae","Pachycephala","olivacea",NA
"Pachycephala rufogularis","Passeriformes","Pachycephalidae","Pachycephala","rufogularis",NA
"Pachycephala inornata","Passeriformes","Pachycephalidae","Pachycephala","inornata",NA
"Pachycephala cinerea","Passeriformes","Pachycephalidae","Pachycephala","cinerea",0
"Pachycephala albiventris","Passeriformes","Pachycephalidae","Pachycephala","albiventris",NA
"Pachycephala homeyeri","Passeriformes","Pachycephalidae","Pachycephala","homeyeri",NA
"Pachycephala phaionota","Passeriformes","Pachycephalidae","Pachycephala","phaionota",NA
"Pachycephala melanorhyncha","Passeriformes","Pachycephalidae","Pachycephala","melanorhyncha",NA
"Pachycephala hyperythra","Passeriformes","Pachycephalidae","Pachycephala","hyperythra",NA
"Pachycephala modesta","Passeriformes","Pachycephalidae","Pachycephala","modesta",NA
"Pachycephala philippinensis","Passeriformes","Pachycephalidae","Pachycephala","philippinensis",NA
"Pachycephala sulfuriventer","Passeriformes","Pachycephalidae","Pachycephala","sulfuriventer",NA
"Pachycephala hypoxantha","Passeriformes","Pachycephalidae","Pachycephala","hypoxantha",NA
"Pachycephala meyeri","Passeriformes","Pachycephalidae","Pachycephala","meyeri",NA
"Pachycephala simplex","Passeriformes","Pachycephalidae","Pachycephala","simplex",NA
NA,"Passeriformes",NA,"Pachycephala","griseiceps",NA
"Pachycephala orpheus","Passeriformes","Pachycephalidae","Pachycephala","orpheus",NA
NA,"Passeriformes",NA,"Pachycephala","par",NA
"Pachycephala soror","Passeriformes","Pachycephalidae","Pachycephala","soror",NA
"Pachycephala calliope","Passeriformes","Pachycephalidae","Pachycephala","calliope",NA
NA,"Passeriformes",NA,"Pachycephala","fulvotincta",NA
"Pachycephala teysmanni","Passeriformes","Pachycephalidae","Pachycephala","teysmanni",NA
"Pachycephala macrorhyncha","Passeriformes","Pachycephalidae","Pachycephala","macrorhyncha",1
"Pachycephala balim","Passeriformes","Pachycephalidae","Pachycephala","balim",NA
"Pachycephala mentalis","Passeriformes","Pachycephalidae","Pachycephala","mentalis",NA
"Pachycephala pectoralis","Passeriformes","Pachycephalidae","Pachycephala","pectoralis",0
"Pachycephala fuliginosa","Passeriformes","Pachycephalidae","Pachycephala","fuliginosa",NA
"Pachycephala citreogaster","Passeriformes","Pachycephalidae","Pachycephala","citreogaster",1
"Pachycephala orioloides","Passeriformes","Pachycephalidae","Pachycephala","orioloides",NA
"Pachycephala collaris","Passeriformes","Pachycephalidae","Pachycephala","collaris",NA
"Pachycephala feminina","Passeriformes","Pachycephalidae","Pachycephala","feminina",NA
"Pachycephala chlorura","Passeriformes","Pachycephalidae","Pachycephala","chlorura",1
"Pachycephala caledonica","Passeriformes","Pachycephalidae","Pachycephala","caledonica",NA
"Pachycephala vitiensis","Passeriformes","Pachycephalidae","Pachycephala","vitiensis",NA
"Pachycephala graeffii","Passeriformes","Pachycephalidae","Pachycephala","graeffii",NA
"Pachycephala ornata","Passeriformes","Pachycephalidae","Pachycephala","ornata",NA
"Pachycephala utupuae","Passeriformes","Pachycephalidae","Pachycephala","utupuae",NA
"Pachycephala vanikorensis","Passeriformes","Pachycephalidae","Pachycephala","vanikorensis",NA
"Pachycephala jacquinoti","Passeriformes","Pachycephalidae","Pachycephala","jacquinoti",NA
"Pachycephala melanura","Passeriformes","Pachycephalidae","Pachycephala","melanura",NA
"Pachycephala flavifrons","Passeriformes","Pachycephalidae","Pachycephala","flavifrons",NA
"Pachycephala implicata","Passeriformes","Pachycephalidae","Pachycephala","implicata",NA
"Pachycephala richardsi","Passeriformes","Pachycephalidae","Pachycephala","richardsi",NA
"Pachycephala nudigula","Passeriformes","Pachycephalidae","Pachycephala","nudigula",NA
"Pachycephala lorentzi","Passeriformes","Pachycephalidae","Pachycephala","lorentzi",NA
"Pachycephala schlegelii","Passeriformes","Pachycephalidae","Pachycephala","schlegelii",NA
"Pachycephala aurea","Passeriformes","Pachycephalidae","Pachycephala","aurea",NA
"Pachycephala rufiventris","Passeriformes","Pachycephalidae","Pachycephala","rufiventris",NA
"Pachycephala monacha","Passeriformes","Pachycephalidae","Pachycephala","monacha",NA
"Pachycephala leucogastra","Passeriformes","Pachycephalidae","Pachycephala","leucogastra",NA
"Pachycephala sharpei","Passeriformes","Pachycephalidae","Pachycephala","sharpei",NA
"Pachycephala arctitorquis","Passeriformes","Pachycephalidae","Pachycephala","arctitorquis",NA
"Pachycephala griseonota","Passeriformes","Pachycephalidae","Pachycephala","griseonota",1
"Pachycephala johni","Passeriformes","Pachycephalidae","Pachycephala","johni",1
"Pachycephala lanioides","Passeriformes","Pachycephalidae","Pachycephala","lanioides",NA
"Pachycephala tenebrosa","Passeriformes","Pachycephalidae","Pachycephala","tenebrosa",NA
"Pseudorectes incertus","Passeriformes","Pachycephalidae","Pseudorectes","incertus",NA
"Pseudorectes ferrugineus","Passeriformes","Pachycephalidae","Pseudorectes","ferrugineus",1
"Colluricincla boweri","Passeriformes","Pachycephalidae","Colluricincla","boweri",NA
"Colluricincla tenebrosa","Passeriformes","Pachycephalidae","Colluricincla","tenebrosa",NA
"Colluricincla megarhyncha","Passeriformes","Pachycephalidae","Colluricincla","megarhyncha",NA
"Colluricincla fortis","Passeriformes","Pachycephalidae","Colluricincla","fortis",NA
"Colluricincla affinis","Passeriformes","Pachycephalidae","Colluricincla","affinis",NA
"Colluricincla obscura","Passeriformes","Pachycephalidae","Colluricincla","obscura",NA
"Colluricincla discolor","Passeriformes","Pachycephalidae","Colluricincla","discolor",NA
"Colluricincla tappenbecki","Passeriformes","Pachycephalidae","Colluricincla","tappenbecki",NA
"Colluricincla rufogaster","Passeriformes","Pachycephalidae","Colluricincla","rufogaster",NA
"Colluricincla harmonica","Passeriformes","Pachycephalidae","Colluricincla","harmonica",NA
"Colluricincla woodwardi","Passeriformes","Pachycephalidae","Colluricincla","woodwardi",NA
"Pteruthius xanthochlorus","Passeriformes","Vireonidae","Pteruthius","xanthochlorus",0
"Pteruthius melanotis","Passeriformes","Vireonidae","Pteruthius","melanotis",0
"Pteruthius rufiventer","Passeriformes","Vireonidae","Pteruthius","rufiventer",0
"Pteruthius aeralatus","Passeriformes","Vireonidae","Pteruthius","aeralatus",NA
"Pteruthius flaviscapis","Passeriformes","Vireonidae","Pteruthius","flaviscapis",0
"Pteruthius intermedius","Passeriformes","Vireonidae","Pteruthius","intermedius",0
"Pteruthius aenobarbus","Passeriformes","Vireonidae","Pteruthius","aenobarbus",0
"Erpornis zantholeuca","Passeriformes","Vireonidae","Erpornis","zantholeuca",0
"Cyclarhis gujanensis","Passeriformes","Vireonidae","Cyclarhis","gujanensis",0
"Cyclarhis nigrirostris","Passeriformes","Vireonidae","Cyclarhis","nigrirostris",NA
"Vireolanius melitophrys","Passeriformes","Vireonidae","Vireolanius","melitophrys",NA
"Vireolanius pulchellus","Passeriformes","Vireonidae","Vireolanius","pulchellus",NA
"Vireolanius eximius","Passeriformes","Vireonidae","Vireolanius","eximius",NA
"Vireolanius leucotis","Passeriformes","Vireonidae","Vireolanius","leucotis",0
NA,"Passeriformes",NA,"Vireolanius","mikettae",NA
"Hylophilus amaurocephalus","Passeriformes","Vireonidae","Hylophilus","amaurocephalus",0
"Hylophilus poicilotis","Passeriformes","Vireonidae","Hylophilus","poicilotis",0
"Hylophilus olivaceus","Passeriformes","Vireonidae","Hylophilus","olivaceus",NA
"Hylophilus pectoralis","Passeriformes","Vireonidae","Hylophilus","pectoralis",0
"Hylophilus brunneiceps","Passeriformes","Vireonidae","Hylophilus","brunneiceps",0
"Hylophilus thoracicus","Passeriformes","Vireonidae","Hylophilus","thoracicus",0
NA,"Passeriformes",NA,"Hylophilus","griseiventris",NA
"Hylophilus flavipes","Passeriformes","Vireonidae","Hylophilus","flavipes",NA
NA,"Passeriformes",NA,"Hylophilus","viridiflavus",NA
NA,"Passeriformes",NA,"Hylophilus","insularis",NA
"Hylophilus semicinereus","Passeriformes","Vireonidae","Hylophilus","semicinereus",NA
"Tunchiornis ochraceiceps","Passeriformes","Vireonidae","Tunchiornis","ochraceiceps",1
NA,"Passeriformes",NA,"Tunchiornis","ferrugineifrons",NA
NA,"Passeriformes",NA,"Tunchiornis","luteifrons",1
NA,"Passeriformes",NA,"Tunchiornis","rubrifrons",NA
"Pachysylvia decurtata","Passeriformes","Vireonidae","Pachysylvia","decurtata",NA
"Pachysylvia hypoxantha","Passeriformes","Vireonidae","Pachysylvia","hypoxantha",NA
"Pachysylvia muscicapina","Passeriformes","Vireonidae","Pachysylvia","muscicapina",1
"Pachysylvia aurantiifrons","Passeriformes","Vireonidae","Pachysylvia","aurantiifrons",NA
"Pachysylvia semibrunnea","Passeriformes","Vireonidae","Pachysylvia","semibrunnea",NA
"Vireo hypochryseus","Passeriformes","Vireonidae","Pachysylvia","hypochrysea",NA
"Vireo flavoviridis","Passeriformes","Vireonidae","Vireo","flavoviridis",NA
"Vireo olivaceus","Passeriformes","Vireonidae","Vireo","olivaceus",NA
"Vireo magister","Passeriformes","Vireonidae","Vireo","magister",NA
"Vireo altiloquus","Passeriformes","Vireonidae","Vireo","altiloquus",NA
"Vireo chivi","Passeriformes","Vireonidae","Vireo","chivi",0
"Vireo gracilirostris","Passeriformes","Vireonidae","Vireo","gracilirostris",NA
"Vireo sclateri","Passeriformes","Vireonidae","Vireo","sclateri",NA
"Vireo philadelphicus","Passeriformes","Vireonidae","Vireo","philadelphicus",NA
"Vireo gilvus","Passeriformes","Vireonidae","Vireo","gilvus",NA
"Vireo leucophrys","Passeriformes","Vireonidae","Vireo","leucophrys",NA
"Vireo huttoni","Passeriformes","Vireonidae","Vireo","huttoni",NA
"Vireo vicinior","Passeriformes","Vireonidae","Vireo","vicinior",NA
"Vireo flavifrons","Passeriformes","Vireonidae","Vireo","flavifrons",NA
"Vireo carmioli","Passeriformes","Vireonidae","Vireo","carmioli",NA
"Vireo masteri","Passeriformes","Vireonidae","Vireo","masteri",NA
"Vireo solitarius","Passeriformes","Vireonidae","Vireo","solitarius",NA
"Vireo cassinii","Passeriformes","Vireonidae","Vireo","cassinii",NA
"Vireo plumbeus","Passeriformes","Vireonidae","Vireo","plumbeus",NA
"Vireo osburni","Passeriformes","Vireonidae","Vireo","osburni",NA
"Vireo nanus","Passeriformes","Vireonidae","Vireo","nanus",NA
"Vireo pallens","Passeriformes","Vireonidae","Vireo","pallens",1
"Vireo bairdi","Passeriformes","Vireonidae","Vireo","bairdi",NA
"Vireo caribaeus","Passeriformes","Vireonidae","Vireo","caribaeus",0
"Vireo griseus","Passeriformes","Vireonidae","Vireo","griseus",NA
"Vireo crassirostris","Passeriformes","Vireonidae","Vireo","crassirostris",0
"Vireo modestus","Passeriformes","Vireonidae","Vireo","modestus",0
"Vireo gundlachii","Passeriformes","Vireonidae","Vireo","gundlachii",1
"Vireo bellii","Passeriformes","Vireonidae","Vireo","bellii",NA
"Vireo latimeri","Passeriformes","Vireonidae","Vireo","latimeri",1
"Vireo atricapilla","Passeriformes","Vireonidae","Vireo","atricapilla",NA
"Vireo nelsoni","Passeriformes","Vireonidae","Vireo","nelsoni",NA
"Vireo brevipennis","Passeriformes","Vireonidae","Vireo","brevipennis",NA
"Turnagra tanagra","Passeriformes","Oriolidae","Turnagra","tanagra",NA
"Turnagra capensis","Passeriformes","Oriolidae","Turnagra","capensis",NA
"Sphecotheres viridis","Passeriformes","Oriolidae","Sphecotheres","viridis",0
"Sphecotheres hypoleucus","Passeriformes","Oriolidae","Sphecotheres","hypoleucus",NA
"Sphecotheres vieilloti","Passeriformes","Oriolidae","Sphecotheres","vieilloti",1
"Pitohui kirhocephalus","Passeriformes","Oriolidae","Pitohui","kirhocephalus",NA
"Pitohui cerviniventris","Passeriformes","Oriolidae","Pitohui","cerviniventris",NA
"Pitohui uropygialis","Passeriformes","Oriolidae","Pitohui","uropygialis",NA
"Pitohui dichrous","Passeriformes","Oriolidae","Pitohui","dichrous",NA
"Oriolus isabellae","Passeriformes","Oriolidae","Oriolus","isabellae",0
"Oriolus forsteni","Passeriformes","Oriolidae","Oriolus","forsteni",0
"Oriolus bouroensis","Passeriformes","Oriolidae","Oriolus","bouroensis",0
"Oriolus phaeochromus","Passeriformes","Oriolidae","Oriolus","phaeochromus",0
"Oriolus sagittatus","Passeriformes","Oriolidae","Oriolus","sagittatus",0
"Oriolus melanotis","Passeriformes","Oriolidae","Oriolus","melanotis",0
"Oriolus finschi","Passeriformes","Oriolidae","Oriolus","finschi",0
"Oriolus decipiens","Passeriformes","Oriolidae","Oriolus","decipiens",0
"Oriolus szalayi","Passeriformes","Oriolidae","Oriolus","szalayi",0
"Oriolus flavocinctus","Passeriformes","Oriolidae","Oriolus","flavocinctus",NA
"Oriolus cruentus","Passeriformes","Oriolidae","Oriolus","cruentus",0
"Oriolus consanguineus","Passeriformes","Oriolidae","Oriolus","consanguineus",0
"Oriolus hosii","Passeriformes","Oriolidae","Oriolus","hosii",0
"Oriolus traillii","Passeriformes","Oriolidae","Oriolus","traillii",0
"Oriolus mellianus","Passeriformes","Oriolidae","Oriolus","mellianus",0
"Oriolus xanthornus","Passeriformes","Oriolidae","Oriolus","xanthornus",0
"Oriolus xanthonotus","Passeriformes","Oriolidae","Oriolus","xanthonotus",0
"Oriolus consobrinus","Passeriformes","Oriolidae","Oriolus","consobrinus",0
"Oriolus steerii","Passeriformes","Oriolidae","Oriolus","steerii",NA
"Oriolus albiloris","Passeriformes","Oriolidae","Oriolus","albiloris",NA
"Oriolus chlorocephalus","Passeriformes","Oriolidae","Oriolus","chlorocephalus",0
"Oriolus brachyrynchus","Passeriformes","Oriolidae","Oriolus","brachyrynchus",0
"Oriolus crassirostris","Passeriformes","Oriolidae","Oriolus","crassirostris",0
"Oriolus larvatus","Passeriformes","Oriolidae","Oriolus","larvatus",0
"Oriolus monacha","Passeriformes","Oriolidae","Oriolus","monacha",1
"Oriolus percivali","Passeriformes","Oriolidae","Oriolus","percivali",0
"Oriolus nigripennis","Passeriformes","Oriolidae","Oriolus","nigripennis",0
"Oriolus auratus","Passeriformes","Oriolidae","Oriolus","auratus",0
"Oriolus kundoo","Passeriformes","Oriolidae","Oriolus","kundoo",NA
"Oriolus oriolus","Passeriformes","Oriolidae","Oriolus","oriolus",0
"Oriolus chinensis","Passeriformes","Oriolidae","Oriolus","chinensis",0
"Oriolus tenuirostris","Passeriformes","Oriolidae","Oriolus","tenuirostris",0
"Dicrurus aeneus","Passeriformes","Dicruridae","Dicrurus","aeneus",0
"Dicrurus remifer","Passeriformes","Dicruridae","Dicrurus","remifer",0
"Dicrurus annectens","Passeriformes","Dicruridae","Dicrurus","annectens",0
"Dicrurus paradiseus","Passeriformes","Dicruridae","Dicrurus","paradiseus",0
"Dicrurus lophorinus","Passeriformes","Dicruridae","Dicrurus","lophorinus",NA
"Dicrurus andamanensis","Passeriformes","Dicruridae","Dicrurus","andamanensis",1
"Dicrurus sumatranus","Passeriformes","Dicruridae","Dicrurus","sumatranus",NA
"Dicrurus montanus","Passeriformes","Dicruridae","Dicrurus","montanus",0
"Dicrurus bracteatus","Passeriformes","Dicruridae","Dicrurus","bracteatus",0
"Dicrurus megarhynchus","Passeriformes","Dicruridae","Dicrurus","megarhynchus",NA
"Dicrurus hottentottus","Passeriformes","Dicruridae","Dicrurus","hottentottus",0
"Dicrurus menagei","Passeriformes","Dicruridae","Dicrurus","menagei",0
"Dicrurus palawanensis","Passeriformes","Dicruridae","Dicrurus","palawanensis",NA
"Dicrurus balicassius","Passeriformes","Dicruridae","Dicrurus","balicassius",0
"Dicrurus striatus","Passeriformes","Dicruridae","Dicrurus","striatus",0
"Dicrurus densus","Passeriformes","Dicruridae","Dicrurus","densus",0
"Dicrurus leucophaeus","Passeriformes","Dicruridae","Dicrurus","leucophaeus",0
"Dicrurus caerulescens","Passeriformes","Dicruridae","Dicrurus","caerulescens",0
"Dicrurus waldenii","Passeriformes","Dicruridae","Dicrurus","waldenii",NA
"Dicrurus forficatus","Passeriformes","Dicruridae","Dicrurus","forficatus",0
"Dicrurus aldabranus","Passeriformes","Dicruridae","Dicrurus","aldabranus",NA
"Dicrurus fuscipennis","Passeriformes","Dicruridae","Dicrurus","fuscipennis",0
"Dicrurus modestus","Passeriformes","Dicruridae","Dicrurus","modestus",0
"Dicrurus adsimilis","Passeriformes","Dicruridae","Dicrurus","adsimilis",0
"Dicrurus macrocercus","Passeriformes","Dicruridae","Dicrurus","macrocercus",0
"Dicrurus ludwigii","Passeriformes","Dicruridae","Dicrurus","ludwigii",0
"Dicrurus atripennis","Passeriformes","Dicruridae","Dicrurus","atripennis",0
"Dicrurus sharpei","Passeriformes","Dicruridae","Dicrurus","sharpei",1
"Rhipidura superciliaris","Passeriformes","Rhipiduridae","Rhipidura","superciliaris",NA
"Rhipidura samarensis","Passeriformes","Rhipiduridae","Rhipidura","samarensis",NA
"Rhipidura cyaniceps","Passeriformes","Rhipiduridae","Rhipidura","cyaniceps",NA
"Rhipidura sauli","Passeriformes","Rhipiduridae","Rhipidura","sauli",NA
"Rhipidura albiventris","Passeriformes","Rhipiduridae","Rhipidura","albiventris",NA
"Rhipidura albicollis","Passeriformes","Rhipiduridae","Rhipidura","albicollis",NA
"Rhipidura albogularis","Passeriformes","Rhipiduridae","Rhipidura","albogularis",NA
"Rhipidura euryura","Passeriformes","Rhipiduridae","Rhipidura","euryura",NA
"Rhipidura aureola","Passeriformes","Rhipiduridae","Rhipidura","aureola",NA
"Rhipidura javanica","Passeriformes","Rhipiduridae","Rhipidura","javanica",NA
"Rhipidura nigritorquis","Passeriformes","Rhipiduridae","Rhipidura","nigritorquis",NA
"Rhipidura perlata","Passeriformes","Rhipiduridae","Rhipidura","perlata",NA
"Rhipidura leucophrys","Passeriformes","Rhipiduridae","Rhipidura","leucophrys",0
"Rhipidura diluta","Passeriformes","Rhipiduridae","Rhipidura","diluta",NA
"Rhipidura fuscorufa","Passeriformes","Rhipiduridae","Rhipidura","fuscorufa",NA
"Rhipidura rufiventris","Passeriformes","Rhipiduridae","Rhipidura","rufiventris",NA
NA,"Passeriformes",NA,"Rhipidura","tenkatei",NA
NA,"Passeriformes",NA,"Rhipidura","hoedti",NA
NA,"Passeriformes",NA,"Rhipidura","assimilis",NA
NA,"Passeriformes",NA,"Rhipidura","bouruensis",NA
NA,"Passeriformes",NA,"Rhipidura","cinerea",NA
NA,"Passeriformes",NA,"Rhipidura","obiensis",NA
NA,"Passeriformes",NA,"Rhipidura","isura",NA
"Rhipidura kordensis","Passeriformes","Rhipiduridae","Rhipidura","kordensis",NA
"Rhipidura cockerelli","Passeriformes","Rhipiduridae","Rhipidura","cockerelli",0
"Rhipidura coultasi","Passeriformes","Rhipiduridae","Rhipidura","coultasi",NA
"Rhipidura threnothorax","Passeriformes","Rhipiduridae","Rhipidura","threnothorax",NA
"Rhipidura maculipectus","Passeriformes","Rhipiduridae","Rhipidura","maculipectus",NA
"Rhipidura leucothorax","Passeriformes","Rhipiduridae","Rhipidura","leucothorax",NA
"Rhipidura atra","Passeriformes","Rhipiduridae","Rhipidura","atra",NA
"Rhipidura hyperythra","Passeriformes","Rhipiduridae","Rhipidura","hyperythra",NA
"Rhipidura albolimbata","Passeriformes","Rhipiduridae","Rhipidura","albolimbata",0
"Rhipidura albiscapa","Passeriformes","Rhipiduridae","Rhipidura","albiscapa",NA
"Rhipidura fuliginosa","Passeriformes","Rhipiduridae","Rhipidura","fuliginosa",NA
"Rhipidura phasiana","Passeriformes","Rhipiduridae","Rhipidura","phasiana",NA
"Rhipidura drownei","Passeriformes","Rhipiduridae","Rhipidura","drownei",NA
"Rhipidura ocularis","Passeriformes","Rhipiduridae","Rhipidura","ocularis",NA
"Rhipidura tenebrosa","Passeriformes","Rhipiduridae","Rhipidura","tenebrosa",NA
"Rhipidura rennelliana","Passeriformes","Rhipiduridae","Rhipidura","rennelliana",NA
"Rhipidura verreauxi","Passeriformes","Rhipiduridae","Rhipidura","verreauxi",NA
"Rhipidura spilodera","Passeriformes","Rhipiduridae","Rhipidura","spilodera",NA
"Rhipidura layardi","Passeriformes","Rhipiduridae","Rhipidura","layardi",NA
NA,"Passeriformes",NA,"Rhipidura","rufilateralis",NA
"Rhipidura personata","Passeriformes","Rhipiduridae","Rhipidura","personata",NA
"Rhipidura nebulosa","Passeriformes","Rhipiduridae","Rhipidura","nebulosa",NA
"Rhipidura phoenicura","Passeriformes","Rhipiduridae","Rhipidura","phoenicura",NA
"Rhipidura nigrocinnamomea","Passeriformes","Rhipiduridae","Rhipidura","nigrocinnamomea",NA
"Rhipidura brachyrhyncha","Passeriformes","Rhipiduridae","Rhipidura","brachyrhyncha",NA
"Rhipidura lepida","Passeriformes","Rhipiduridae","Rhipidura","lepida",NA
"Rhipidura dedemi","Passeriformes","Rhipiduridae","Rhipidura","dedemi",NA
"Rhipidura superflua","Passeriformes","Rhipiduridae","Rhipidura","superflua",NA
"Rhipidura teysmanni","Passeriformes","Rhipiduridae","Rhipidura","teysmanni",NA
"Rhipidura habibiei","Passeriformes","Rhipiduridae","Rhipidura","habibiei",NA
"Rhipidura sulaensis","Passeriformes","Rhipiduridae","Rhipidura","sulaensis",NA
"Rhipidura opistherythra","Passeriformes","Rhipiduridae","Rhipidura","opistherythra",NA
"Rhipidura rufidorsa","Passeriformes","Rhipiduridae","Rhipidura","rufidorsa",NA
"Rhipidura dahli","Passeriformes","Rhipiduridae","Rhipidura","dahli",NA
"Rhipidura matthiae","Passeriformes","Rhipiduridae","Rhipidura","matthiae",NA
"Rhipidura malaitae","Passeriformes","Rhipiduridae","Rhipidura","malaitae",NA
"Rhipidura semirubra","Passeriformes","Rhipiduridae","Rhipidura","semirubra",NA
"Rhipidura dryas","Passeriformes","Rhipiduridae","Rhipidura","dryas",NA
"Rhipidura semicollaris","Passeriformes","Rhipiduridae","Rhipidura","semicollaris",NA
"Rhipidura torrida","Passeriformes","Rhipiduridae","Rhipidura","torrida",NA
"Rhipidura rufifrons","Passeriformes","Rhipiduridae","Rhipidura","rufifrons",NA
"Rhipidura kubaryi","Passeriformes","Rhipiduridae","Rhipidura","kubaryi",NA
"Rhipidura louisiadensis","Passeriformes","Rhipiduridae","Rhipidura","louisiadensis",NA
"Rhipidura melanolaema","Passeriformes","Rhipiduridae","Rhipidura","melanolaema",NA
"Rhipidura versicolor","Passeriformes","Rhipiduridae","Rhipidura","versicolor",NA
"Rhipidura rufofronta","Passeriformes","Rhipiduridae","Rhipidura","rufofronta",NA
"Chaetorhynchus papuensis","Passeriformes","Rhipiduridae","Chaetorhynchus","papuensis",0
"Eutrichomyias rowleyi","Passeriformes","Rhipiduridae","Eutrichomyias","rowleyi",1
"Lamprolia klinesmithi","Passeriformes","Rhipiduridae","Lamprolia","klinesmithi",NA
"Lamprolia victoriae","Passeriformes","Rhipiduridae","Lamprolia","victoriae",NA
"Hypothymis azurea","Passeriformes","Monarchidae","Hypothymis","azurea",0
"Hypothymis puella","Passeriformes","Monarchidae","Hypothymis","puella",NA
"Hypothymis helenae","Passeriformes","Monarchidae","Hypothymis","helenae",0
"Hypothymis coelestis","Passeriformes","Monarchidae","Hypothymis","coelestis",0
"Trochocercus cyanomelas","Passeriformes","Monarchidae","Trochocercus","cyanomelas",1
NA,"Passeriformes",NA,"Trochocercus","bivittatus",NA
"Trochocercus nitens","Passeriformes","Monarchidae","Trochocercus","nitens",0
"Terpsiphone bedfordi","Passeriformes","Monarchidae","Terpsiphone","bedfordi",0
"Terpsiphone rufocinerea","Passeriformes","Monarchidae","Terpsiphone","rufocinerea",0
"Terpsiphone rufiventer","Passeriformes","Monarchidae","Terpsiphone","rufiventer",1
"Terpsiphone batesi","Passeriformes","Monarchidae","Terpsiphone","batesi",NA
"Terpsiphone viridis","Passeriformes","Monarchidae","Terpsiphone","viridis",0
"Terpsiphone paradisi","Passeriformes","Monarchidae","Terpsiphone","paradisi",0
"Terpsiphone affinis","Passeriformes","Monarchidae","Terpsiphone","affinis",NA
"Terpsiphone floris","Passeriformes","Monarchidae","Terpsiphone","floris",NA
"Terpsiphone incei","Passeriformes","Monarchidae","Terpsiphone","incei",NA
"Terpsiphone atrocaudata","Passeriformes","Monarchidae","Terpsiphone","atrocaudata",NA
"Terpsiphone cyanescens","Passeriformes","Monarchidae","Terpsiphone","cyanescens",NA
"Terpsiphone cinnamomea","Passeriformes","Monarchidae","Terpsiphone","cinnamomea",0
NA,"Passeriformes",NA,"Terpsiphone","unirufa",NA
"Terpsiphone atrochalybeia","Passeriformes","Monarchidae","Terpsiphone","atrochalybeia",1
"Terpsiphone mutata","Passeriformes","Monarchidae","Terpsiphone","mutata",0
"Terpsiphone corvina","Passeriformes","Monarchidae","Terpsiphone","corvina",NA
"Terpsiphone bourbonnensis","Passeriformes","Monarchidae","Terpsiphone","bourbonnensis",0
"Chasiempis sclateri","Passeriformes","Monarchidae","Chasiempis","sclateri",NA
"Chasiempis ibidis","Passeriformes","Monarchidae","Chasiempis","ibidis",NA
"Chasiempis sandwichensis","Passeriformes","Monarchidae","Chasiempis","sandwichensis",0
"Pomarea dimidiata","Passeriformes","Monarchidae","Pomarea","dimidiata",NA
"Pomarea nigra","Passeriformes","Monarchidae","Pomarea","nigra",NA
"Pomarea maupitiensis","Passeriformes","Monarchidae","Pomarea","pomarea",NA
"Pomarea mendozae","Passeriformes","Monarchidae","Pomarea","mendozae",NA
"Pomarea mira","Passeriformes","Monarchidae","Pomarea","mira",NA
"Pomarea nukuhivae","Passeriformes","Monarchidae","Pomarea","nukuhivae",NA
"Pomarea iphis","Passeriformes","Monarchidae","Pomarea","iphis",1
"Pomarea fluxa","Passeriformes","Monarchidae","Pomarea","fluxa",NA
"Pomarea whitneyi","Passeriformes","Monarchidae","Pomarea","whitneyi",NA
"Mayrornis schistaceus","Passeriformes","Monarchidae","Mayrornis","schistaceus",NA
"Mayrornis versicolor","Passeriformes","Monarchidae","Mayrornis","versicolor",NA
"Mayrornis lessoni","Passeriformes","Monarchidae","Mayrornis","lessoni",NA
"Neolalage banksiana","Passeriformes","Monarchidae","Neolalage","banksiana",0
"Clytorhynchus pachycephaloides","Passeriformes","Monarchidae","Clytorhynchus","pachycephaloides",0
"Clytorhynchus vitiensis","Passeriformes","Monarchidae","Clytorhynchus","vitiensis",0
"Clytorhynchus nigrogularis","Passeriformes","Monarchidae","Clytorhynchus","nigrogularis",0
"Clytorhynchus sanctaecrucis","Passeriformes","Monarchidae","Clytorhynchus","sanctaecrucis",0
"Clytorhynchus hamlini","Passeriformes","Monarchidae","Clytorhynchus","hamlini",0
"Metabolus rugensis","Passeriformes","Monarchidae","Metabolus","rugensis",0
"Symposiachrus axillaris","Passeriformes","Monarchidae","Symposiachrus","axillaris",1
"Symposiachrus guttula","Passeriformes","Monarchidae","Symposiachrus","guttula",0
"Symposiachrus mundus","Passeriformes","Monarchidae","Symposiachrus","mundus",NA
"Symposiachrus sacerdotum","Passeriformes","Monarchidae","Symposiachrus","sacerdotum",0
"Symposiachrus boanensis","Passeriformes","Monarchidae","Symposiachrus","boanensis",0
"Symposiachrus melanopterus","Passeriformes","Monarchidae","Symposiachrus","melanopterus",1
"Symposiachrus trivirgatus","Passeriformes","Monarchidae","Symposiachrus","trivirgatus",0
"Symposiachrus bimaculatus","Passeriformes","Monarchidae","Symposiachrus","bimaculatus",1
"Symposiachrus leucurus","Passeriformes","Monarchidae","Symposiachrus","leucurus",NA
"Symposiachrus everetti","Passeriformes","Monarchidae","Symposiachrus","everetti",1
"Symposiachrus loricatus","Passeriformes","Monarchidae","Symposiachrus","loricatus",0
"Symposiachrus julianae","Passeriformes","Monarchidae","Symposiachrus","julianae",1
"Symposiachrus brehmii","Passeriformes","Monarchidae","Symposiachrus","brehmii",NA
"Symposiachrus manadensis","Passeriformes","Monarchidae","Symposiachrus","manadensis",0
"Symposiachrus infelix","Passeriformes","Monarchidae","Symposiachrus","infelix",0
"Symposiachrus menckei","Passeriformes","Monarchidae","Symposiachrus","menckei",NA
"Symposiachrus verticalis","Passeriformes","Monarchidae","Symposiachrus","verticalis",0
NA,"Passeriformes",NA,"Symposiachrus","ateralbus",NA
"Symposiachrus barbatus","Passeriformes","Monarchidae","Symposiachrus","barbatus",0
"Symposiachrus malaitae","Passeriformes","Monarchidae","Symposiachrus","malaitae",NA
"Symposiachrus vidua","Passeriformes","Monarchidae","Symposiachrus","vidua",0
"Symposiachrus nigrotectus","Passeriformes","Monarchidae","Symposiachrus","nigrotectus",NA
"Symposiachrus browni","Passeriformes","Monarchidae","Symposiachrus","browni",0
"Symposiachrus rubiensis","Passeriformes","Monarchidae","Symposiachrus","rubiensis",0
"Monarcha cinerascens","Passeriformes","Monarchidae","Monarcha","cinerascens",0
"Monarcha melanopsis","Passeriformes","Monarchidae","Monarcha","melanopsis",0
"Monarcha frater","Passeriformes","Monarchidae","Monarcha","frater",0
"Monarcha castaneiventris","Passeriformes","Monarchidae","Monarcha","castaneiventris",0
NA,"Passeriformes",NA,"Monarcha","megarhynchus",NA
NA,"Passeriformes",NA,"Monarcha","ugiensis",NA
"Monarcha richardsii","Passeriformes","Monarchidae","Monarcha","richardsii",0
"Monarcha godeffroyi","Passeriformes","Monarchidae","Metabolus","godeffroyi",NA
"Monarcha takatsukasae","Passeriformes","Monarchidae","Metabolus","takatsukasae",1
"Carterornis leucotis","Passeriformes","Monarchidae","Carterornis","leucotis",0
"Carterornis pileatus","Passeriformes","Monarchidae","Carterornis","pileatus",1
"Carterornis castus","Passeriformes","Monarchidae","Carterornis","castus",NA
"Carterornis chrysomela","Passeriformes","Monarchidae","Carterornis","chrysomela",0
"Arses insularis","Passeriformes","Monarchidae","Arses","insularis",0
"Arses telescopthalmus","Passeriformes","Monarchidae","Arses","telescopthalmus",0
"Arses lorealis","Passeriformes","Monarchidae","Arses","lorealis",NA
"Arses kaupi","Passeriformes","Monarchidae","Arses","kaupi",0
"Grallina cyanoleuca","Passeriformes","Monarchidae","Grallina","cyanoleuca",0
"Grallina bruijnii","Passeriformes","Monarchidae","Grallina","bruijnii",0
"Myiagra oceanica","Passeriformes","Monarchidae","Myiagra","oceanica",0
"Myiagra erythrops","Passeriformes","Monarchidae","Myiagra","erythrops",NA
"Myiagra freycineti","Passeriformes","Monarchidae","Myiagra","freycineti",NA
"Myiagra pluto","Passeriformes","Monarchidae","Myiagra","pluto",NA
"Myiagra galeata","Passeriformes","Monarchidae","Myiagra","galeata",0
"Myiagra atra","Passeriformes","Monarchidae","Myiagra","atra",NA
"Myiagra rubecula","Passeriformes","Monarchidae","Myiagra","rubecula",NA
"Myiagra ferrocyanea","Passeriformes","Monarchidae","Myiagra","ferrocyanea",NA
"Myiagra cervinicauda","Passeriformes","Monarchidae","Myiagra","cervinicauda",0
"Myiagra caledonica","Passeriformes","Monarchidae","Myiagra","caledonica",NA
"Myiagra vanikorensis","Passeriformes","Monarchidae","Myiagra","vanikorensis",1
"Myiagra albiventris","Passeriformes","Monarchidae","Myiagra","albiventris",0
"Myiagra azureocapilla","Passeriformes","Monarchidae","Myiagra","azureocapilla",0
"Myiagra castaneigularis","Passeriformes","Monarchidae","Myiagra","castaneigularis",NA
"Myiagra ruficollis","Passeriformes","Monarchidae","Myiagra","ruficollis",0
"Myiagra cyanoleuca","Passeriformes","Monarchidae","Myiagra","cyanoleuca",0
"Myiagra alecto","Passeriformes","Monarchidae","Myiagra","alecto",NA
"Myiagra hebetior","Passeriformes","Monarchidae","Myiagra","hebetior",NA
"Myiagra eichhorni","Passeriformes","Monarchidae","Myiagra","eichhorni",NA
NA,"Passeriformes",NA,"Myiagra","cervinicolor",NA
"Myiagra nana","Passeriformes","Monarchidae","Myiagra","nana",NA
"Myiagra inquieta","Passeriformes","Monarchidae","Myiagra","inquieta",0
"Platylophus galericulatus","Passeriformes","Platylophidae","Platylophus","galericulatus",0
"Eurocephalus ruppelli","Passeriformes","Laniidae","Eurocephalus","ruppelli",NA
"Eurocephalus anguitimens","Passeriformes","Laniidae","Eurocephalus","anguitimens",0
"Lanius corvinus","Passeriformes","Laniidae","Lanius","corvinus",1
"Lanius melanoleucus","Passeriformes","Laniidae","Lanius","melanoleucus",NA
"Lanius cabanisi","Passeriformes","Laniidae","Lanius","cabanisi",0
"Lanius excubitoroides","Passeriformes","Laniidae","Lanius","excubitoroides",1
"Lanius dorsalis","Passeriformes","Laniidae","Lanius","dorsalis",0
"Lanius excubitor","Passeriformes","Laniidae","Lanius","excubitor",0
"Lanius somalicus","Passeriformes","Laniidae","Lanius","somalicus",0
"Lanius ludovicianus","Passeriformes","Laniidae","Lanius","ludovicianus",0
"Lanius giganteus","Passeriformes","Laniidae","Lanius","giganteus",NA
"Lanius sphenocercus","Passeriformes","Laniidae","Lanius","sphenocercus",0
"Lanius meridionalis","Passeriformes","Laniidae","Lanius","meridionalis",NA
"Lanius borealis","Passeriformes","Laniidae","Lanius","borealis",NA
"Lanius nubicus","Passeriformes","Laniidae","Lanius","nubicus",0
"Lanius newtoni","Passeriformes","Laniidae","Lanius","newtoni",NA
"Lanius humeralis","Passeriformes","Laniidae","Lanius","humeralis",0
"Lanius gubernator","Passeriformes","Laniidae","Lanius","gubernator",0
"Lanius mackinnoni","Passeriformes","Laniidae","Lanius","mackinnoni",NA
"Lanius souzae","Passeriformes","Laniidae","Lanius","souzae",0
"Lanius collaris","Passeriformes","Laniidae","Lanius","collaris",0
"Lanius minor","Passeriformes","Laniidae","Lanius","minor",0
"Lanius senator","Passeriformes","Laniidae","Lanius","senator",0
"Lanius collurioides","Passeriformes","Laniidae","Lanius","collurioides",NA
"Lanius tigrinus","Passeriformes","Laniidae","Lanius","tigrinus",0
"Lanius vittatus","Passeriformes","Laniidae","Lanius","vittatus",0
"Lanius isabellinus","Passeriformes","Laniidae","Lanius","isabellinus",NA
"Lanius collurio","Passeriformes","Laniidae","Lanius","collurio",1
"Lanius phoenicuroides","Passeriformes","Laniidae","Lanius","phoenicuroides",NA
"Lanius validirostris","Passeriformes","Laniidae","Lanius","validirostris",0
"Lanius cristatus","Passeriformes","Laniidae","Lanius","cristatus",NA
"Lanius bucephalus","Passeriformes","Laniidae","Lanius","bucephalus",0
"Lanius schach","Passeriformes","Laniidae","Lanius","schach",0
"Lanius tephronotus","Passeriformes","Laniidae","Lanius","tephronotus",NA
"Platysmurus leucopterus","Passeriformes","Corvidae","Platysmurus","leucopterus",0
"Platysmurus aterrimus","Passeriformes","Corvidae","Platysmurus","aterrimus",0
"Perisoreus infaustus","Passeriformes","Corvidae","Perisoreus","infaustus",0
"Perisoreus internigrans","Passeriformes","Corvidae","Perisoreus","internigrans",0
"Perisoreus canadensis","Passeriformes","Corvidae","Perisoreus","canadensis",NA
"Cyanolyca armillata","Passeriformes","Corvidae","Cyanolyca","armillata",NA
NA,"Passeriformes",NA,"Cyanolyca","quindiuna",NA
"Cyanolyca viridicyanus","Passeriformes","Corvidae","Cyanolyca","viridicyanus",0
"Cyanolyca turcosa","Passeriformes","Corvidae","Cyanolyca","turcosa",NA
"Cyanolyca pulchra","Passeriformes","Corvidae","Cyanolyca","pulchra",NA
"Cyanolyca cucullata","Passeriformes","Corvidae","Cyanolyca","cucullata",0
"Cyanolyca pumilo","Passeriformes","Corvidae","Cyanolyca","pumilo",0
"Cyanolyca nanus","Passeriformes","Corvidae","Cyanolyca","nanus",0
"Cyanolyca mirabilis","Passeriformes","Corvidae","Cyanolyca","mirabilis",0
"Cyanolyca argentigula","Passeriformes","Corvidae","Cyanolyca","argentigula",0
"Cyanocorax colliei","Passeriformes","Corvidae","Cyanocorax","colliei",NA
"Cyanocorax formosus","Passeriformes","Corvidae","Cyanocorax","formosus",1
"Cyanocorax morio","Passeriformes","Corvidae","Cyanocorax","morio",1
"Cyanocorax caeruleus","Passeriformes","Corvidae","Cyanocorax","coeruleus",0
"Cyanocorax violaceus","Passeriformes","Corvidae","Cyanocorax","violaceus",1
"Cyanocorax cyanomelas","Passeriformes","Corvidae","Cyanocorax","cyanomelas",0
"Cyanocorax cristatellus","Passeriformes","Corvidae","Cyanocorax","cristatellus",1
"Cyanocorax luxuosus","Passeriformes","Corvidae","Cyanocorax","luxuosus",0
"Cyanocorax yncas","Passeriformes","Corvidae","Cyanocorax","yncas",0
"Cyanocorax mystacalis","Passeriformes","Corvidae","Cyanocorax","mystacalis",0
"Cyanocorax melanocyaneus","Passeriformes","Corvidae","Cyanocorax","melanocyaneus",NA
"Cyanocorax yucatanicus","Passeriformes","Corvidae","Cyanocorax","yucatanicus",0
"Cyanocorax beecheii","Passeriformes","Corvidae","Cyanocorax","beecheii",0
"Cyanocorax sanblasianus","Passeriformes","Corvidae","Cyanocorax","sanblasianus",0
"Cyanocorax dickeyi","Passeriformes","Corvidae","Cyanocorax","dickeyi",1
"Cyanocorax affinis","Passeriformes","Corvidae","Cyanocorax","affinis",0
"Cyanocorax heilprini","Passeriformes","Corvidae","Cyanocorax","heilprini",0
NA,"Passeriformes",NA,"Cyanocorax","hafferi",NA
"Cyanocorax cayanus","Passeriformes","Corvidae","Cyanocorax","cayanus",0
"Cyanocorax chrysops","Passeriformes","Corvidae","Cyanocorax","chrysops",1
"Cyanocorax cyanopogon","Passeriformes","Corvidae","Cyanocorax","cyanopogon",0
"Cyanocitta cristata","Passeriformes","Corvidae","Cyanocitta","cristata",1
"Cyanocitta stelleri","Passeriformes","Corvidae","Cyanocitta","stelleri",1
"Aphelocoma wollweberi","Passeriformes","Corvidae","Aphelocoma","wollweberi",1
"Aphelocoma ultramarina","Passeriformes","Corvidae","Aphelocoma","ultramarina",NA
"Aphelocoma unicolor","Passeriformes","Corvidae","Aphelocoma","unicolor",0
"Aphelocoma californica","Passeriformes","Corvidae","Aphelocoma","californica",0
"Aphelocoma woodhouseii","Passeriformes","Corvidae","Aphelocoma","woodhouseii",1
"Aphelocoma insularis","Passeriformes","Corvidae","Aphelocoma","insularis",0
"Aphelocoma coerulescens","Passeriformes","Corvidae","Aphelocoma","coerulescens",NA
"Gymnorhinus cyanocephalus","Passeriformes","Corvidae","Gymnorhinus","cyanocephalus",0
"Garrulus glandarius","Passeriformes","Corvidae","Garrulus","glandarius",0
NA,"Passeriformes",NA,"Garrulus","bispecularis",1
NA,"Passeriformes",NA,"Garrulus","leucotis",NA
"Garrulus lanceolatus","Passeriformes","Corvidae","Garrulus","lanceolatus",0
"Garrulus lidthi","Passeriformes","Corvidae","Garrulus","lidthi",0
"Cyanopica cyanus","Passeriformes","Corvidae","Cyanopica","cyanus",0
"Cyanopica cooki","Passeriformes","Corvidae","Cyanopica","cooki",0
"Urocissa ornata","Passeriformes","Corvidae","Urocissa","ornata",0
"Urocissa caerulea","Passeriformes","Corvidae","Urocissa","caerulea",0
"Urocissa flavirostris","Passeriformes","Corvidae","Urocissa","flavirostris",0
"Urocissa erythroryncha","Passeriformes","Corvidae","Urocissa","erythroryncha",0
"Urocissa whiteheadi","Passeriformes","Corvidae","Urocissa","whiteheadi",1
NA,"Passeriformes",NA,"Urocissa","xanthomelana",NA
"Cissa chinensis","Passeriformes","Corvidae","Cissa","chinensis",0
"Cissa hypoleuca","Passeriformes","Corvidae","Cissa","hypoleuca",0
"Cissa thalassina","Passeriformes","Corvidae","Cissa","thalassina",0
"Cissa jefferyi","Passeriformes","Corvidae","Cissa","jefferyi",NA
"Dendrocitta vagabunda","Passeriformes","Corvidae","Dendrocitta","vagabunda",0
"Dendrocitta occipitalis","Passeriformes","Corvidae","Dendrocitta","occipitalis",0
"Dendrocitta cinerascens","Passeriformes","Corvidae","Dendrocitta","cinerascens",1
"Dendrocitta formosae","Passeriformes","Corvidae","Dendrocitta","formosae",0
"Dendrocitta leucogastra","Passeriformes","Corvidae","Dendrocitta","leucogastra",0
"Dendrocitta frontalis","Passeriformes","Corvidae","Dendrocitta","frontalis",0
"Dendrocitta bayleii","Passeriformes","Corvidae","Dendrocitta","bayleii",0
"Crypsirina temia","Passeriformes","Corvidae","Crypsirina","temia",0
"Crypsirina cucullata","Passeriformes","Corvidae","Crypsirina","cucullata",0
"Temnurus temnurus","Passeriformes","Corvidae","Temnurus","temnurus",0
"Pica pica","Passeriformes","Corvidae","Pica","pica",1
"Pica mauritanica","Passeriformes","Corvidae","Pica","mauritanica",NA
"Pica asirensis","Passeriformes","Corvidae","Pica","asirensis",NA
"Pica bottanensis","Passeriformes","Corvidae","Pica","bottanensis",1
"Pica serica","Passeriformes","Corvidae","Pica","serica",1
"Pica hudsonia","Passeriformes","Corvidae","Pica","hudsonia",NA
"Pica nuttalli","Passeriformes","Corvidae","Pica","nutalli",0
"Zavattariornis stresemanni","Passeriformes","Corvidae","Zavattariornis","stresemanni",0
"Podoces hendersoni","Passeriformes","Corvidae","Podoces","hendersoni",NA
"Podoces biddulphi","Passeriformes","Corvidae","Podoces","biddulphi",0
"Podoces panderi","Passeriformes","Corvidae","Podoces","panderi",0
"Podoces pleskei","Passeriformes","Corvidae","Podoces","pleskei",0
"Nucifraga columbiana","Passeriformes","Corvidae","Nucifraga","columbiana",0
"Nucifraga caryocatactes","Passeriformes","Corvidae","Nucifraga","caryocatactes",0
"Nucifraga hemispila","Passeriformes","Corvidae","Nucifraga","hemispila",NA
"Nucifraga multipunctata","Passeriformes","Corvidae","Nucifraga","multipunctata",1
"Pyrrhocorax pyrrhocorax","Passeriformes","Corvidae","Pyrrhocorax","pyrrhocorax",1
"Pyrrhocorax graculus","Passeriformes","Corvidae","Pyrrhocorax","graculus",1
"Ptilostomus afer","Passeriformes","Corvidae","Ptilostomus","afer",1
"Coloeus monedula","Passeriformes","Corvidae","Corvus","monedula",1
"Coloeus dauuricus","Passeriformes","Corvidae","Corvus","dauuricus",1
"Corvus splendens","Passeriformes","Corvidae","Corvus","splendens",1
"Corvus moneduloides","Passeriformes","Corvidae","Corvus","moneduloides",0
"Corvus typicus","Passeriformes","Corvidae","Corvus","typicus",0
"Corvus unicolor","Passeriformes","Corvidae","Corvus","unicolor",NA
"Corvus enca","Passeriformes","Corvidae","Corvus","enca",0
"Corvus celebensis","Passeriformes","Corvidae","Corvus","celebensis",0
"Corvus samarensis","Passeriformes","Corvidae","Corvus","samarensis",0
"Corvus sierramadrensis","Passeriformes","Corvidae","Corvus","sierramadrensis",0
"Corvus pusillus","Passeriformes","Corvidae","Corvus","pusillus",NA
"Corvus violaceus","Passeriformes","Corvidae","Corvus","violaceus",NA
"Corvus florensis","Passeriformes","Corvidae","Corvus","florensis",0
"Corvus kubaryi","Passeriformes","Corvidae","Corvus","kubaryi",0
"Corvus validus","Passeriformes","Corvidae","Corvus","validus",0
"Corvus woodfordi","Passeriformes","Corvidae","Corvus","woodfordi",0
"Corvus meeki","Passeriformes","Corvidae","Corvus","meeki",0
"Corvus fuscicapillus","Passeriformes","Corvidae","Corvus","fuscicapillus",0
"Corvus tristis","Passeriformes","Corvidae","Corvus","tristis",1
"Corvus capensis","Passeriformes","Corvidae","Corvus","capensis",0
"Corvus frugilegus","Passeriformes","Corvidae","Corvus","frugilegus",0
"Corvus brachyrhynchos","Passeriformes","Corvidae","Corvus","brachyrhynchos",1
NA,"Passeriformes",NA,"Corvus","caurinus",0
"Corvus imparatus","Passeriformes","Corvidae","Corvus","imparatus",0
"Corvus sinaloae","Passeriformes","Corvidae","Corvus","sinaloae",1
"Corvus ossifragus","Passeriformes","Corvidae","Corvus","ossifragus",1
"Corvus palmarum","Passeriformes","Corvidae","Corvus","palmarum",1
"Corvus minutus","Passeriformes","Corvidae","Corvus","minutus",0
"Corvus jamaicensis","Passeriformes","Corvidae","Corvus","jamaicensis",0
"Corvus nasicus","Passeriformes","Corvidae","Corvus","nasicus",1
"Corvus leucognaphalus","Passeriformes","Corvidae","Corvus","leucognaphalus",1
"Corvus hawaiiensis","Passeriformes","Corvidae","Corvus","hawaiiensis",NA
"Corvus corone","Passeriformes","Corvidae","Corvus","corone",0
"Corvus cornix","Passeriformes","Corvidae","Corvus","cornix",0
"Corvus torquatus","Passeriformes","Corvidae","Corvus","pectoralis",0
"Corvus macrorhynchos","Passeriformes","Corvidae","Corvus","macrorhynchos",0
"Corvus levaillantii","Passeriformes","Corvidae","Corvus","levaillantii",NA
"Corvus culminatus","Passeriformes","Corvidae","Corvus","culminatus",NA
"Corvus philippinus","Passeriformes","Corvidae","Corvus","philippinus",0
"Corvus orru","Passeriformes","Corvidae","Corvus","orru",0
"Corvus insularis","Passeriformes","Corvidae","Corvus","insularis",NA
"Corvus bennetti","Passeriformes","Corvidae","Corvus","bennetti",0
"Corvus tasmanicus","Passeriformes","Corvidae","Corvus","tasmanicus",1
"Corvus mellori","Passeriformes","Corvidae","Corvus","mellori",1
"Corvus coronoides","Passeriformes","Corvidae","Corvus","coronoides",0
"Corvus albus","Passeriformes","Corvidae","Corvus","albus",0
"Corvus ruficollis","Passeriformes","Corvidae","Corvus","ruficollis",0
"Corvus edithae","Passeriformes","Corvidae","Corvus","edithae",1
"Corvus corax","Passeriformes","Corvidae","Corvus","corax",NA
"Corvus cryptoleucus","Passeriformes","Corvidae","Corvus","cryptoleucus",1
"Corvus rhipidurus","Passeriformes","Corvidae","Corvus","rhipidurus",0
"Corvus albicollis","Passeriformes","Corvidae","Corvus","albicollis",1
"Corvus crassirostris","Passeriformes","Corvidae","Corvus","crassirostris",0
"Corcorax melanorhamphos","Passeriformes","Corcoracidae","Corcorax","melanorhamphos",1
"Struthidea cinerea","Passeriformes","Corcoracidae","Struthidea","cinerea",1
"Melampitta lugubris","Passeriformes","Melampittidae","Melampitta","lugubris",NA
"Megalampitta gigantea","Passeriformes","Melampittidae","Megalampitta","gigantea",NA
"Ifrita kowaldi","Passeriformes","Ifritidae","Ifrita","kowaldi",NA
"Lycocorax pyrrhopterus","Passeriformes","Paradisaeidae","Lycocorax","pyrrhopterus",0
"Lycocorax obiensis","Passeriformes","Paradisaeidae","Lycocorax","obiensis",NA
"Manucodia ater","Passeriformes","Paradisaeidae","Manucodia","ater",0
"Manucodia alter","Passeriformes","Paradisaeidae","Manucodia","alter",NA
"Manucodia jobiensis","Passeriformes","Paradisaeidae","Manucodia","jobiensis",NA
"Manucodia chalybatus","Passeriformes","Paradisaeidae","Manucodia","chalybatus",NA
"Manucodia comrii","Passeriformes","Paradisaeidae","Manucodia","comrii",0
"Phonygammus keraudrenii","Passeriformes","Paradisaeidae","Phonygammus","keraudrenii",0
"Paradigalla carunculata","Passeriformes","Paradisaeidae","Paradigalla","carunculata",NA
"Paradigalla brevicauda","Passeriformes","Paradisaeidae","Paradigalla","brevicauda",0
"Astrapia nigra","Passeriformes","Paradisaeidae","Astrapia","nigra",NA
"Astrapia splendidissima","Passeriformes","Paradisaeidae","Astrapia","splendidissima",0
"Astrapia mayeri","Passeriformes","Paradisaeidae","Astrapia","mayeri",0
"Astrapia stephaniae","Passeriformes","Paradisaeidae","Astrapia","stephaniae",1
"Astrapia rothschildi","Passeriformes","Paradisaeidae","Astrapia","rothschildi",0
"Parotia sefilata","Passeriformes","Paradisaeidae","Parotia","sefilata",1
"Parotia carolae","Passeriformes","Paradisaeidae","Parotia","carolae",0
"Parotia berlepschi","Passeriformes","Paradisaeidae","Parotia","berlepschi",NA
"Parotia lawesii","Passeriformes","Paradisaeidae","Parotia","lawesii",1
"Parotia helenae","Passeriformes","Paradisaeidae","Parotia","helenae",1
"Parotia wahnesi","Passeriformes","Paradisaeidae","Parotia","wahnesi",0
"Pteridophora alberti","Passeriformes","Paradisaeidae","Pteridophora","alberti",0
"Lophorina superba","Passeriformes","Paradisaeidae","Lophorina","superba",0
"Lophorina latipennis","Passeriformes","Paradisaeidae","Lophorina","latipennis",NA
"Lophorina minor","Passeriformes","Paradisaeidae","Lophorina","minor",NA
"Ptiloris paradiseus","Passeriformes","Paradisaeidae","Lophorina","paradisea",0
"Ptiloris victoriae","Passeriformes","Paradisaeidae","Lophorina","victoriae",0
"Ptiloris magnificus","Passeriformes","Paradisaeidae","Lophorina","magnifica",0
"Ptiloris intercedens","Passeriformes","Paradisaeidae","Lophorina","intercedens",NA
"Epimachus fastosus","Passeriformes","Paradisaeidae","Epimachus","fastosus",NA
"Epimachus meyeri","Passeriformes","Paradisaeidae","Epimachus","meyeri",0
"Drepanornis albertisi","Passeriformes","Paradisaeidae","Drepanornis","albertisi",NA
"Drepanornis bruijnii","Passeriformes","Paradisaeidae","Drepanornis","bruijnii",1
"Diphyllodes magnificus","Passeriformes","Paradisaeidae","Cicinnurus","magnificus",0
"Diphyllodes respublica","Passeriformes","Paradisaeidae","Cicinnurus","respublica",0
"Cicinnurus regius","Passeriformes","Paradisaeidae","Cicinnurus","regius",1
"Semioptera wallacii","Passeriformes","Paradisaeidae","Semioptera","wallacii",1
"Seleucidis melanoleucus","Passeriformes","Paradisaeidae","Seleucidis","melanoleucus",NA
"Paradisaea apoda","Passeriformes","Paradisaeidae","Paradisaea","apoda",0
"Paradisaea raggiana","Passeriformes","Paradisaeidae","Paradisaea","raggiana",1
"Paradisaea minor","Passeriformes","Paradisaeidae","Paradisaea","minor",1
"Paradisaea decora","Passeriformes","Paradisaeidae","Paradisaea","decora",0
"Paradisaea rubra","Passeriformes","Paradisaeidae","Paradisaea","rubra",0
"Paradisaea guilielmi","Passeriformes","Paradisaeidae","Paradisaea","guilielmi",0
"Paradisornis rudolphi","Passeriformes","Paradisaeidae","Paradisornis","rudolphi",0
"Amalocichla incerta","Passeriformes","Petroicidae","Amalocichla","incerta",NA
"Amalocichla sclateriana","Passeriformes","Petroicidae","Amalocichla","sclateriana",NA
"Pachycephalopsis hattamensis","Passeriformes","Petroicidae","Pachycephalopsis","hattamensis",NA
"Pachycephalopsis poliosoma","Passeriformes","Petroicidae","Pachycephalopsis","poliosoma",NA
"Eugerygone rubra","Passeriformes","Petroicidae","Eugerygone","rubra",NA
"Petroica macrocephala","Passeriformes","Petroicidae","Petroica","macrocephala",0
NA,"Passeriformes",NA,"Petroica","dannefaerdi",0
"Petroica traversi","Passeriformes","Petroicidae","Petroica","traversi",NA
"Petroica longipes","Passeriformes","Petroicidae","Petroica","longipes",NA
"Petroica australis","Passeriformes","Petroicidae","Petroica","australis",NA
"Petroica bivittata","Passeriformes","Petroicidae","Petroica","bivittata",NA
"Petroica archboldi","Passeriformes","Petroicidae","Petroica","archboldi",NA
"Petroica multicolor","Passeriformes","Petroicidae","Petroica","multicolor",NA
"Petroica goodenovii","Passeriformes","Petroicidae","Petroica","goodenovii",NA
"Petroica polymorpha","Passeriformes","Petroicidae","Petroica","polymorpha",NA
"Petroica pusilla","Passeriformes","Petroicidae","Petroica","pusilla",NA
"Petroica rosea","Passeriformes","Petroicidae","Petroica","rosea",NA
"Petroica rodinogaster","Passeriformes","Petroicidae","Petroica","rodinogaster",NA
"Petroica phoenicea","Passeriformes","Petroicidae","Petroica","phoenicea",NA
"Petroica boodang","Passeriformes","Petroicidae","Petroica","boodang",NA
"Devioeca papuana","Passeriformes","Petroicidae","Devioeca","papuana",NA
"Kempiella flavovirescens","Passeriformes","Petroicidae","Kempiella","flavovirescens",NA
"Kempiella griseoceps","Passeriformes","Petroicidae","Kempiella","griseoceps",NA
"Cryptomicroeca flaviventris","Passeriformes","Petroicidae","Cryptomicroeca","flaviventris",NA
"Monachella muelleriana","Passeriformes","Petroicidae","Monachella","muelleriana",NA
NA,"Passeriformes",NA,"Monachella","coultasi",NA
"Microeca hemixantha","Passeriformes","Petroicidae","Microeca","hemixantha",NA
"Microeca flavigaster","Passeriformes","Petroicidae","Microeca","flavigaster",NA
NA,"Passeriformes",NA,"Microeca","tormenti",NA
"Microeca fascinans","Passeriformes","Petroicidae","Microeca","fascinans",NA
"Drymodes beccarii","Passeriformes","Petroicidae","Drymodes","beccarii",NA
"Drymodes superciliaris","Passeriformes","Petroicidae","Drymodes","superciliaris",NA
"Drymodes brunneopygia","Passeriformes","Petroicidae","Drymodes","brunneopygia",0
"Heteromyias albispecularis","Passeriformes","Petroicidae","Heteromyias","albispecularis",NA
"Heteromyias armiti","Passeriformes","Petroicidae","Heteromyias","armiti",0
"Heteromyias cinereifrons","Passeriformes","Petroicidae","Heteromyias","cinereifrons",NA
"Plesiodryas albonotata","Passeriformes","Petroicidae","Plesiodryas","albonotata",NA
"Leucophantes brachyurus","Passeriformes","Petroicidae","Poecilodryas","brachyura",NA
"Poecilodryas hypoleuca","Passeriformes","Petroicidae","Poecilodryas","hypoleuca",NA
"Poecilodryas superciliosa","Passeriformes","Petroicidae","Poecilodryas","superciliosa",NA
"Poecilodryas cerviniventris","Passeriformes","Petroicidae","Poecilodryas","cerviniventris",NA
"Melanodryas cucullata","Passeriformes","Petroicidae","Melanodryas","cucullata",NA
"Melanodryas vittata","Passeriformes","Petroicidae","Melanodryas","vittata",NA
"Peneothello sigillata","Passeriformes","Petroicidae","Peneothello","sigillata",NA
"Peneothello cryptoleuca","Passeriformes","Petroicidae","Peneothello","cryptoleuca",NA
"Peneothello cyanus","Passeriformes","Petroicidae","Peneothello","cyanus",NA
"Peneothello bimaculata","Passeriformes","Petroicidae","Peneothello","bimaculata",NA
"Peneothello pulverulenta","Passeriformes","Petroicidae","Peneoenanthe","pulverulenta",NA
"Gennaeodryas placens","Passeriformes","Petroicidae","Gennaeodryas","placens",NA
"Eopsaltria australis","Passeriformes","Petroicidae","Eopsaltria","australis",NA
"Eopsaltria griseogularis","Passeriformes","Petroicidae","Eopsaltria","griseogularis",NA
"Quoyornis georgianus","Passeriformes","Petroicidae","Quoyornis","georgianus",NA
"Tregellasia capito","Passeriformes","Petroicidae","Tregellasia","capito",NA
"Tregellasia leucops","Passeriformes","Petroicidae","Tregellasia","leucops",NA
"Picathartes gymnocephalus","Passeriformes","Picathartidae","Picathartes","gymnocephalus",0
"Picathartes oreas","Passeriformes","Picathartidae","Picathartes","oreas",0
"Chaetops frenatus","Passeriformes","Chaetopidae","Chaetops","frenatus",0
"Chaetops aurantius","Passeriformes","Chaetopidae","Chaetops","aurantius",0
"Eupetes macrocerus","Passeriformes","Eupetidae","Eupetes","macrocerus",NA
"Bombycilla garrulus","Passeriformes","Bombycillidae","Bombycilla","garrulus",1
"Bombycilla japonica","Passeriformes","Bombycillidae","Bombycilla","japonica",NA
"Bombycilla cedrorum","Passeriformes","Bombycillidae","Bombycilla","cedrorum",1
"Phainoptila melanoxantha","Passeriformes","Ptiliogonatidae","Phainoptila","melanoxantha",NA
"Ptiliogonys cinereus","Passeriformes","Ptiliogonatidae","Ptiliogonys","cinereus",NA
"Ptiliogonys caudatus","Passeriformes","Ptiliogonatidae","Ptiliogonys","caudatus",1
"Phainopepla nitens","Passeriformes","Ptiliogonatidae","Phainopepla","nitens",1
"Hypocolius ampelinus","Passeriformes","Hypocoliidae","Hypocolius","ampelinus",0
"Dulus dominicus","Passeriformes","Dulidae","Dulus","dominicus",1
"Chaetoptila angustipluma","Passeriformes","Mohoidae","Chaetoptila","angustipluma",NA
"Moho braccatus","Passeriformes","Mohoidae","Moho","braccatus",NA
"Moho apicalis","Passeriformes","Mohoidae","Moho","apicalis",NA
"Moho bishopi","Passeriformes","Mohoidae","Moho","bishopi",NA
"Moho nobilis","Passeriformes","Mohoidae","Moho","nobilis",NA
"Hylocitrea bonensis","Passeriformes","Hylocitreidae","Hylocitrea","bonensis",NA
NA,"Passeriformes",NA,"Hylocitrea","bonthaina",NA
"Chelidorhynx hypoxanthus","Passeriformes","Stenostiridae","Chelidorhynx","hypoxanthus",NA
"Stenostira scita","Passeriformes","Stenostiridae","Stenostira","scita",0
"Culicicapa ceylonensis","Passeriformes","Stenostiridae","Culicicapa","ceylonensis",0
"Culicicapa helianthea","Passeriformes","Stenostiridae","Culicicapa","helianthea",0
"Elminia longicauda","Passeriformes","Stenostiridae","Elminia","longicauda",1
"Elminia albicauda","Passeriformes","Stenostiridae","Elminia","albicauda",1
"Elminia nigromitrata","Passeriformes","Stenostiridae","Elminia","nigromitrata",0
"Elminia albiventris","Passeriformes","Stenostiridae","Elminia","albiventris",0
"Elminia albonotata","Passeriformes","Stenostiridae","Elminia","albonotata",0
"Cephalopyrus flammiceps","Passeriformes","Paridae","Cephalopyrus","flammiceps",1
"Sylviparus modestus","Passeriformes","Paridae","Sylviparus","modestus",0
"Melanochlora sultanea","Passeriformes","Paridae","Melanochlora","sultanea",0
"Periparus rufonuchalis","Passeriformes","Paridae","Periparus","rufonuchalis",0
"Periparus rubidiventris","Passeriformes","Paridae","Periparus","rubidiventris",0
"Periparus ater","Passeriformes","Paridae","Periparus","ater",0
"Pardaliparus venustulus","Passeriformes","Paridae","Pardaliparus","venustulus",0
"Pardaliparus elegans","Passeriformes","Paridae","Pardaliparus","elegans",0
"Pardaliparus amabilis","Passeriformes","Paridae","Pardaliparus","amabilis",0
"Lophophanes cristatus","Passeriformes","Paridae","Lophophanes","cristatus",0
"Lophophanes dichrous","Passeriformes","Paridae","Lophophanes","dichrous",0
"Baeolophus wollweberi","Passeriformes","Paridae","Baeolophus","wollweberi",0
"Baeolophus inornatus","Passeriformes","Paridae","Baeolophus","inornatus",0
"Baeolophus ridgwayi","Passeriformes","Paridae","Baeolophus","ridgwayi",0
"Baeolophus bicolor","Passeriformes","Paridae","Baeolophus","bicolor",0
"Baeolophus atricristatus","Passeriformes","Paridae","Baeolophus","atricristatus",0
"Sittiparus varius","Passeriformes","Paridae","Sittiparus","varius",0
"Sittiparus owstoni","Passeriformes","Paridae","Sittiparus","owstoni",NA
"Sittiparus olivaceus","Passeriformes","Paridae","Sittiparus","olivaceus",NA
"Sittiparus castaneoventris","Passeriformes","Paridae","Sittiparus","castaneoventris",NA
"Sittiparus semilarvatus","Passeriformes","Paridae","Sittiparus","semilarvatus",0
"Poecile superciliosus","Passeriformes","Paridae","Poecile","superciliosus",1
"Poecile lugubris","Passeriformes","Paridae","Poecile","lugubris",0
"Poecile cinctus","Passeriformes","Paridae","Poecile","cinctus",0
"Poecile rufescens","Passeriformes","Paridae","Poecile","rufescens",1
"Poecile hudsonicus","Passeriformes","Paridae","Poecile","hudsonicus",1
"Poecile sclateri","Passeriformes","Paridae","Poecile","sclateri",0
"Poecile carolinensis","Passeriformes","Paridae","Poecile","carolinensis",0
"Poecile atricapillus","Passeriformes","Paridae","Poecile","atricapillus",1
"Poecile gambeli","Passeriformes","Paridae","Poecile","gambeli",0
"Poecile davidi","Passeriformes","Paridae","Poecile","davidi",1
"Poecile hypermelaenus","Passeriformes","Paridae","Poecile","hypermelaenus",NA
"Poecile palustris","Passeriformes","Paridae","Poecile","palustris",0
"Poecile weigoldicus","Passeriformes","Paridae","Poecile","weigoldicus",NA
"Poecile hyrcanus","Passeriformes","Paridae","Poecile","hyrcanus",NA
"Poecile montanus","Passeriformes","Paridae","Poecile","montanus",1
"Cyanistes teneriffae","Passeriformes","Paridae","Cyanistes","teneriffae",NA
"Cyanistes caeruleus","Passeriformes","Paridae","Cyanistes","caeruleus",0
"Cyanistes cyanus","Passeriformes","Paridae","Cyanistes","cyanus",0
"Pseudopodoces humilis","Passeriformes","Paridae","Pseudopodoces","humilis",0
"Parus major","Passeriformes","Paridae","Parus","major",0
"Parus cinereus","Passeriformes","Paridae","Parus","cinereus",1
"Parus monticolus","Passeriformes","Paridae","Parus","monticolus",1
"Machlolophus nuchalis","Passeriformes","Paridae","Machlolophus","nuchalis",0
"Machlolophus holsti","Passeriformes","Paridae","Machlolophus","holsti",0
"Machlolophus xanthogenys","Passeriformes","Paridae","Machlolophus","xanthogenys",0
"Machlolophus aplonotus","Passeriformes","Paridae","Machlolophus","aplonotus",NA
"Machlolophus spilonotus","Passeriformes","Paridae","Machlolophus","spilonotus",0
"Melaniparus guineensis","Passeriformes","Paridae","Melaniparus","guineensis",NA
"Melaniparus leucomelas","Passeriformes","Paridae","Melaniparus","leucomelas",0
"Melaniparus niger","Passeriformes","Paridae","Melaniparus","niger",0
"Melaniparus carpi","Passeriformes","Paridae","Melaniparus","carpi",NA
"Melaniparus albiventris","Passeriformes","Paridae","Melaniparus","albiventris",0
"Melaniparus leuconotus","Passeriformes","Paridae","Melaniparus","leuconotus",1
"Melaniparus funereus","Passeriformes","Paridae","Melaniparus","funereus",0
"Melaniparus rufiventris","Passeriformes","Paridae","Melaniparus","rufiventris",0
NA,"Passeriformes",NA,"Melaniparus","pallidiventris",NA
"Melaniparus fringillinus","Passeriformes","Paridae","Melaniparus","fringillinus",0
"Melaniparus fasciiventer","Passeriformes","Paridae","Melaniparus","fasciiventer",0
"Melaniparus thruppi","Passeriformes","Paridae","Melaniparus","thruppi",0
"Melaniparus griseiventris","Passeriformes","Paridae","Melaniparus","griseiventris",0
"Melaniparus cinerascens","Passeriformes","Paridae","Melaniparus","cinerascens",0
"Melaniparus afer","Passeriformes","Paridae","Melaniparus","afer",0
"Remiz pendulinus","Passeriformes","Remizidae","Remiz","pendulinus",1
"Remiz macronyx","Passeriformes","Remizidae","Remiz","macronyx",NA
"Remiz coronatus","Passeriformes","Remizidae","Remiz","coronatus",1
"Remiz consobrinus","Passeriformes","Remizidae","Remiz","consobrinus",1
"Anthoscopus punctifrons","Passeriformes","Remizidae","Anthoscopus","punctifrons",1
"Anthoscopus parvulus","Passeriformes","Remizidae","Anthoscopus","parvulus",1
"Anthoscopus musculus","Passeriformes","Remizidae","Anthoscopus","musculus",0
"Anthoscopus flavifrons","Passeriformes","Remizidae","Anthoscopus","flavifrons",1
"Anthoscopus caroli","Passeriformes","Remizidae","Anthoscopus","caroli",0
NA,"Passeriformes",NA,"Anthoscopus","sylviella",NA
"Anthoscopus minutus","Passeriformes","Remizidae","Anthoscopus","minutus",1
"Auriparus flaviceps","Passeriformes","Remizidae","Auriparus","flaviceps",0
"Nicator chloris","Passeriformes","Nicatoridae","Nicator","chloris",0
"Nicator gularis","Passeriformes","Nicatoridae","Nicator","gularis",0
"Nicator vireo","Passeriformes","Nicatoridae","Nicator","vireo",0
"Panurus biarmicus","Passeriformes","Panuridae","Panurus","biarmicus",0
"Alaemon alaudipes","Passeriformes","Alaudidae","Alaemon","alaudipes",0
"Alaemon hamertoni","Passeriformes","Alaudidae","Alaemon","hamertoni",0
"Chersomanes beesleyi","Passeriformes","Alaudidae","Chersomanes","beesleyi",NA
"Chersomanes albofasciata","Passeriformes","Alaudidae","Chersomanes","albofasciata",1
"Ammomanopsis grayi","Passeriformes","Alaudidae","Ammomanopsis","grayi",1
"Certhilauda chuana","Passeriformes","Alaudidae","Certhilauda","chuana",0
"Certhilauda benguelensis","Passeriformes","Alaudidae","Certhilauda","benguelensis",NA
"Certhilauda subcoronata","Passeriformes","Alaudidae","Certhilauda","subcoronata",0
"Certhilauda semitorquata","Passeriformes","Alaudidae","Certhilauda","semitorquata",NA
"Certhilauda curvirostris","Passeriformes","Alaudidae","Certhilauda","curvirostris",0
"Certhilauda brevirostris","Passeriformes","Alaudidae","Certhilauda","brevirostris",0
"Pinarocorys nigricans","Passeriformes","Alaudidae","Pinarocorys","nigricans",NA
"Pinarocorys erythropygia","Passeriformes","Alaudidae","Pinarocorys","erythropygia",NA
"Ramphocoris clotbey","Passeriformes","Alaudidae","Ramphocoris","clotbey",1
"Ammomanes deserti","Passeriformes","Alaudidae","Ammomanes","deserti",1
"Ammomanes cinctura","Passeriformes","Alaudidae","Ammomanes","cinctura",1
"Ammomanes phoenicura","Passeriformes","Alaudidae","Ammomanes","phoenicura",0
"Eremopterix australis","Passeriformes","Alaudidae","Eremopterix","australis",1
"Eremopterix hova","Passeriformes","Alaudidae","Eremopterix","hova",1
"Eremopterix nigriceps","Passeriformes","Alaudidae","Eremopterix","nigriceps",1
"Eremopterix leucotis","Passeriformes","Alaudidae","Eremopterix","leucotis",1
"Eremopterix griseus","Passeriformes","Alaudidae","Eremopterix","griseus",NA
"Eremopterix signatus","Passeriformes","Alaudidae","Eremopterix","signatus",1
"Eremopterix verticalis","Passeriformes","Alaudidae","Eremopterix","verticalis",1
"Eremopterix leucopareia","Passeriformes","Alaudidae","Eremopterix","leucopareia",1
"Calendulauda rufa","Passeriformes","Alaudidae","Calendulauda","rufa",0
"Calendulauda sabota","Passeriformes","Alaudidae","Calendulauda","sabota",NA
"Calendulauda poecilosterna","Passeriformes","Alaudidae","Calendulauda","poecilosterna",0
"Calendulauda gilletti","Passeriformes","Alaudidae","Calendulauda","gilletti",0
"Calendulauda africanoides","Passeriformes","Alaudidae","Calendulauda","africanoides",0
"Calendulauda albescens","Passeriformes","Alaudidae","Calendulauda","albescens",NA
"Calendulauda burra","Passeriformes","Alaudidae","Calendulauda","burra",NA
"Calendulauda erythrochlamys","Passeriformes","Alaudidae","Calendulauda","erythrochlamys",NA
"Heteromirafra archeri","Passeriformes","Alaudidae","Heteromirafra","archeri",NA
"Heteromirafra ruddi","Passeriformes","Alaudidae","Heteromirafra","ruddi",0
"Mirafra passerina","Passeriformes","Alaudidae","Mirafra","passerina",NA
"Mirafra pulpa","Passeriformes","Alaudidae","Mirafra","pulpa",NA
"Mirafra cordofanica","Passeriformes","Alaudidae","Mirafra","cordofanica",NA
"Mirafra williamsi","Passeriformes","Alaudidae","Mirafra","williamsi",0
"Mirafra javanica","Passeriformes","Alaudidae","Mirafra","javanica",1
"Mirafra cheniana","Passeriformes","Alaudidae","Mirafra","cheniana",NA
"Mirafra albicauda","Passeriformes","Alaudidae","Mirafra","albicauda",NA
"Plocealauda microptera","Passeriformes","Alaudidae","Mirafra","microptera",NA
"Plocealauda erythrocephala","Passeriformes","Alaudidae","Mirafra","erythrocephala",NA
"Plocealauda affinis","Passeriformes","Alaudidae","Mirafra","affinis",NA
"Plocealauda erythroptera","Passeriformes","Alaudidae","Mirafra","erythroptera",NA
"Plocealauda assamica","Passeriformes","Alaudidae","Mirafra","assamica",NA
"Amirafra collaris","Passeriformes","Alaudidae","Mirafra","collaris",NA
"Amirafra angolensis","Passeriformes","Alaudidae","Mirafra","angolensis",NA
"Amirafra rufocinnamomea","Passeriformes","Alaudidae","Mirafra","rufocinnamomea",NA
"Corypha apiata","Passeriformes","Alaudidae","Mirafra","apiata",NA
"Corypha fasciolata","Passeriformes","Alaudidae","Mirafra","fasciolata",NA
"Corypha kidepoensis","Passeriformes","Alaudidae","Corypha","kidepoensis",NA
"Corypha hypermetra","Passeriformes","Alaudidae","Mirafra","hypermetra",NA
"Corypha kurrae","Passeriformes","Alaudidae","Corypha","kurrae",NA
"Corypha africana","Passeriformes","Alaudidae","Mirafra","africana",NA
"Corypha athi","Passeriformes","Alaudidae","Corypha","athi",NA
"Corypha kabalii","Passeriformes","Alaudidae","Corypha","kabalii",NA
"Corypha nigrescens","Passeriformes","Alaudidae","Corypha","nigrescens",NA
"Corypha sharpii","Passeriformes","Alaudidae","Mirafra","sharpii",NA
"Corypha somalica","Passeriformes","Alaudidae","Mirafra","somalica",0
"Lullula arborea","Passeriformes","Alaudidae","Lullula","arborea",1
"Spizocorys obbiensis","Passeriformes","Alaudidae","Spizocorys","obbiensis",NA
"Spizocorys sclateri","Passeriformes","Alaudidae","Spizocorys","sclateri",1
"Spizocorys starki","Passeriformes","Alaudidae","Spizocorys","starki",1
"Spizocorys fremantlii","Passeriformes","Alaudidae","Spizocorys","fremantlii",1
"Spizocorys personata","Passeriformes","Alaudidae","Spizocorys","personata",NA
"Spizocorys fringillaris","Passeriformes","Alaudidae","Spizocorys","fringillaris",1
"Spizocorys conirostris","Passeriformes","Alaudidae","Spizocorys","conirostris",1
"Alauda leucoptera","Passeriformes","Alaudidae","Alauda","leucoptera",1
"Alauda razae","Passeriformes","Alaudidae","Alauda","razae",NA
"Alauda gulgula","Passeriformes","Alaudidae","Alauda","gulgula",0
"Alauda arvensis","Passeriformes","Alaudidae","Alauda","arvensis",1
"Galerida deva","Passeriformes","Alaudidae","Galerida","deva",1
"Galerida modesta","Passeriformes","Alaudidae","Galerida","modesta",1
"Galerida magnirostris","Passeriformes","Alaudidae","Galerida","magnirostris",0
"Galerida theklae","Passeriformes","Alaudidae","Galerida","theklae",1
"Galerida cristata","Passeriformes","Alaudidae","Galerida","cristata",1
"Galerida malabarica","Passeriformes","Alaudidae","Galerida","malabarica",1
"Galerida macrorhyncha","Passeriformes","Alaudidae","Galerida","macrorhyncha",0
"Eremophila alpestris","Passeriformes","Alaudidae","Eremophila","alpestris",NA
"Eremophila bilopha","Passeriformes","Alaudidae","Eremophila","bilopha",1
"Calandrella acutirostris","Passeriformes","Alaudidae","Calandrella","acutirostris",1
"Calandrella dukhunensis","Passeriformes","Alaudidae","Calandrella","dukhunensis",NA
"Calandrella blanfordi","Passeriformes","Alaudidae","Calandrella","blanfordi",NA
"Calandrella eremica","Passeriformes","Alaudidae","Calandrella","eremica",NA
"Calandrella cinerea","Passeriformes","Alaudidae","Calandrella","cinerea",1
"Calandrella brachydactyla","Passeriformes","Alaudidae","Calandrella","brachydactyla",NA
"Melanocorypha bimaculata","Passeriformes","Alaudidae","Melanocorypha","bimaculata",1
"Melanocorypha calandra","Passeriformes","Alaudidae","Melanocorypha","calandra",1
"Melanocorypha yeltoniensis","Passeriformes","Alaudidae","Melanocorypha","yeltoniensis",1
"Melanocorypha mongolica","Passeriformes","Alaudidae","Melanocorypha","mongolica",NA
"Melanocorypha maxima","Passeriformes","Alaudidae","Melanocorypha","maxima",NA
"Chersophilus duponti","Passeriformes","Alaudidae","Chersophilus","duponti",1
"Eremalauda dunni","Passeriformes","Alaudidae","Eremalauda","dunni",1
"Eremalauda eremodites","Passeriformes","Alaudidae","Eremalauda","eremodites",0
"Alaudala cheleensis","Passeriformes","Alaudidae","Alaudala","cheleensis",NA
"Alaudala somalica","Passeriformes","Alaudidae","Alaudala","somalica",1
"Alaudala rufescens","Passeriformes","Alaudidae","Alaudala","rufescens",0
"Alaudala heinei","Passeriformes","Alaudidae","Alaudala","heinei",NA
"Alaudala raytal","Passeriformes","Alaudidae","Alaudala","raytal",0
"Andropadus importunus","Passeriformes","Pycnonotidae","Andropadus","importunus",0
"Stelgidillas gracilirostris","Passeriformes","Pycnonotidae","Stelgidillas","gracilirostris",1
"Calyptocichla serinus","Passeriformes","Pycnonotidae","Calyptocichla","serinus",1
"Neolestes torquatus","Passeriformes","Pycnonotidae","Neolestes","torquatus",1
"Bleda syndactylus","Passeriformes","Pycnonotidae","Bleda","syndactylus",0
"Bleda eximius","Passeriformes","Pycnonotidae","Bleda","eximius",0
"Bleda canicapillus","Passeriformes","Pycnonotidae","Bleda","canicapillus",0
"Bleda notatus","Passeriformes","Pycnonotidae","Bleda","notatus",0
"Bleda ugandae","Passeriformes","Pycnonotidae","Bleda","ugandae",NA
"Atimastillas flavicollis","Passeriformes","Pycnonotidae","Atimastillas","flavicollis",0
"Atimastillas flavigula","Passeriformes","Pycnonotidae","Atimastillas","flavigula",NA
"Ixonotus guttatus","Passeriformes","Pycnonotidae","Ixonotus","guttatus",1
"Thescelocichla leucopleura","Passeriformes","Pycnonotidae","Thescelocichla","leucopleura",1
"Chlorocichla laetissima","Passeriformes","Pycnonotidae","Chlorocichla","laetissima",1
"Chlorocichla prigoginei","Passeriformes","Pycnonotidae","Chlorocichla","prigoginei",NA
"Chlorocichla falkensteini","Passeriformes","Pycnonotidae","Chlorocichla","falkensteini",0
"Chlorocichla flaviventris","Passeriformes","Pycnonotidae","Chlorocichla","flaviventris",1
"Chlorocichla simplex","Passeriformes","Pycnonotidae","Chlorocichla","simplex",0
"Baeopogon indicator","Passeriformes","Pycnonotidae","Baeopogon","indicator",1
"Baeopogon clamans","Passeriformes","Pycnonotidae","Baeopogon","clamans",1
"Arizelocichla montana","Passeriformes","Pycnonotidae","Arizelocichla","montana",0
"Arizelocichla tephrolaema","Passeriformes","Pycnonotidae","Arizelocichla","tephrolaema",1
"Arizelocichla kakamegae","Passeriformes","Pycnonotidae","Arizelocichla","kakamegae",NA
"Arizelocichla masukuensis","Passeriformes","Pycnonotidae","Arizelocichla","masukuensis",0
"Arizelocichla neumanni","Passeriformes","Pycnonotidae","Arizelocichla","neumanni",NA
"Arizelocichla fusciceps","Passeriformes","Pycnonotidae","Arizelocichla","fusciceps",NA
"Arizelocichla chlorigula","Passeriformes","Pycnonotidae","Arizelocichla","chlorigula",NA
"Arizelocichla kikuyuensis","Passeriformes","Pycnonotidae","Arizelocichla","kikuyuensis",NA
"Arizelocichla nigriceps","Passeriformes","Pycnonotidae","Arizelocichla","nigriceps",1
"Arizelocichla striifacies","Passeriformes","Pycnonotidae","Arizelocichla","striifacies",0
"Arizelocichla milanjensis","Passeriformes","Pycnonotidae","Arizelocichla","milanjensis",1
"Criniger barbatus","Passeriformes","Pycnonotidae","Criniger","barbatus",1
"Criniger chloronotus","Passeriformes","Pycnonotidae","Criniger","chloronotus",0
"Criniger calurus","Passeriformes","Pycnonotidae","Criniger","calurus",1
"Criniger ndussumensis","Passeriformes","Pycnonotidae","Criniger","ndussumensis",0
"Criniger olivaceus","Passeriformes","Pycnonotidae","Criniger","olivaceus",0
"Eurillas virens","Passeriformes","Pycnonotidae","Eurillas","virens",0
"Eurillas latirostris","Passeriformes","Pycnonotidae","Eurillas","latirostris",0
"Eurillas curvirostris","Passeriformes","Pycnonotidae","Eurillas","curvirostris",1
"Eurillas gracilis","Passeriformes","Pycnonotidae","Eurillas","gracilis",1
"Eurillas ansorgei","Passeriformes","Pycnonotidae","Eurillas","ansorgei",0
"Phyllastrephus debilis","Passeriformes","Pycnonotidae","Phyllastrephus","debilis",1
"Phyllastrephus albigula","Passeriformes","Pycnonotidae","Phyllastrephus","albigula",1
"Phyllastrephus albigularis","Passeriformes","Pycnonotidae","Phyllastrephus","albigularis",0
"Phyllastrephus viridiceps","Passeriformes","Pycnonotidae","Phyllastrephus","viridiceps",NA
"Phyllastrephus xavieri","Passeriformes","Pycnonotidae","Phyllastrephus","xavieri",1
"Phyllastrephus icterinus","Passeriformes","Pycnonotidae","Phyllastrephus","icterinus",0
"Phyllastrephus terrestris","Passeriformes","Pycnonotidae","Phyllastrephus","terrestris",1
"Phyllastrephus poensis","Passeriformes","Pycnonotidae","Phyllastrephus","poensis",1
"Phyllastrephus strepitans","Passeriformes","Pycnonotidae","Phyllastrephus","strepitans",1
"Phyllastrephus cerviniventris","Passeriformes","Pycnonotidae","Phyllastrephus","cerviniventris",1
"Phyllastrephus fischeri","Passeriformes","Pycnonotidae","Phyllastrephus","fischeri",1
"Phyllastrephus cabanisi","Passeriformes","Pycnonotidae","Phyllastrephus","cabanisi",1
"Phyllastrephus scandens","Passeriformes","Pycnonotidae","Pyrrhurus","scandens",1
"Phyllastrephus lorenzi","Passeriformes","Pycnonotidae","Phyllastrephus","lorenzi",NA
"Phyllastrephus flavostriatus","Passeriformes","Pycnonotidae","Phyllastrephus","flavostriatus",0
"Phyllastrephus alfredi","Passeriformes","Pycnonotidae","Phyllastrephus","alfredi",NA
"Phyllastrephus poliocephalus","Passeriformes","Pycnonotidae","Phyllastrephus","poliocephalus",1
"Phyllastrephus hypochloris","Passeriformes","Pycnonotidae","Phyllastrephus","hypochloris",1
"Phyllastrephus baumanni","Passeriformes","Pycnonotidae","Phyllastrephus","baumanni",1
"Phyllastrephus fulviventris","Passeriformes","Pycnonotidae","Phyllastrephus","fulviventris",NA
"Tricholestes criniger","Passeriformes","Pycnonotidae","Tricholestes","criniger",0
"Setornis criniger","Passeriformes","Pycnonotidae","Setornis","criniger",1
"Alophoixus phaeocephalus","Passeriformes","Pycnonotidae","Alophoixus","phaeocephalus",1
"Alophoixus frater","Passeriformes","Pycnonotidae","Alophoixus","frater",NA
"Alophoixus tephrogenys","Passeriformes","Pycnonotidae","Alophoixus","tephrogenys",NA
"Alophoixus ruficrissus","Passeriformes","Pycnonotidae","Alophoixus","ruficrissus",NA
"Alophoixus bres","Passeriformes","Pycnonotidae","Alophoixus","bres",1
"Alophoixus flaveolus","Passeriformes","Pycnonotidae","Alophoixus","flaveolus",1
"Alophoixus ochraceus","Passeriformes","Pycnonotidae","Alophoixus","ochraceus",1
"Alophoixus pallidus","Passeriformes","Pycnonotidae","Alophoixus","pallidus",0
NA,"Passeriformes",NA,"Alophoixus","griseiceps",NA
"Alcurus striatus","Passeriformes","Pycnonotidae","Alcurus","striatus",1
"Iole finschii","Passeriformes","Pycnonotidae","Iole","finschii",1
"Iole palawanensis","Passeriformes","Pycnonotidae","Iole","palawanensis",0
"Iole viridescens","Passeriformes","Pycnonotidae","Iole","viridescens",0
"Iole crypta","Passeriformes","Pycnonotidae","Iole","crypta",NA
"Iole charlottae","Passeriformes","Pycnonotidae","Iole","charlottae",NA
"Iole cacharensis","Passeriformes","Pycnonotidae","Iole","cacharensis",NA
"Iole propinqua","Passeriformes","Pycnonotidae","Iole","propinqua",0
"Hemixos flavala","Passeriformes","Pycnonotidae","Hemixos","flavala",1
"Hemixos cinereus","Passeriformes","Pycnonotidae","Hemixos","cinereus",NA
NA,"Passeriformes",NA,"Hemixos","connectens",NA
"Hemixos castanonotus","Passeriformes","Pycnonotidae","Hemixos","castanonotus",1
"Acritillas indica","Passeriformes","Pycnonotidae","Acritillas","indica",NA
"Ixos leucogrammicus","Passeriformes","Pycnonotidae","Hemixos","leucogrammicus",1
"Ixos sumatranus","Passeriformes","Pycnonotidae","Ixos","sumatranus",0
"Ixos virescens","Passeriformes","Pycnonotidae","Ixos","virescens",0
"Ixos malaccensis","Passeriformes","Pycnonotidae","Ixos","malaccensis",1
"Ixos mcclellandii","Passeriformes","Pycnonotidae","Ixos","mcclellandii",0
"Hypsipetes nicobariensis","Passeriformes","Pycnonotidae","Ixos","nicobariensis",0
"Hypsipetes philippinus","Passeriformes","Pycnonotidae","Hypsipetes","philippinus",0
"Hypsipetes mindorensis","Passeriformes","Pycnonotidae","Hypsipetes","mindorensis",NA
"Hypsipetes siquijorensis","Passeriformes","Pycnonotidae","Hypsipetes","siquijorensis",0
"Hypsipetes affinis","Passeriformes","Pycnonotidae","Hypsipetes","affinis",NA
"Hypsipetes platenae","Passeriformes","Pycnonotidae","Hypsipetes","platenae",NA
"Hypsipetes aureus","Passeriformes","Pycnonotidae","Hypsipetes","aureus",NA
"Hypsipetes harterti","Passeriformes","Pycnonotidae","Hypsipetes","harterti",0
"Hypsipetes longirostris","Passeriformes","Pycnonotidae","Hypsipetes","longirostris",0
"Hypsipetes chloris","Passeriformes","Pycnonotidae","Hypsipetes","chloris",NA
"Hypsipetes lucasi","Passeriformes","Pycnonotidae","Hypsipetes","lucasi",NA
"Hypsipetes mysticalis","Passeriformes","Pycnonotidae","Hypsipetes","mysticalis",NA
"Hypsipetes guimarasensis","Passeriformes","Pycnonotidae","Hypsipetes","guimarasensis",NA
"Hypsipetes everetti","Passeriformes","Pycnonotidae","Hypsipetes","everetti",0
NA,"Passeriformes",NA,"Hypsipetes","haynaldi",NA
"Hypsipetes catarmanensis","Passeriformes","Pycnonotidae","Hypsipetes","catarmanensis",NA
"Hypsipetes rufigularis","Passeriformes","Pycnonotidae","Hypsipetes","rufigularis",1
"Hypsipetes amaurotis","Passeriformes","Pycnonotidae","Hypsipetes","amaurotis",1
"Hypsipetes borbonicus","Passeriformes","Pycnonotidae","Hypsipetes","borbonicus",0
"Hypsipetes madagascariensis","Passeriformes","Pycnonotidae","Hypsipetes","madagascariensis",1
"Hypsipetes olivaceus","Passeriformes","Pycnonotidae","Hypsipetes","olivaceus",0
"Hypsipetes thompsoni","Passeriformes","Pycnonotidae","Hypsipetes","thompsoni",1
"Hypsipetes leucocephalus","Passeriformes","Pycnonotidae","Hypsipetes","leucocephalus",1
"Hypsipetes ganeesa","Passeriformes","Pycnonotidae","Hypsipetes","ganeesa",NA
"Hypsipetes parvirostris","Passeriformes","Pycnonotidae","Hypsipetes","parvirostris",NA
"Hypsipetes moheliensis","Passeriformes","Pycnonotidae","Hypsipetes","moheliensis",NA
"Hypsipetes crassirostris","Passeriformes","Pycnonotidae","Hypsipetes","crassirostris",1
"Euptilotus eutilotus","Passeriformes","Pycnonotidae","Euptilotus","eutilotus",0
"Microtarsus melanoleucos","Passeriformes","Pycnonotidae","Microtarsus","melanoleucos",1
"Poliolophus urostictus","Passeriformes","Pycnonotidae","Poliolophus","urostictus",0
"Brachypodius priocephalus","Passeriformes","Pycnonotidae","Brachypodius","priocephalus",0
"Brachypodius melanocephalos","Passeriformes","Pycnonotidae","Brachypodius","atriceps",1
"Brachypodius fuscoflavescens","Passeriformes","Pycnonotidae","Brachypodius","fuscoflavescens",NA
"Brachypodius nieuwenhuisii","Passeriformes","Pycnonotidae","Pycnonotus","nieuwenhuisii",NA
"Ixodia erythropthalmos","Passeriformes","Pycnonotidae","Ixidia","erythropthalmos",0
"Ixodia cyaniventris","Passeriformes","Pycnonotidae","Ixidia","cyaniventris",NA
"Ixodia squamata","Passeriformes","Pycnonotidae","Ixidia","squamata",1
"Rubigula flaviventris","Passeriformes","Pycnonotidae","Rubigula","flaviventris",NA
"Rubigula gularis","Passeriformes","Pycnonotidae","Rubigula","gularis",NA
"Rubigula melanictera","Passeriformes","Pycnonotidae","Rubigula","melanictera",1
"Rubigula dispar","Passeriformes","Pycnonotidae","Rubigula","dispar",NA
"Rubigula montis","Passeriformes","Pycnonotidae","Rubigula","montis",NA
"Nok hualon","Passeriformes","Pycnonotidae","Nok","hualon",1
"Spizixos canifrons","Passeriformes","Pycnonotidae","Spizixos","canifrons",1
"Spizixos semitorques","Passeriformes","Pycnonotidae","Spizixos","semitorques",1
"Pycnonotus simplex","Passeriformes","Pycnonotidae","Pycnonotus","simplex",0
"Pycnonotus plumosus","Passeriformes","Pycnonotidae","Pycnonotus","plumosus",0
"Pycnonotus brunneus","Passeriformes","Pycnonotidae","Pycnonotus","brunneus",1
"Pycnonotus zeylanicus","Passeriformes","Pycnonotidae","Pycnonotus","zeylanicus",0
"Pycnonotus tympanistrigus","Passeriformes","Pycnonotidae","Pycnonotus","tympanistrigus",0
"Pycnonotus pseudosimplex","Passeriformes","Pycnonotidae","Pycnonotus","pseudosimplex",NA
"Pycnonotus cinereifrons","Passeriformes","Pycnonotidae","Pycnonotus","cinereifrons",NA
"Pycnonotus luteolus","Passeriformes","Pycnonotidae","Pycnonotus","luteolus",0
"Pycnonotus blanfordi","Passeriformes","Pycnonotidae","Pycnonotus","blanfordi",1
"Pycnonotus conradi","Passeriformes","Pycnonotidae","Pycnonotus","conradi",0
"Pycnonotus davisoni","Passeriformes","Pycnonotidae","Pycnonotus","davisoni",1
"Pycnonotus finlaysoni","Passeriformes","Pycnonotidae","Pycnonotus","finlaysoni",0
"Pycnonotus flavescens","Passeriformes","Pycnonotidae","Pycnonotus","flavescens",1
"Pycnonotus snouckaerti","Passeriformes","Pycnonotidae","Pycnonotus","snouckaerti",NA
"Pycnonotus bimaculatus","Passeriformes","Pycnonotidae","Pycnonotus","bimaculatus",NA
"Pycnonotus leucops","Passeriformes","Pycnonotidae","Pycnonotus","leucops",1
"Pycnonotus xantholaemus","Passeriformes","Pycnonotidae","Pycnonotus","xantholaemus",1
"Pycnonotus penicillatus","Passeriformes","Pycnonotidae","Pycnonotus","penicillatus",1
"Pycnonotus xanthorrhous","Passeriformes","Pycnonotidae","Pycnonotus","xanthorrhous",NA
"Pycnonotus sinensis","Passeriformes","Pycnonotidae","Pycnonotus","sinensis",NA
"Pycnonotus taivanus","Passeriformes","Pycnonotidae","Pycnonotus","taivanus",1
"Pycnonotus jocosus","Passeriformes","Pycnonotidae","Pycnonotus","jocosus",1
"Pycnonotus goiavier","Passeriformes","Pycnonotidae","Pycnonotus","goiavier",0
"Pycnonotus cafer","Passeriformes","Pycnonotidae","Pycnonotus","cafer",1
"Pycnonotus aurigaster","Passeriformes","Pycnonotidae","Pycnonotus","aurigaster",1
"Pycnonotus leucotis","Passeriformes","Pycnonotidae","Pycnonotus","leucotis",1
"Pycnonotus leucogenys","Passeriformes","Pycnonotidae","Pycnonotus","leucogenys",1
"Pycnonotus xanthopygos","Passeriformes","Pycnonotidae","Pycnonotus","xanthopygos",1
"Pycnonotus nigricans","Passeriformes","Pycnonotidae","Pycnonotus","nigricans",1
"Pycnonotus barbatus","Passeriformes","Pycnonotidae","Pycnonotus","barbatus",1
"Pycnonotus capensis","Passeriformes","Pycnonotidae","Pycnonotus","capensis",1
"Pseudochelidon eurystomina","Passeriformes","Hirundinidae","Pseudochelidon","eurystomina",0
"Pseudochelidon sirintarae","Passeriformes","Hirundinidae","Eurochelidon","sirintarae",1
"Psalidoprocne nitens","Passeriformes","Hirundinidae","Psalidoprocne","nitens",1
"Psalidoprocne albiceps","Passeriformes","Hirundinidae","Psalidoprocne","albiceps",1
"Psalidoprocne fuliginosa","Passeriformes","Hirundinidae","Psalidoprocne","fuliginosa",1
"Psalidoprocne pristoptera","Passeriformes","Hirundinidae","Psalidoprocne","pristoptera",1
"Psalidoprocne obscura","Passeriformes","Hirundinidae","Psalidoprocne","obscura",1
"Pseudhirundo griseopyga","Passeriformes","Hirundinidae","Pseudhirundo","griseopyga",1
"Cheramoeca leucosterna","Passeriformes","Hirundinidae","Cheramoeca","leucosterna",1
"Phedina borbonica","Passeriformes","Hirundinidae","Phedina","borbonica",1
"Neophedina cincta","Passeriformes","Hirundinidae","Neophedina","cincta",1
"Phedinopsis brazzae","Passeriformes","Hirundinidae","Phedinopsis","brazzae",1
"Riparia paludicola","Passeriformes","Hirundinidae","Riparia","paludicola",1
"Riparia cowani","Passeriformes","Hirundinidae","Riparia","cowani",0
"Riparia chinensis","Passeriformes","Hirundinidae","Riparia","chinensis",NA
"Riparia congica","Passeriformes","Hirundinidae","Riparia","congica",0
"Riparia riparia","Passeriformes","Hirundinidae","Riparia","riparia",0
"Riparia diluta","Passeriformes","Hirundinidae","Riparia","diluta",0
"Tachycineta bicolor","Passeriformes","Hirundinidae","Tachycineta","bicolor",1
"Tachycineta leucorrhoa","Passeriformes","Hirundinidae","Tachycineta","leucorrhoa",0
"Tachycineta leucopyga","Passeriformes","Hirundinidae","Tachycineta","meyeni",1
"Tachycineta stolzmanni","Passeriformes","Hirundinidae","Tachycineta","stolzmanni",0
"Tachycineta albilinea","Passeriformes","Hirundinidae","Tachycineta","albilinea",0
"Tachycineta albiventer","Passeriformes","Hirundinidae","Tachycineta","albiventer",1
"Tachycineta euchrysea","Passeriformes","Hirundinidae","Tachycineta","euchrysea",1
"Tachycineta cyaneoviridis","Passeriformes","Hirundinidae","Tachycineta","cyaneoviridis",1
"Tachycineta thalassina","Passeriformes","Hirundinidae","Tachycineta","thalassina",1
"Progne tapera","Passeriformes","Hirundinidae","Progne","tapera",1
"Progne murphyi","Passeriformes","Hirundinidae","Progne","murphyi",NA
"Progne modesta","Passeriformes","Hirundinidae","Progne","modesta",1
"Progne subis","Passeriformes","Hirundinidae","Progne","subis",1
"Progne elegans","Passeriformes","Hirundinidae","Progne","elegans",1
"Progne chalybea","Passeriformes","Hirundinidae","Progne","chalybea",1
"Progne sinaloae","Passeriformes","Hirundinidae","Progne","sinaloae",1
"Progne cryptoleuca","Passeriformes","Hirundinidae","Progne","cryptoleuca",1
"Progne dominicensis","Passeriformes","Hirundinidae","Progne","dominicensis",0
"Stelgidopteryx serripennis","Passeriformes","Hirundinidae","Stelgidopteryx","serripennis",1
NA,"Passeriformes",NA,"Stelgidopteryx","ridgwayi",NA
"Stelgidopteryx ruficollis","Passeriformes","Hirundinidae","Stelgidopteryx","ruficollis",1
"Atticora fasciata","Passeriformes","Hirundinidae","Atticora","fasciata",1
"Atticora pileata","Passeriformes","Hirundinidae","Atticora","pileata",1
"Atticora tibialis","Passeriformes","Hirundinidae","Atticora","tibialis",1
"Pygochelidon cyanoleuca","Passeriformes","Hirundinidae","Pygochelidon","cyanoleuca",1
"Pygochelidon melanoleuca","Passeriformes","Hirundinidae","Pygochelidon","melanoleuca",1
"Alopochelidon fucata","Passeriformes","Hirundinidae","Alopochelidon","fucata",1
"Orochelidon flavipes","Passeriformes","Hirundinidae","Orochelidon","flavipes",1
"Orochelidon murina","Passeriformes","Hirundinidae","Orochelidon","murina",1
"Orochelidon andecola","Passeriformes","Hirundinidae","Orochelidon","andecola",1
"Ptyonoprogne rupestris","Passeriformes","Hirundinidae","Ptyonoprogne","rupestris",1
"Ptyonoprogne obsoleta","Passeriformes","Hirundinidae","Ptyonoprogne","obsoleta",1
"Ptyonoprogne rufigula","Passeriformes","Hirundinidae","Ptyonoprogne","rufigula",1
"Ptyonoprogne fuligula","Passeriformes","Hirundinidae","Ptyonoprogne","fuligula",1
"Ptyonoprogne concolor","Passeriformes","Hirundinidae","Ptyonoprogne","concolor",1
"Hirundo atrocaerulea","Passeriformes","Hirundinidae","Hirundo","atrocaerulea",1
"Hirundo nigrorufa","Passeriformes","Hirundinidae","Hirundo","nigrorufa",1
"Hirundo dimidiata","Passeriformes","Hirundinidae","Hirundo","dimidiata",1
"Hirundo domicola","Passeriformes","Hirundinidae","Hirundo","domicola",1
"Hirundo javanica","Passeriformes","Hirundinidae","Hirundo","javanica",0
"Hirundo tahitica","Passeriformes","Hirundinidae","Hirundo","tahitica",1
"Hirundo leucosoma","Passeriformes","Hirundinidae","Hirundo","leucosoma",1
"Hirundo megaensis","Passeriformes","Hirundinidae","Hirundo","megaensis",NA
"Hirundo neoxena","Passeriformes","Hirundinidae","Hirundo","neoxena",1
"Hirundo rustica","Passeriformes","Hirundinidae","Hirundo","rustica",1
"Hirundo lucida","Passeriformes","Hirundinidae","Hirundo","lucida",1
"Hirundo aethiopica","Passeriformes","Hirundinidae","Hirundo","aethiopica",1
"Hirundo angolensis","Passeriformes","Hirundinidae","Hirundo","angolensis",1
"Hirundo nigrita","Passeriformes","Hirundinidae","Hirundo","nigrita",1
"Hirundo albigularis","Passeriformes","Hirundinidae","Hirundo","albigularis",1
"Hirundo smithii","Passeriformes","Hirundinidae","Hirundo","smithii",1
"Atronanus fuliginosus","Passeriformes","Hirundinidae","Atronanus","fuliginosus",1
"Delichon urbicum","Passeriformes","Hirundinidae","Delichon","urbicum",1
"Delichon lagopodum","Passeriformes","Hirundinidae","Delichon","lagopodum",0
"Delichon dasypus","Passeriformes","Hirundinidae","Delichon","dasypus",0
"Delichon nipalense","Passeriformes","Hirundinidae","Delichon","nipalense",1
"Cecropis cucullata","Passeriformes","Hirundinidae","Cecropis","cucullata",0
"Cecropis rufula","Passeriformes","Hirundinidae","Cecropis","rufula",1
"Cecropis daurica","Passeriformes","Hirundinidae","Cecropis","daurica",1
"Cecropis melanocrissus","Passeriformes","Hirundinidae","Cecropis","melanocrissus",1
"Cecropis hyperythra","Passeriformes","Hirundinidae","Cecropis","hyperythra",0
"Cecropis badia","Passeriformes","Hirundinidae","Cecropis","badia",0
"Cecropis abyssinica","Passeriformes","Hirundinidae","Cecropis","abyssinica",1
"Cecropis semirufa","Passeriformes","Hirundinidae","Cecropis","semirufa",1
"Cecropis senegalensis","Passeriformes","Hirundinidae","Cecropis","senegalensis",1
"Petrochelidon rufigula","Passeriformes","Hirundinidae","Petrochelidon","rufigula",0
"Petrochelidon preussi","Passeriformes","Hirundinidae","Petrochelidon","preussi",0
"Petrochelidon perdita","Passeriformes","Hirundinidae","Petrochelidon","perdita",NA
"Petrochelidon spilodera","Passeriformes","Hirundinidae","Petrochelidon","spilodera",1
"Petrochelidon fluvicola","Passeriformes","Hirundinidae","Petrochelidon","fluvicola",0
"Petrochelidon ariel","Passeriformes","Hirundinidae","Petrochelidon","ariel",0
"Petrochelidon nigricans","Passeriformes","Hirundinidae","Petrochelidon","nigricans",1
"Petrochelidon pyrrhonota","Passeriformes","Hirundinidae","Petrochelidon","pyrrhonota",0
"Petrochelidon fulva","Passeriformes","Hirundinidae","Petrochelidon","fulva",0
"Petrochelidon rufocollaris","Passeriformes","Hirundinidae","Petrochelidon","rufocollaris",0
"Pnoepyga albiventer","Passeriformes","Pnoepygidae","Pnoepyga","albiventer",0
"Pnoepyga formosana","Passeriformes","Pnoepygidae","Pnoepyga","formosana",NA
"Pnoepyga immaculata","Passeriformes","Pnoepygidae","Pnoepyga","immaculata",NA
"Pnoepyga pusilla","Passeriformes","Pnoepygidae","Pnoepyga","pusilla",NA
"Melocichla mentalis","Passeriformes","Macrosphenidae","Melocichla","mentalis",0
"Sphenoeacus afer","Passeriformes","Macrosphenidae","Sphenoeacus","afer",NA
"Achaetops pycnopygius","Passeriformes","Macrosphenidae","Achaetops","pycnopygius",NA
"Macrosphenus flavicans","Passeriformes","Macrosphenidae","Macrosphenus","flavicans",0
"Macrosphenus kempi","Passeriformes","Macrosphenidae","Macrosphenus","kempi",0
"Macrosphenus concolor","Passeriformes","Macrosphenidae","Macrosphenus","concolor",0
"Macrosphenus pulitzeri","Passeriformes","Macrosphenidae","Macrosphenus","pulitzeri",NA
"Macrosphenus kretschmeri","Passeriformes","Macrosphenidae","Macrosphenus","kretschmeri",1
"Sylvietta brachyura","Passeriformes","Macrosphenidae","Sylvietta","brachyura",0
NA,"Passeriformes",NA,"Sylvietta","leucopsis",NA
"Sylvietta whytii","Passeriformes","Macrosphenidae","Sylvietta","whytii",0
"Sylvietta philippae","Passeriformes","Macrosphenidae","Sylvietta","philippae",1
"Sylvietta rufescens","Passeriformes","Macrosphenidae","Sylvietta","rufescens",0
"Sylvietta isabellina","Passeriformes","Macrosphenidae","Sylvietta","isabellina",0
"Sylvietta ruficapilla","Passeriformes","Macrosphenidae","Sylvietta","ruficapilla",NA
"Sylvietta virens","Passeriformes","Macrosphenidae","Sylvietta","virens",0
"Sylvietta denti","Passeriformes","Macrosphenidae","Sylvietta","denti",0
"Sylvietta leucophrys","Passeriformes","Macrosphenidae","Sylvietta","leucophrys",NA
NA,"Passeriformes",NA,"Sylvietta","chapini",NA
"Cryptillas victorini","Passeriformes","Macrosphenidae","Cryptillas","victorini",0
"Abroscopus superciliaris","Passeriformes","Cettiidae","Abroscopus","superciliaris",1
"Abroscopus albogularis","Passeriformes","Cettiidae","Abroscopus","albogularis",NA
"Abroscopus schisticeps","Passeriformes","Cettiidae","Abroscopus","schisticeps",1
"Phyllergates cucullatus","Passeriformes","Cettiidae","Phyllergates","cucullatus",0
"Phyllergates heterolaemus","Passeriformes","Cettiidae","Phyllergates","heterolaemus",0
"Tickellia hodgsoni","Passeriformes","Cettiidae","Tickellia","hodgsoni",1
"Horornis seebohmi","Passeriformes","Cettiidae","Horornis","seebohmi",0
"Horornis diphone","Passeriformes","Cettiidae","Horornis","diphone",0
"Horornis canturians","Passeriformes","Cettiidae","Horornis","canturians",NA
"Horornis annae","Passeriformes","Cettiidae","Horornis","annae",0
"Horornis carolinae","Passeriformes","Cettiidae","Horornis","carolinae",0
"Horornis parens","Passeriformes","Cettiidae","Horornis","parens",NA
"Horornis haddeni","Passeriformes","Cettiidae","Horornis","haddeni",NA
"Horornis ruficapilla","Passeriformes","Cettiidae","Horornis","ruficapilla",NA
"Horornis fortipes","Passeriformes","Cettiidae","Horornis","fortipes",0
"Horornis brunnescens","Passeriformes","Cettiidae","Horornis","brunnescens",NA
"Horornis acanthizoides","Passeriformes","Cettiidae","Horornis","acanthizoides",NA
"Horornis flavolivaceus","Passeriformes","Cettiidae","Horornis","flavolivaceus",NA
"Tesia cyaniventer","Passeriformes","Cettiidae","Tesia","cyaniventer",NA
"Tesia olivea","Passeriformes","Cettiidae","Tesia","olivea",NA
"Tesia everetti","Passeriformes","Cettiidae","Tesia","everetti",0
"Tesia superciliaris","Passeriformes","Cettiidae","Tesia","superciliaris",NA
"Cettia cetti","Passeriformes","Cettiidae","Cettia","cetti",NA
"Cettia major","Passeriformes","Cettiidae","Cettia","major",NA
"Cettia brunnifrons","Passeriformes","Cettiidae","Cettia","brunnifrons",NA
"Cettia castaneocoronata","Passeriformes","Cettiidae","Cettia","castaneocoronata",0
"Urosphena squameiceps","Passeriformes","Cettiidae","Urosphena","squameiceps",0
"Urosphena whiteheadi","Passeriformes","Cettiidae","Urosphena","whiteheadi",0
"Urosphena subulata","Passeriformes","Cettiidae","Urosphena","subulata",0
"Hemitesia pallidipes","Passeriformes","Cettiidae","Hemitesia","pallidipes",NA
"Hemitesia neumanni","Passeriformes","Cettiidae","Hemitesia","neumanni",0
"Scotocerca inquieta","Passeriformes","Scotocercidae","Scotocerca","inquieta",1
"Erythrocercus holochlorus","Passeriformes","Erythrocercidae","Erythrocercus","holochlorus",0
"Erythrocercus mccallii","Passeriformes","Erythrocercidae","Erythrocercus","mccallii",1
"Erythrocercus livingstonei","Passeriformes","Erythrocercidae","Erythrocercus","livingstonei",0
"Hylia prasina","Passeriformes","Hyliidae","Hylia","prasina",0
"Pholidornis rushiae","Passeriformes","Hyliidae","Pholidornis","rushiae",1
"Leptopoecile sophiae","Passeriformes","Aegithalidae","Leptopoecile","sophiae",0
"Leptopoecile elegans","Passeriformes","Aegithalidae","Leptopoecile","elegans",NA
"Psaltriparus minimus","Passeriformes","Aegithalidae","Psaltriparus","minimus",0
"Aegithalos caudatus","Passeriformes","Aegithalidae","Aegithalos","caudatus",0
"Aegithalos glaucogularis","Passeriformes","Aegithalidae","Aegithalos","glaucogularis",NA
"Aegithalos leucogenys","Passeriformes","Aegithalidae","Aegithalos","leucogenys",NA
"Aegithalos exilis","Passeriformes","Aegithalidae","Psaltria","exilis",NA
"Aegithalos concinnus","Passeriformes","Aegithalidae","Aegithalos","concinnus",1
NA,"Passeriformes",NA,"Aegithalos","iredalei",NA
NA,"Passeriformes",NA,"Aegithalos","annamensis",1
"Aegithalos niveogularis","Passeriformes","Aegithalidae","Aegithalos","niveogularis",1
"Aegithalos iouschistos","Passeriformes","Aegithalidae","Aegithalos","iouschistos",1
"Aegithalos bonvaloti","Passeriformes","Aegithalidae","Aegithalos","bonvaloti",1
"Aegithalos fuliginosus","Passeriformes","Aegithalidae","Aegithalos","fuliginosus",1
"Phylloscopus sibilatrix","Passeriformes","Phylloscopidae","Phylloscopus","sibilatrix",0
"Phylloscopus bonelli","Passeriformes","Phylloscopidae","Phylloscopus","bonelli",0
"Phylloscopus orientalis","Passeriformes","Phylloscopidae","Phylloscopus","orientalis",NA
"Phylloscopus pulcher","Passeriformes","Phylloscopidae","Phylloscopus","pulcher",0
"Phylloscopus maculipennis","Passeriformes","Phylloscopidae","Phylloscopus","maculipennis",0
"Phylloscopus humei","Passeriformes","Phylloscopidae","Phylloscopus","humei",0
"Phylloscopus inornatus","Passeriformes","Phylloscopidae","Phylloscopus","inornatus",1
"Phylloscopus subviridis","Passeriformes","Phylloscopidae","Phylloscopus","subviridis",0
"Phylloscopus yunnanensis","Passeriformes","Phylloscopidae","Phylloscopus","yunnanensis",NA
"Phylloscopus chloronotus","Passeriformes","Phylloscopidae","Phylloscopus","chloronotus",NA
"Phylloscopus forresti","Passeriformes","Phylloscopidae","Phylloscopus","forresti",NA
"Phylloscopus kansuensis","Passeriformes","Phylloscopidae","Phylloscopus","kansuensis",NA
"Phylloscopus proregulus","Passeriformes","Phylloscopidae","Phylloscopus","proregulus",0
"Phylloscopus tytleri","Passeriformes","Phylloscopidae","Phylloscopus","tytleri",1
"Phylloscopus armandii","Passeriformes","Phylloscopidae","Phylloscopus","armandii",NA
"Phylloscopus schwarzi","Passeriformes","Phylloscopidae","Phylloscopus","schwarzi",NA
"Phylloscopus griseolus","Passeriformes","Phylloscopidae","Phylloscopus","griseolus",0
"Phylloscopus affinis","Passeriformes","Phylloscopidae","Phylloscopus","affinis",0
"Phylloscopus fuligiventer","Passeriformes","Phylloscopidae","Phylloscopus","fuligiventer",0
"Phylloscopus fuscatus","Passeriformes","Phylloscopidae","Phylloscopus","fuscatus",0
"Phylloscopus neglectus","Passeriformes","Phylloscopidae","Phylloscopus","neglectus",0
"Phylloscopus subaffinis","Passeriformes","Phylloscopidae","Phylloscopus","subaffinis",NA
"Phylloscopus trochilus","Passeriformes","Phylloscopidae","Phylloscopus","trochilus",1
"Phylloscopus sindianus","Passeriformes","Phylloscopidae","Phylloscopus","sindianus",1
"Phylloscopus canariensis","Passeriformes","Phylloscopidae","Phylloscopus","canariensis",NA
"Phylloscopus collybita","Passeriformes","Phylloscopidae","Phylloscopus","collybita",1
NA,"Passeriformes",NA,"Phylloscopus","tristis",1
"Phylloscopus ibericus","Passeriformes","Phylloscopidae","Phylloscopus","ibericus",NA
"Phylloscopus coronatus","Passeriformes","Phylloscopidae","Phylloscopus","coronatus",0
"Phylloscopus ijimae","Passeriformes","Phylloscopidae","Phylloscopus","ijimae",1
"Phylloscopus olivaceus","Passeriformes","Phylloscopidae","Phylloscopus","olivaceus",0
"Phylloscopus cebuensis","Passeriformes","Phylloscopidae","Phylloscopus","cebuensis",0
"Phylloscopus ruficapilla","Passeriformes","Phylloscopidae","Phylloscopus","ruficapilla",1
"Phylloscopus umbrovirens","Passeriformes","Phylloscopidae","Phylloscopus","umbrovirens",1
"Phylloscopus laetus","Passeriformes","Phylloscopidae","Phylloscopus","laetus",0
"Phylloscopus laurae","Passeriformes","Phylloscopidae","Phylloscopus","laurae",1
"Phylloscopus herberti","Passeriformes","Phylloscopidae","Phylloscopus","herberti",1
"Phylloscopus budongoensis","Passeriformes","Phylloscopidae","Phylloscopus","budongoensis",0
"Phylloscopus intermedius","Passeriformes","Phylloscopidae","Phylloscopus","intermedius",NA
"Phylloscopus poliogenys","Passeriformes","Phylloscopidae","Phylloscopus","poliogenys",NA
"Phylloscopus burkii","Passeriformes","Phylloscopidae","Phylloscopus","burkii",NA
"Phylloscopus tephrocephalus","Passeriformes","Phylloscopidae","Phylloscopus","tephrocephalus",NA
"Phylloscopus whistleri","Passeriformes","Phylloscopidae","Phylloscopus","whistleri",NA
"Phylloscopus valentini","Passeriformes","Phylloscopidae","Phylloscopus","valentini",NA
"Phylloscopus soror","Passeriformes","Phylloscopidae","Phylloscopus","soror",NA
"Phylloscopus omeiensis","Passeriformes","Phylloscopidae","Phylloscopus","omeiensis",NA
"Phylloscopus nitidus","Passeriformes","Phylloscopidae","Phylloscopus","nitidus",NA
"Phylloscopus plumbeitarsus","Passeriformes","Phylloscopidae","Phylloscopus","plumbeitarsus",NA
"Phylloscopus trochiloides","Passeriformes","Phylloscopidae","Phylloscopus","trochiloides",0
"Phylloscopus emeiensis","Passeriformes","Phylloscopidae","Phylloscopus","emeiensis",NA
"Phylloscopus magnirostris","Passeriformes","Phylloscopidae","Phylloscopus","magnirostris",0
"Phylloscopus borealoides","Passeriformes","Phylloscopidae","Phylloscopus","borealoides",NA
"Phylloscopus tenellipes","Passeriformes","Phylloscopidae","Phylloscopus","tenellipes",NA
"Phylloscopus xanthodryas","Passeriformes","Phylloscopidae","Phylloscopus","xanthodryas",NA
"Phylloscopus examinandus","Passeriformes","Phylloscopidae","Phylloscopus","examinandus",NA
"Phylloscopus borealis","Passeriformes","Phylloscopidae","Phylloscopus","borealis",0
"Phylloscopus castaniceps","Passeriformes","Phylloscopidae","Phylloscopus","castaniceps",NA
"Phylloscopus grammiceps","Passeriformes","Phylloscopidae","Phylloscopus","grammiceps",NA
NA,"Passeriformes",NA,"Phylloscopus","sumatrensis",NA
"Phylloscopus montis","Passeriformes","Phylloscopidae","Phylloscopus","montis",NA
"Phylloscopus calciatilis","Passeriformes","Phylloscopidae","Phylloscopus","calciatilis",NA
"Phylloscopus ricketti","Passeriformes","Phylloscopidae","Phylloscopus","ricketti",0
"Phylloscopus cantator","Passeriformes","Phylloscopidae","Phylloscopus","cantator",1
"Phylloscopus occipitalis","Passeriformes","Phylloscopidae","Phylloscopus","occipitalis",0
"Phylloscopus reguloides","Passeriformes","Phylloscopidae","Phylloscopus","reguloides",NA
"Phylloscopus claudiae","Passeriformes","Phylloscopidae","Phylloscopus","claudiae",NA
"Phylloscopus goodsoni","Passeriformes","Phylloscopidae","Phylloscopus","goodsoni",NA
"Phylloscopus ogilviegranti","Passeriformes","Phylloscopidae","Phylloscopus","ogilviegranti",NA
"Phylloscopus hainanus","Passeriformes","Phylloscopidae","Phylloscopus","hainanus",1
"Phylloscopus intensior","Passeriformes","Phylloscopidae","Phylloscopus","intensior",NA
"Phylloscopus xanthoschistos","Passeriformes","Phylloscopidae","Phylloscopus","xanthoschistos",NA
"Phylloscopus trivirgatus","Passeriformes","Phylloscopidae","Phylloscopus","trivirgatus",1
"Phylloscopus nigrorum","Passeriformes","Phylloscopidae","Phylloscopus","nigrorum",NA
"Phylloscopus floresianus","Passeriformes","Phylloscopidae","Phylloscopus","floresianus",1
"Phylloscopus presbytes","Passeriformes","Phylloscopidae","Phylloscopus","presbytes",1
"Phylloscopus rotiensis","Passeriformes","Phylloscopidae","Phylloscopus","rotiensis",NA
"Phylloscopus makirensis","Passeriformes","Phylloscopidae","Phylloscopus","makirensis",0
"Phylloscopus nesophilus","Passeriformes","Phylloscopidae","Phylloscopus","nesophilus",NA
"Phylloscopus sarasinorum","Passeriformes","Phylloscopidae","Phylloscopus","sarasinorum",0
"Phylloscopus amoenus","Passeriformes","Phylloscopidae","Phylloscopus","amoenus",0
"Phylloscopus poliocephalus","Passeriformes","Phylloscopidae","Phylloscopus","poliocephalus",0
"Phylloscopus maforensis","Passeriformes","Phylloscopidae","Phylloscopus","maforensis",NA
"Phylloscopus misoriensis","Passeriformes","Phylloscopidae","Phylloscopus","misoriensis",NA
"Graueria vittata","Passeriformes","Acrocephalidae","Graueria","vittata",0
"Nesillas typica","Passeriformes","Acrocephalidae","Nesillas","typica",0
"Nesillas lantzii","Passeriformes","Acrocephalidae","Nesillas","lantzii",0
"Nesillas longicaudata","Passeriformes","Acrocephalidae","Nesillas","longicaudata",NA
"Nesillas brevicaudata","Passeriformes","Acrocephalidae","Nesillas","brevicaudata",0
"Nesillas mariae","Passeriformes","Acrocephalidae","Nesillas","mariae",NA
"Nesillas aldabrana","Passeriformes","Acrocephalidae","Nesillas","aldabrana",NA
"Acrocephalus griseldis","Passeriformes","Acrocephalidae","Acrocephalus","griseldis",NA
"Acrocephalus brevipennis","Passeriformes","Acrocephalidae","Acrocephalus","brevipennis",NA
"Acrocephalus rufescens","Passeriformes","Acrocephalidae","Acrocephalus","rufescens",NA
"Acrocephalus gracilirostris","Passeriformes","Acrocephalidae","Acrocephalus","gracilirostris",NA
"Acrocephalus newtoni","Passeriformes","Acrocephalidae","Acrocephalus","newtoni",NA
"Acrocephalus sechellensis","Passeriformes","Acrocephalidae","Acrocephalus","sechellensis",NA
"Acrocephalus rodericanus","Passeriformes","Acrocephalidae","Acrocephalus","rodericanus",NA
"Acrocephalus arundinaceus","Passeriformes","Acrocephalidae","Acrocephalus","arundinaceus",NA
"Acrocephalus orientalis","Passeriformes","Acrocephalidae","Acrocephalus","orientalis",NA
"Acrocephalus stentoreus","Passeriformes","Acrocephalidae","Acrocephalus","stentoreus",NA
"Acrocephalus australis","Passeriformes","Acrocephalidae","Acrocephalus","australis",NA
"Acrocephalus familiaris","Passeriformes","Acrocephalidae","Acrocephalus","familiaris",NA
"Acrocephalus luscinius","Passeriformes","Acrocephalidae","Acrocephalus","luscinius",NA
"Acrocephalus hiwae","Passeriformes","Acrocephalidae","Acrocephalus","hiwae",NA
"Acrocephalus nijoi","Passeriformes","Acrocephalidae","Acrocephalus","nijoi",NA
"Acrocephalus yamashinae","Passeriformes","Acrocephalidae","Acrocephalus","yamashinae",NA
"Acrocephalus astrolabii","Passeriformes","Acrocephalidae","Acrocephalus","astrolabii",NA
"Acrocephalus rehsei","Passeriformes","Acrocephalidae","Acrocephalus","rehsei",NA
"Acrocephalus syrinx","Passeriformes","Acrocephalidae","Acrocephalus","syrinx",NA
"Acrocephalus aequinoctialis","Passeriformes","Acrocephalidae","Acrocephalus","aequinoctialis",NA
"Acrocephalus percernis","Passeriformes","Acrocephalidae","Acrocephalus","percernis",NA
"Acrocephalus caffer","Passeriformes","Acrocephalidae","Acrocephalus","caffer",NA
"Acrocephalus longirostris","Passeriformes","Acrocephalidae","Acrocephalus","longirostris",NA
"Acrocephalus musae","Passeriformes","Acrocephalidae","Acrocephalus","musae",NA
"Acrocephalus mendanae","Passeriformes","Acrocephalidae","Acrocephalus","mendanae",NA
"Acrocephalus atyphus","Passeriformes","Acrocephalidae","Acrocephalus","atyphus",NA
"Acrocephalus kerearako","Passeriformes","Acrocephalidae","Acrocephalus","kerearako",NA
"Acrocephalus rimitarae","Passeriformes","Acrocephalidae","Acrocephalus","rimitarae",NA
"Acrocephalus taiti","Passeriformes","Acrocephalidae","Acrocephalus","taiti",0
"Acrocephalus vaughani","Passeriformes","Acrocephalidae","Acrocephalus","vaughani",1
"Acrocephalus bistrigiceps","Passeriformes","Acrocephalidae","Acrocephalus","bistrigiceps",NA
"Acrocephalus melanopogon","Passeriformes","Acrocephalidae","Acrocephalus","melanopogon",NA
"Acrocephalus paludicola","Passeriformes","Acrocephalidae","Acrocephalus","paludicola",NA
"Acrocephalus schoenobaenus","Passeriformes","Acrocephalidae","Acrocephalus","schoenobaenus",NA
"Acrocephalus sorghophilus","Passeriformes","Acrocephalidae","Acrocephalus","sorghophilus",NA
"Acrocephalus concinens","Passeriformes","Acrocephalidae","Acrocephalus","concinens",NA
"Acrocephalus tangorum","Passeriformes","Acrocephalidae","Acrocephalus","tangorum",NA
"Acrocephalus orinus","Passeriformes","Acrocephalidae","Acrocephalus","orinus",NA
"Acrocephalus agricola","Passeriformes","Acrocephalidae","Acrocephalus","agricola",NA
"Acrocephalus dumetorum","Passeriformes","Acrocephalidae","Acrocephalus","dumetorum",NA
"Acrocephalus scirpaceus","Passeriformes","Acrocephalidae","Acrocephalus","scirpaceus",1
"Acrocephalus palustris","Passeriformes","Acrocephalidae","Acrocephalus","palustris",NA
"Arundinax aedon","Passeriformes","Acrocephalidae","Arundinax","aedon",NA
"Iduna natalensis","Passeriformes","Acrocephalidae","Iduna","natalensis",NA
"Iduna similis","Passeriformes","Acrocephalidae","Iduna","similis",NA
"Iduna caligata","Passeriformes","Acrocephalidae","Iduna","caligata",NA
"Iduna rama","Passeriformes","Acrocephalidae","Iduna","rama",0
"Iduna pallida","Passeriformes","Acrocephalidae","Iduna","pallida",NA
"Iduna opaca","Passeriformes","Acrocephalidae","Iduna","opaca",NA
"Calamonastides gracilirostris","Passeriformes","Acrocephalidae","Calamonastides","gracilirostris",NA
NA,"Passeriformes",NA,"Calamonastides","bensoni",NA
"Hippolais languida","Passeriformes","Acrocephalidae","Hippolais","languida",NA
"Hippolais olivetorum","Passeriformes","Acrocephalidae","Hippolais","olivetorum",NA
"Hippolais polyglotta","Passeriformes","Acrocephalidae","Hippolais","polyglotta",NA
"Hippolais icterina","Passeriformes","Acrocephalidae","Hippolais","icterina",NA
"Robsonius rabori","Passeriformes","Locustellidae","Robsonius","rabori",NA
"Robsonius thompsoni","Passeriformes","Locustellidae","Robsonius","thompsoni",NA
"Robsonius sorsogonensis","Passeriformes","Locustellidae","Robsonius","sorsogonensis",NA
"Helopsaltes fasciolatus","Passeriformes","Locustellidae","Helopsaltes","fasciolatus",NA
"Helopsaltes amnicola","Passeriformes","Locustellidae","Helopsaltes","amnicola",NA
"Helopsaltes pryeri","Passeriformes","Locustellidae","Helopsaltes","pryeri",NA
"Helopsaltes certhiola","Passeriformes","Locustellidae","Helopsaltes","certhiola",NA
"Helopsaltes ochotensis","Passeriformes","Locustellidae","Helopsaltes","ochotensis",NA
"Helopsaltes pleskei","Passeriformes","Locustellidae","Helopsaltes","pleskei",NA
"Locustella lanceolata","Passeriformes","Locustellidae","Locustella","lanceolata",NA
"Locustella alfredi","Passeriformes","Locustellidae","Locustella","alfredi",NA
"Locustella fluviatilis","Passeriformes","Locustellidae","Locustella","fluviatilis",NA
"Locustella luscinioides","Passeriformes","Locustellidae","Locustella","luscinioides",NA
"Locustella major","Passeriformes","Locustellidae","Locustella","major",0
"Locustella luteoventris","Passeriformes","Locustellidae","Locustella","luteoventris",NA
"Locustella naevia","Passeriformes","Locustellidae","Locustella","naevia",NA
"Locustella tacsanowskia","Passeriformes","Locustellidae","Locustella","tacsanowskia",0
"Locustella accentor","Passeriformes","Locustellidae","Locustella","accentor",0
"Locustella caudata","Passeriformes","Locustellidae","Locustella","caudata",0
"Locustella castanea","Passeriformes","Locustellidae","Locustella","castanea",0
"Locustella musculus","Passeriformes","Locustellidae","Locustella","musculus",0
"Locustella portenta","Passeriformes","Locustellidae","Locustella","portenta",0
"Locustella disturbans","Passeriformes","Locustellidae","Locustella","disturbans",0
"Locustella davidi","Passeriformes","Locustellidae","Locustella","davidi",0
"Locustella kashmirensis","Passeriformes","Locustellidae","Locustella","kashmirensis",NA
"Locustella thoracica","Passeriformes","Locustellidae","Locustella","thoracica",0
"Locustella alishanensis","Passeriformes","Locustellidae","Locustella","alishanensis",NA
"Locustella mandelli","Passeriformes","Locustellidae","Locustella","mandelli",NA
"Locustella idonea","Passeriformes","Locustellidae","Locustella","idonea",NA
"Locustella montis","Passeriformes","Locustellidae","Locustella","montis",NA
"Locustella chengi","Passeriformes","Locustellidae","Locustella","chengi",NA
"Locustella seebohmi","Passeriformes","Locustellidae","Locustella","seebohmi",NA
"Poodytes albolimbatus","Passeriformes","Locustellidae","Poodytes","albolimbatus",NA
"Poodytes carteri","Passeriformes","Locustellidae","Poodytes","carteri",0
"Poodytes rufescens","Passeriformes","Locustellidae","Poodytes","rufescens",NA
"Poodytes punctatus","Passeriformes","Locustellidae","Poodytes","punctatus",0
NA,"Passeriformes",NA,"Poodytes","caudatus",NA
"Poodytes gramineus","Passeriformes","Locustellidae","Poodytes","gramineus",0
"Malia grata","Passeriformes","Locustellidae","Malia","grata",0
"Cincloramphus cruralis","Passeriformes","Locustellidae","Cincloramphus","cruralis",1
"Cincloramphus rubiginosus","Passeriformes","Locustellidae","Cincloramphus","rubiginosus",0
"Cincloramphus grosvenori","Passeriformes","Locustellidae","Cincloramphus","grosvenori",NA
"Cincloramphus bivittatus","Passeriformes","Locustellidae","Cincloramphus","bivittatus",0
"Cincloramphus mathewsi","Passeriformes","Locustellidae","Cincloramphus","mathewsi",1
"Cincloramphus macrurus","Passeriformes","Locustellidae","Cincloramphus","macrurus",NA
"Cincloramphus timoriensis","Passeriformes","Locustellidae","Cincloramphus","timoriensis",0
"Cincloramphus turipavae","Passeriformes","Locustellidae","Cincloramphus","turipavae",NA
"Cincloramphus whitneyi","Passeriformes","Locustellidae","Cincloramphus","whitneyi",NA
"Cincloramphus mariae","Passeriformes","Locustellidae","Cincloramphus","mariae",0
"Cincloramphus rufus","Passeriformes","Locustellidae","Cincloramphus","rufus",NA
"Cincloramphus llaneae","Passeriformes","Locustellidae","Cincloramphus","llaneae",NA
"Elaphrornis palliseri","Passeriformes","Locustellidae","Elaphrornis","palliseri",0
"Schoenicola platyurus","Passeriformes","Locustellidae","Schoenicola","platyurus",0
"Schoenicola striatus","Passeriformes","Locustellidae","Schoenicola","striatus",0
"Catriscus brevirostris","Passeriformes","Locustellidae","Catriscus","brevirostris",0
"Megalurus palustris","Passeriformes","Locustellidae","Megalurus","palustris",0
"Bradypterus sylvaticus","Passeriformes","Locustellidae","Bradypterus","sylvaticus",NA
"Bradypterus bangwaensis","Passeriformes","Locustellidae","Bradypterus","bangwaensis",0
"Bradypterus barratti","Passeriformes","Locustellidae","Bradypterus","barratti",NA
"Bradypterus lopezi","Passeriformes","Locustellidae","Bradypterus","lopezi",0
"Bradypterus cinnamomeus","Passeriformes","Locustellidae","Bradypterus","cinnamomeus",0
"Bradypterus seebohmi","Passeriformes","Locustellidae","Bradypterus","seebohmi",0
"Bradypterus brunneus","Passeriformes","Locustellidae","Bradypterus","brunneus",NA
"Bradypterus grandis","Passeriformes","Locustellidae","Bradypterus","grandis",NA
"Bradypterus baboecala","Passeriformes","Locustellidae","Bradypterus","baboecala",0
"Bradypterus carpalis","Passeriformes","Locustellidae","Bradypterus","carpalis",NA
"Bradypterus graueri","Passeriformes","Locustellidae","Bradypterus","graueri",1
"Bradypterus centralis","Passeriformes","Locustellidae","Bradypterus","centralis",0
"Donacobius atricapilla","Passeriformes","Donacobiidae","Donacobius","atricapilla",0
"Oxylabes madagascariensis","Passeriformes","Bernieridae","Oxylabes","madagascariensis",NA
"Bernieria madagascariensis","Passeriformes","Bernieridae","Bernieria","madagascariensis",NA
"Cryptosylvicola randrianasoloi","Passeriformes","Bernieridae","Cryptosylvicola","randrianasoloi",0
"Hartertula flavoviridis","Passeriformes","Bernieridae","Hartertula","flavoviridis",1
"Thamnornis chloropetoides","Passeriformes","Bernieridae","Thamnornis","chloropetoides",1
"Xanthomixis zosterops","Passeriformes","Bernieridae","Xanthomixis","zosterops",NA
"Xanthomixis apperti","Passeriformes","Bernieridae","Xanthomixis","apperti",NA
"Xanthomixis cinereiceps","Passeriformes","Bernieridae","Xanthomixis","cinereiceps",NA
"Crossleyia xanthophrys","Passeriformes","Bernieridae","Crossleyia","xanthophrys",NA
"Crossleyia tenebrosa","Passeriformes","Bernieridae","Crossleyia","tenebrosa",NA
"Randia pseudozosterops","Passeriformes","Bernieridae","Randia","pseudozosterops",NA
"Neomixis tenella","Passeriformes","Cisticolidae","Neomixis","tenella",1
"Neomixis viridis","Passeriformes","Cisticolidae","Neomixis","viridis",NA
"Neomixis striatigula","Passeriformes","Cisticolidae","Neomixis","striatigula",NA
NA,"Passeriformes",NA,"Neomixis","pallidior",NA
"Cisticola erythrops","Passeriformes","Cisticolidae","Cisticola","erythrops",0
"Cisticola cantans","Passeriformes","Cisticolidae","Cisticola","cantans",0
"Cisticola lateralis","Passeriformes","Cisticolidae","Cisticola","lateralis",0
"Cisticola woosnami","Passeriformes","Cisticolidae","Cisticola","woosnami",NA
"Cisticola anonymus","Passeriformes","Cisticolidae","Cisticola","anonymus",0
"Cisticola bulliens","Passeriformes","Cisticolidae","Cisticola","bulliens",NA
"Cisticola hunteri","Passeriformes","Cisticolidae","Cisticola","hunteri",1
"Cisticola chubbi","Passeriformes","Cisticolidae","Cisticola","chubbi",0
"Cisticola bakerorum","Passeriformes","Cisticolidae","Cisticola","bakerorum",NA
"Cisticola nigriloris","Passeriformes","Cisticolidae","Cisticola","nigriloris",0
"Cisticola aberrans","Passeriformes","Cisticolidae","Cisticola","aberrans",0
"Cisticola bailunduensis","Passeriformes","Cisticolidae","Cisticola","bailunduensis",NA
"Cisticola chiniana","Passeriformes","Cisticolidae","Cisticola","chiniana",1
"Cisticola bodessa","Passeriformes","Cisticolidae","Cisticola","bodessa",NA
"Cisticola njombe","Passeriformes","Cisticolidae","Cisticola","njombe",NA
"Cisticola cinereolus","Passeriformes","Cisticolidae","Cisticola","cinereolus",0
"Cisticola restrictus","Passeriformes","Cisticolidae","Cisticola","restrictus",NA
"Cisticola rufilatus","Passeriformes","Cisticolidae","Cisticola","rufilatus",0
"Cisticola subruficapilla","Passeriformes","Cisticolidae","Cisticola","subruficapilla",0
"Cisticola lais","Passeriformes","Cisticolidae","Cisticola","lais",0
"Cisticola distinctus","Passeriformes","Cisticolidae","Cisticola","distinctus",NA
"Cisticola galactotes","Passeriformes","Cisticolidae","Cisticola","galactotes",NA
"Cisticola marginatus","Passeriformes","Cisticolidae","Cisticola","marginatus",NA
"Cisticola haematocephalus","Passeriformes","Cisticolidae","Cisticola","haematocephalus",NA
"Cisticola anderseni","Passeriformes","Cisticolidae","Cisticola","anderseni",NA
"Cisticola lugubris","Passeriformes","Cisticolidae","Cisticola","lugubris",NA
"Cisticola luapula","Passeriformes","Cisticolidae","Cisticola","luapula",NA
"Cisticola pipiens","Passeriformes","Cisticolidae","Cisticola","pipiens",0
"Cisticola carruthersi","Passeriformes","Cisticolidae","Cisticola","carruthersi",NA
"Cisticola tinniens","Passeriformes","Cisticolidae","Cisticola","tinniens",0
"Cisticola robustus","Passeriformes","Cisticolidae","Cisticola","robustus",NA
"Cisticola aberdare","Passeriformes","Cisticolidae","Cisticola","aberdare",NA
"Cisticola natalensis","Passeriformes","Cisticolidae","Cisticola","natalensis",NA
"Cisticola ruficeps","Passeriformes","Cisticolidae","Cisticola","ruficeps",0
"Cisticola guinea","Passeriformes","Cisticolidae","Cisticola","guinea",NA
"Cisticola nana","Passeriformes","Cisticolidae","Cisticola","nana",NA
"Cisticola brachypterus","Passeriformes","Cisticolidae","Cisticola","brachypterus",0
"Cisticola rufus","Passeriformes","Cisticolidae","Cisticola","rufus",0
"Cisticola troglodytes","Passeriformes","Cisticolidae","Cisticola","troglodytes",0
"Cisticola fulvicapilla","Passeriformes","Cisticolidae","Cisticola","fulvicapilla",1
"Cisticola angusticauda","Passeriformes","Cisticolidae","Cisticola","angusticauda",0
"Cisticola melanurus","Passeriformes","Cisticolidae","Cisticola","melanurus",NA
"Cisticola juncidis","Passeriformes","Cisticolidae","Cisticola","juncidis",1
"Cisticola haesitatus","Passeriformes","Cisticolidae","Cisticola","haesitatus",NA
"Cisticola cherina","Passeriformes","Cisticolidae","Cisticola","cherina",0
"Cisticola aridulus","Passeriformes","Cisticolidae","Cisticola","aridulus",NA
"Cisticola textrix","Passeriformes","Cisticolidae","Cisticola","textrix",0
"Cisticola eximius","Passeriformes","Cisticolidae","Cisticola","eximius",NA
"Cisticola dambo","Passeriformes","Cisticolidae","Cisticola","dambo",0
"Cisticola brunnescens","Passeriformes","Cisticolidae","Cisticola","brunnescens",0
"Cisticola cinnamomeus","Passeriformes","Cisticolidae","Cisticola","cinnamomeus",NA
"Cisticola ayresii","Passeriformes","Cisticolidae","Cisticola","ayresii",0
"Cisticola exilis","Passeriformes","Cisticolidae","Cisticola","exilis",1
"Incana incana","Passeriformes","Cisticolidae","Incana","incana",NA
"Prinia crinigera","Passeriformes","Cisticolidae","Prinia","crinigera",0
"Prinia striata","Passeriformes","Cisticolidae","Prinia","striata",0
"Prinia polychroa","Passeriformes","Cisticolidae","Prinia","polychroa",0
"Prinia cooki","Passeriformes","Cisticolidae","Prinia","cooki",0
"Prinia rocki","Passeriformes","Cisticolidae","Prinia","rocki",0
"Prinia atrogularis","Passeriformes","Cisticolidae","Prinia","atrogularis",0
"Prinia khasiana","Passeriformes","Cisticolidae","Prinia","khasiana",NA
"Prinia superciliaris","Passeriformes","Cisticolidae","Prinia","superciliaris",NA
"Prinia cinereocapilla","Passeriformes","Cisticolidae","Prinia","cinereocapilla",NA
"Prinia buchanani","Passeriformes","Cisticolidae","Prinia","buchanani",1
"Prinia rufescens","Passeriformes","Cisticolidae","Prinia","rufescens",1
"Prinia hodgsonii","Passeriformes","Cisticolidae","Prinia","hodgsonii",1
"Prinia gracilis","Passeriformes","Cisticolidae","Prinia","gracilis",1
"Prinia lepida","Passeriformes","Cisticolidae","Prinia","lepida",0
"Prinia sylvatica","Passeriformes","Cisticolidae","Prinia","sylvatica",0
"Prinia familiaris","Passeriformes","Cisticolidae","Prinia","familiaris",1
"Prinia flaviventris","Passeriformes","Cisticolidae","Prinia","flaviventris",0
NA,"Passeriformes",NA,"Prinia","sonitans",NA
"Prinia socialis","Passeriformes","Cisticolidae","Prinia","socialis",0
"Prinia subflava","Passeriformes","Cisticolidae","Prinia","subflava",0
"Prinia inornata","Passeriformes","Cisticolidae","Prinia","inornata",0
"Prinia somalica","Passeriformes","Cisticolidae","Prinia","somalica",0
"Prinia fluviatilis","Passeriformes","Cisticolidae","Prinia","fluviatilis",NA
"Prinia flavicans","Passeriformes","Cisticolidae","Prinia","flavicans",0
"Prinia maculosa","Passeriformes","Cisticolidae","Prinia","maculosa",0
"Prinia hypoxantha","Passeriformes","Cisticolidae","Prinia","hypoxantha",0
"Prinia molleri","Passeriformes","Cisticolidae","Prinia","molleri",1
"Prinia bairdii","Passeriformes","Cisticolidae","Prinia","bairdii",0
"Prinia erythroptera","Passeriformes","Cisticolidae","Prinia","erythroptera",0
"Prinia rufifrons","Passeriformes","Cisticolidae","Prinia","rufifrons",NA
"Schistolais leucopogon","Passeriformes","Cisticolidae","Schistolais","leucopogon",1
"Schistolais leontica","Passeriformes","Cisticolidae","Schistolais","leontica",1
"Phragmacia substriata","Passeriformes","Cisticolidae","Phragmacia","substriata",0
"Oreophilais robertsi","Passeriformes","Cisticolidae","Oreophilais","robertsi",NA
"Micromacronus leytensis","Passeriformes","Cisticolidae","Micromacronus","leytensis",0
"Micromacronus sordidus","Passeriformes","Cisticolidae","Micromacronus","sordidus",NA
"Urolais epichlorus","Passeriformes","Cisticolidae","Urolais","epichlorus",1
"Oreolais pulcher","Passeriformes","Cisticolidae","Oreolais","pulcher",0
"Oreolais ruwenzorii","Passeriformes","Cisticolidae","Oreolais","ruwenzorii",0
"Drymocichla incana","Passeriformes","Cisticolidae","Drymocichla","incana",0
"Spiloptila clamans","Passeriformes","Cisticolidae","Spiloptila","clamans",0
"Phyllolais pulchella","Passeriformes","Cisticolidae","Phyllolais","pulchella",0
"Apalis thoracica","Passeriformes","Cisticolidae","Apalis","thoracica",NA
"Apalis flavigularis","Passeriformes","Cisticolidae","Apalis","flavigularis",NA
"Apalis fuscigularis","Passeriformes","Cisticolidae","Apalis","fuscigularis",0
"Apalis lynesi","Passeriformes","Cisticolidae","Apalis","lynesi",NA
"Apalis ruddi","Passeriformes","Cisticolidae","Apalis","ruddi",NA
"Apalis flavocincta","Passeriformes","Cisticolidae","Apalis","flavocincta",NA
"Apalis flavida","Passeriformes","Cisticolidae","Apalis","flavida",0
"Apalis binotata","Passeriformes","Cisticolidae","Apalis","binotata",0
"Apalis personata","Passeriformes","Cisticolidae","Apalis","personata",0
"Apalis jacksoni","Passeriformes","Cisticolidae","Apalis","jacksoni",0
"Apalis chariessa","Passeriformes","Cisticolidae","Apalis","chariessa",0
"Apalis nigriceps","Passeriformes","Cisticolidae","Apalis","nigriceps",1
"Apalis melanocephala","Passeriformes","Cisticolidae","Apalis","melanocephala",0
"Apalis chirindensis","Passeriformes","Cisticolidae","Apalis","chirindensis",0
"Apalis porphyrolaema","Passeriformes","Cisticolidae","Apalis","porphyrolaema",0
"Apalis kaboboensis","Passeriformes","Cisticolidae","Apalis","kaboboensis",NA
"Apalis chapini","Passeriformes","Cisticolidae","Apalis","chapini",0
"Apalis sharpii","Passeriformes","Cisticolidae","Apalis","sharpii",0
"Apalis rufogularis","Passeriformes","Cisticolidae","Apalis","rufogularis",0
"Apalis argentea","Passeriformes","Cisticolidae","Apalis","argentea",NA
"Apalis karamojae","Passeriformes","Cisticolidae","Apalis","karamojae",1
"Apalis stronachi","Passeriformes","Cisticolidae","Apalis","stronachi",NA
"Apalis bamendae","Passeriformes","Cisticolidae","Apalis","bamendae",NA
"Apalis goslingi","Passeriformes","Cisticolidae","Apalis","goslingi",0
"Apalis cinerea","Passeriformes","Cisticolidae","Apalis","cinerea",1
"Apalis alticola","Passeriformes","Cisticolidae","Apalis","alticola",NA
"Malcorus pectoralis","Passeriformes","Cisticolidae","Malcorus","pectoralis",NA
"Hypergerus atriceps","Passeriformes","Cisticolidae","Hypergerus","atriceps",NA
"Eminia lepida","Passeriformes","Cisticolidae","Eminia","lepida",0
"Camaroptera brevicaudata","Passeriformes","Cisticolidae","Camaroptera","brevicaudata",NA
"Camaroptera brachyura","Passeriformes","Cisticolidae","Camaroptera","brachyura",0
"Camaroptera harterti","Passeriformes","Cisticolidae","Camaroptera","harterti",NA
"Camaroptera superciliaris","Passeriformes","Cisticolidae","Camaroptera","superciliaris",0
"Camaroptera chloronota","Passeriformes","Cisticolidae","Camaroptera","chloronota",0
NA,"Passeriformes",NA,"Camaroptera","toroensis",0
"Calamonastes simplex","Passeriformes","Cisticolidae","Calamonastes","simplex",NA
"Calamonastes undosus","Passeriformes","Cisticolidae","Calamonastes","undosus",0
"Calamonastes stierlingi","Passeriformes","Cisticolidae","Calamonastes","stierlingi",NA
"Calamonastes fasciolatus","Passeriformes","Cisticolidae","Calamonastes","fasciolatus",0
"Euryptila subcinnamomea","Passeriformes","Cisticolidae","Euryptila","subcinnamomea",0
"Bathmocercus cerviniventris","Passeriformes","Cisticolidae","Bathmocercus","cerviniventris",0
"Bathmocercus rufus","Passeriformes","Cisticolidae","Bathmocercus","rufus",0
"Scepomycter winifredae","Passeriformes","Cisticolidae","Scepomycter","winifredae",NA
"Orthotomus sutorius","Passeriformes","Cisticolidae","Orthotomus","sutorius",0
"Orthotomus atrogularis","Passeriformes","Cisticolidae","Orthotomus","atrogularis",0
"Orthotomus chaktomuk","Passeriformes","Cisticolidae","Orthotomus","chaktomuk",NA
"Orthotomus castaneiceps","Passeriformes","Cisticolidae","Orthotomus","castaneiceps",NA
"Orthotomus chloronotus","Passeriformes","Cisticolidae","Orthotomus","chloronotus",NA
"Orthotomus frontalis","Passeriformes","Cisticolidae","Orthotomus","frontalis",NA
"Orthotomus derbianus","Passeriformes","Cisticolidae","Orthotomus","derbianus",NA
"Orthotomus sericeus","Passeriformes","Cisticolidae","Orthotomus","sericeus",0
"Orthotomus ruficeps","Passeriformes","Cisticolidae","Orthotomus","ruficeps",0
"Orthotomus sepium","Passeriformes","Cisticolidae","Orthotomus","sepium",0
"Orthotomus cinereiceps","Passeriformes","Cisticolidae","Orthotomus","cinereiceps",0
"Orthotomus nigriceps","Passeriformes","Cisticolidae","Orthotomus","nigriceps",0
"Orthotomus samarensis","Passeriformes","Cisticolidae","Orthotomus","samarensis",0
"Artisornis moreaui","Passeriformes","Cisticolidae","Artisornis","moreaui",0
NA,"Passeriformes",NA,"Artisornis","sousae",NA
"Artisornis metopias","Passeriformes","Cisticolidae","Artisornis","metopias",0
"Poliolais lopezi","Passeriformes","Cisticolidae","Poliolais","lopezi",1
"Eremomela icteropygialis","Passeriformes","Cisticolidae","Eremomela","icteropygialis",1
"Eremomela flavicrissalis","Passeriformes","Cisticolidae","Eremomela","flavicrissalis",0
"Eremomela pusilla","Passeriformes","Cisticolidae","Eremomela","pusilla",1
"Eremomela canescens","Passeriformes","Cisticolidae","Eremomela","canescens",NA
"Eremomela scotops","Passeriformes","Cisticolidae","Eremomela","scotops",1
"Eremomela gregalis","Passeriformes","Cisticolidae","Eremomela","gregalis",0
"Eremomela usticollis","Passeriformes","Cisticolidae","Eremomela","usticollis",1
"Eremomela badiceps","Passeriformes","Cisticolidae","Eremomela","badiceps",NA
"Eremomela turneri","Passeriformes","Cisticolidae","Eremomela","turneri",1
"Eremomela atricollis","Passeriformes","Cisticolidae","Eremomela","atricollis",1
"Sylvia atricapilla","Passeriformes","Sylviidae","Sylvia","atricapilla",NA
"Sylvia borin","Passeriformes","Sylviidae","Sylvia","borin",NA
"Sylvia dohrni","Passeriformes","Sylviidae","Sylvia","dohrni",1
"Sylvia galinieri","Passeriformes","Sylviidae","Sylvia","galinieri",0
"Sylvia nigricapillus","Passeriformes","Sylviidae","Sylvia","nigricapillus",0
"Sylvia abyssinica","Passeriformes","Sylviidae","Sylvia","abyssinica",NA
"Sylvia atriceps","Passeriformes","Sylviidae","Sylvia","atriceps",NA
"Curruca nisoria","Passeriformes","Sylviidae","Curruca","nisoria",NA
"Curruca layardi","Passeriformes","Sylviidae","Curruca","layardi",0
"Curruca boehmi","Passeriformes","Sylviidae","Curruca","boehmi",NA
"Curruca subcoerulea","Passeriformes","Sylviidae","Curruca","subcoerulea",NA
"Curruca curruca","Passeriformes","Sylviidae","Curruca","curruca",NA
"Curruca lugens","Passeriformes","Sylviidae","Curruca","lugens",NA
"Curruca buryi","Passeriformes","Sylviidae","Curruca","buryi",0
"Curruca leucomelaena","Passeriformes","Sylviidae","Curruca","leucomelaena",NA
"Curruca hortensis","Passeriformes","Sylviidae","Curruca","hortensis",NA
"Curruca crassirostris","Passeriformes","Sylviidae","Curruca","crassirostris",NA
"Curruca deserti","Passeriformes","Sylviidae","Curruca","deserti",0
"Curruca nana","Passeriformes","Sylviidae","Curruca","nana",NA
"Curruca deserticola","Passeriformes","Sylviidae","Curruca","deserticola",NA
"Curruca mystacea","Passeriformes","Sylviidae","Curruca","mystacea",NA
"Curruca ruppeli","Passeriformes","Sylviidae","Curruca","ruppeli",NA
"Curruca melanothorax","Passeriformes","Sylviidae","Curruca","melanothorax",0
"Curruca melanocephala","Passeriformes","Sylviidae","Curruca","melanocephala",NA
"Curruca iberiae","Passeriformes","Sylviidae","Curruca","iberiae",0
"Curruca subalpina","Passeriformes","Sylviidae","Curruca","subalpina",0
"Curruca cantillans","Passeriformes","Sylviidae","Curruca","cantillans",1
"Curruca communis","Passeriformes","Sylviidae","Curruca","communis",NA
"Curruca conspicillata","Passeriformes","Sylviidae","Curruca","conspicillata",0
"Curruca sarda","Passeriformes","Sylviidae","Curruca","sarda",NA
"Curruca undata","Passeriformes","Sylviidae","Curruca","undata",1
"Curruca balearica","Passeriformes","Sylviidae","Curruca","balearica",NA
"Myzornis pyrrhoura","Passeriformes","Paradoxornithidae","Myzornis","pyrrhoura",0
"Moupinia poecilotis","Passeriformes","Paradoxornithidae","Moupinia","poecilotis",NA
"Lioparus chrysotis","Passeriformes","Paradoxornithidae","Lioparus","chrysotis",1
"Chrysomma sinense","Passeriformes","Paradoxornithidae","Chrysomma","sinense",1
"Chrysomma altirostre","Passeriformes","Paradoxornithidae","Chrysomma","altirostre",1
"Rhopophilus albosuperciliaris","Passeriformes","Paradoxornithidae","Rhopophilus","albosuperciliaris",NA
"Rhopophilus pekinensis","Passeriformes","Paradoxornithidae","Rhopophilus","pekinensis",NA
"Fulvetta ruficapilla","Passeriformes","Paradoxornithidae","Fulvetta","ruficapilla",1
"Fulvetta danisi","Passeriformes","Paradoxornithidae","Fulvetta","danisi",1
"Fulvetta striaticollis","Passeriformes","Paradoxornithidae","Fulvetta","striaticollis",1
"Fulvetta vinipectus","Passeriformes","Paradoxornithidae","Fulvetta","vinipectus",1
"Fulvetta ludlowi","Passeriformes","Paradoxornithidae","Fulvetta","ludlowi",1
"Fulvetta manipurensis","Passeriformes","Paradoxornithidae","Fulvetta","manipurensis",1
"Fulvetta cinereiceps","Passeriformes","Paradoxornithidae","Fulvetta","cinereiceps",NA
"Fulvetta formosana","Passeriformes","Paradoxornithidae","Fulvetta","formosana",0
"Chamaea fasciata","Passeriformes","Paradoxornithidae","Chamaea","fasciata",0
"Paradoxornis heudei","Passeriformes","Paradoxornithidae","Paradoxornis","heudei",1
"Paradoxornis flavirostris","Passeriformes","Paradoxornithidae","Paradoxornis","flavirostris",1
"Paradoxornis guttaticollis","Passeriformes","Paradoxornithidae","Paradoxornis","guttaticollis",0
"Paradoxornis aemodius","Passeriformes","Paradoxornithidae","Paradoxornis","aemodium",0
"Paradoxornis unicolor","Passeriformes","Paradoxornithidae","Paradoxornis","unicolor",1
"Paradoxornis paradoxus","Passeriformes","Paradoxornithidae","Paradoxornis","paradoxus",1
"Paradoxornis gularis","Passeriformes","Paradoxornithidae","Paradoxornis","gularis",1
"Paradoxornis margaritae","Passeriformes","Paradoxornithidae","Paradoxornis","margaritae",1
"Paradoxornis ruficeps","Passeriformes","Paradoxornithidae","Paradoxornis","ruficeps",0
"Paradoxornis bakeri","Passeriformes","Paradoxornithidae","Paradoxornis","bakeri",NA
"Suthora davidiana","Passeriformes","Paradoxornithidae","Suthora","davidiana",1
"Suthora fulvifrons","Passeriformes","Paradoxornithidae","Suthora","fulvifrons",1
"Suthora nipalensis","Passeriformes","Paradoxornithidae","Suthora","nipalensis",1
"Suthora verreauxi","Passeriformes","Paradoxornithidae","Suthora","verreauxi",0
"Suthora atrosuperciliaris","Passeriformes","Paradoxornithidae","Suthora","atrosuperciliaris",1
"Suthora conspicillata","Passeriformes","Paradoxornithidae","Suthora","conspicillata",1
"Suthora zappeyi","Passeriformes","Paradoxornithidae","Suthora","zappeyi",0
"Suthora brunnea","Passeriformes","Paradoxornithidae","Suthora","brunnea",1
"Suthora ricketti","Passeriformes","Paradoxornithidae","Suthora","ricketti",0
"Suthora webbiana","Passeriformes","Paradoxornithidae","Suthora","webbiana",1
"Suthora alphonsiana","Passeriformes","Paradoxornithidae","Suthora","alphonsiana",1
"Suthora przewalskii","Passeriformes","Paradoxornithidae","Suthora","przewalskii",0
"Parayuhina diademata","Passeriformes","Zosteropidae","Parayuhina","diademata",0
"Staphida everetti","Passeriformes","Zosteropidae","Staphida","everetti",1
"Staphida castaniceps","Passeriformes","Zosteropidae","Staphida","castaniceps",1
"Staphida torqueola","Passeriformes","Zosteropidae","Staphida","torqueola",1
"Yuhina nigrimenta","Passeriformes","Zosteropidae","Yuhina","nigrimenta",1
"Yuhina brunneiceps","Passeriformes","Zosteropidae","Yuhina","brunneiceps",1
"Yuhina flavicollis","Passeriformes","Zosteropidae","Yuhina","flavicollis",0
"Yuhina humilis","Passeriformes","Zosteropidae","Yuhina","humilis",0
"Yuhina bakeri","Passeriformes","Zosteropidae","Yuhina","bakeri",1
"Yuhina gularis","Passeriformes","Zosteropidae","Yuhina","gularis",1
"Yuhina occipitalis","Passeriformes","Zosteropidae","Yuhina","occipitalis",1
"Dasycrotapha speciosa","Passeriformes","Zosteropidae","Dasycrotapha","speciosa",0
"Dasycrotapha pygmaea","Passeriformes","Zosteropidae","Dasycrotapha","pygmaea",1
"Dasycrotapha plateni","Passeriformes","Zosteropidae","Dasycrotapha","plateni",NA
"Sterrhoptilus capitalis","Passeriformes","Zosteropidae","Sterrhoptilus","capitalis",0
"Sterrhoptilus dennistouni","Passeriformes","Zosteropidae","Sterrhoptilus","dennistouni",0
"Sterrhoptilus affinis","Passeriformes","Zosteropidae","Sterrhoptilus","affinis",NA
"Sterrhoptilus nigrocapitatus","Passeriformes","Zosteropidae","Sterrhoptilus","nigrocapitatus",1
"Zosterornis hypogrammicus","Passeriformes","Zosteropidae","Zosterornis","hypogrammicus",0
"Zosterornis striatus","Passeriformes","Zosteropidae","Zosterornis","striatus",0
"Zosterornis whiteheadi","Passeriformes","Zosteropidae","Zosterornis","whiteheadi",NA
"Zosterornis latistriatus","Passeriformes","Zosteropidae","Zosterornis","latistriatus",0
"Zosterornis nigrorum","Passeriformes","Zosteropidae","Zosterornis","nigrorum",0
"Cleptornis marchei","Passeriformes","Zosteropidae","Cleptornis","marchei",NA
"Rukia ruki","Passeriformes","Zosteropidae","Rukia","ruki",NA
"Rukia longirostra","Passeriformes","Zosteropidae","Rukia","longirostra",NA
"Megazosterops palauensis","Passeriformes","Zosteropidae","Megazosterops","palauensis",0
"Heleia javanica","Passeriformes","Zosteropidae","Heleia","javanica",1
"Heleia pinaiae","Passeriformes","Zosteropidae","Heleia","pinaiae",1
"Heleia squamifrons","Passeriformes","Zosteropidae","Heleia","squamifrons",0
"Heleia goodfellowi","Passeriformes","Zosteropidae","Heleia","goodfellowi",NA
"Heleia squamiceps","Passeriformes","Zosteropidae","Heleia","squamiceps",0
"Heleia superciliaris","Passeriformes","Zosteropidae","Heleia","superciliaris",1
"Heleia dohertyi","Passeriformes","Zosteropidae","Heleia","dohertyi",0
"Heleia muelleri","Passeriformes","Zosteropidae","Heleia","muelleri",0
"Heleia crassirostris","Passeriformes","Zosteropidae","Heleia","crassirostris",0
"Heleia wallacei","Passeriformes","Zosteropidae","Heleia","wallacei",1
"Apalopteron familiare","Passeriformes","Zosteropidae","Apalopteron","familiare",0
"Tephrozosterops stalkeri","Passeriformes","Zosteropidae","Tephrozosterops","stalkeri",0
"Zosterops ceylonensis","Passeriformes","Zosteropidae","Zosterops","ceylonensis",1
"Zosterops nigrorum","Passeriformes","Zosteropidae","Zosterops","nigrorum",1
"Zosterops atricapilla","Passeriformes","Zosteropidae","Zosterops","atricapilla",0
"Zosterops abyssinicus","Passeriformes","Zosteropidae","Zosterops","abyssinicus",1
"Zosterops flavilateralis","Passeriformes","Zosteropidae","Zosterops","flavilateralis",0
"Zosterops mbuluensis","Passeriformes","Zosteropidae","Zosterops","mbuluensis",NA
"Zosterops erythropleurus","Passeriformes","Zosteropidae","Zosterops","erythropleurus",NA
"Zosterops simplex","Passeriformes","Zosteropidae","Zosterops","simplex",NA
"Zosterops emiliae","Passeriformes","Zosteropidae","Zosterops","emiliae",0
"Zosterops japonicus","Passeriformes","Zosteropidae","Zosterops","japonicus",NA
"Zosterops palpebrosus","Passeriformes","Zosteropidae","Zosterops","palpebrosus",0
"Zosterops meyeni","Passeriformes","Zosteropidae","Zosterops","meyeni",0
"Zosterops semiflavus","Passeriformes","Zosteropidae","Zosterops","semiflavus",NA
"Zosterops mouroniensis","Passeriformes","Zosteropidae","Zosterops","mouroniensis",NA
"Zosterops olivaceus","Passeriformes","Zosteropidae","Zosterops","olivaceus",0
"Zosterops chloronothos","Passeriformes","Zosteropidae","Zosterops","chloronothos",NA
"Zosterops borbonicus","Passeriformes","Zosteropidae","Zosterops","borbonicus",1
"Zosterops mauritianus","Passeriformes","Zosteropidae","Zosterops","mauritianus",1
"Zosterops melanocephalus","Passeriformes","Zosteropidae","Zosterops","melanocephalus",0
"Zosterops stenocricotus","Passeriformes","Zosteropidae","Zosterops","stenocricotus",1
"Zosterops stuhlmanni","Passeriformes","Zosteropidae","Zosterops","stuhlmanni",1
"Zosterops eurycricotus","Passeriformes","Zosteropidae","Zosterops","eurycricotus",NA
"Zosterops brunneus","Passeriformes","Zosteropidae","Zosterops","brunneus",1
"Zosterops poliogastrus","Passeriformes","Zosteropidae","Zosterops","poliogastrus",0
"Zosterops kaffensis","Passeriformes","Zosteropidae","Zosterops","kaffensis",NA
NA,"Passeriformes",NA,"Zosterops","kulalensis",NA
"Zosterops kikuyuensis","Passeriformes","Zosteropidae","Zosterops","kikuyuensis",0
"Zosterops socotranus","Passeriformes","Zosteropidae","Zosterops","socotranus",1
"Zosterops ficedulinus","Passeriformes","Zosteropidae","Zosterops","ficedulinus",0
"Zosterops griseovirescens","Passeriformes","Zosteropidae","Zosterops","griseovirescens",0
"Zosterops feae","Passeriformes","Zosteropidae","Zosterops","feae",1
"Zosterops lugubris","Passeriformes","Zosteropidae","Zosterops","lugubris",1
"Zosterops leucophaeus","Passeriformes","Zosteropidae","Zosterops","leucophaeus",1
"Zosterops silvanus","Passeriformes","Zosteropidae","Zosterops","silvanus",NA
"Zosterops senegalensis","Passeriformes","Zosteropidae","Zosterops","senegalensis",1
"Zosterops kasaicus","Passeriformes","Zosteropidae","Zosterops","kasaicus",1
"Zosterops pallidus","Passeriformes","Zosteropidae","Zosterops","pallidus",1
"Zosterops winifredae","Passeriformes","Zosteropidae","Zosterops","winifredae",NA
"Zosterops virens","Passeriformes","Zosteropidae","Zosterops","virens",1
"Zosterops anderssoni","Passeriformes","Zosteropidae","Zosterops","anderssoni",1
"Zosterops vaughani","Passeriformes","Zosteropidae","Zosterops","vaughani",1
"Zosterops modestus","Passeriformes","Zosteropidae","Zosterops","modestus",0
"Zosterops anjuanensis","Passeriformes","Zosteropidae","Zosterops","anjuanensis",1
"Zosterops aldabrensis","Passeriformes","Zosteropidae","Zosterops","aldabrensis",1
"Zosterops kirki","Passeriformes","Zosteropidae","Zosterops","kirki",NA
"Zosterops comorensis","Passeriformes","Zosteropidae","Zosterops","comorensis",1
"Zosterops mayottensis","Passeriformes","Zosteropidae","Zosterops","mayottensis",0
"Zosterops maderaspatanus","Passeriformes","Zosteropidae","Zosterops","maderaspatanus",1
"Zosterops meratusensis","Passeriformes","Zosteropidae","Zosterops","meratusensis",1
"Zosterops chloris","Passeriformes","Zosteropidae","Zosterops","chloris",1
"Zosterops flavissimus","Passeriformes","Zosteropidae","Zosterops","flavissimus",1
"Zosterops atrifrons","Passeriformes","Zosteropidae","Zosterops","atrifrons",1
"Zosterops nehrkorni","Passeriformes","Zosteropidae","Zosterops","nehrkorni",0
"Zosterops consobrinorum","Passeriformes","Zosteropidae","Zosterops","consobrinorum",0
"Zosterops somadikartai","Passeriformes","Zosteropidae","Zosterops","somadikartai",0
"Zosterops anomalus","Passeriformes","Zosteropidae","Zosterops","anomalus",0
"Zosterops minor","Passeriformes","Zosteropidae","Zosterops","minor",0
"Zosterops chrysolaemus","Passeriformes","Zosteropidae","Zosterops","chrysolaemus",0
"Zosterops meeki","Passeriformes","Zosteropidae","Zosterops","meeki",NA
"Zosterops dehaani","Passeriformes","Zosteropidae","Zosterops","dehaani",0
"Zosterops atriceps","Passeriformes","Zosteropidae","Zosterops","atriceps",0
"Zosterops buruensis","Passeriformes","Zosteropidae","Zosterops","buruensis",NA
"Zosterops stalkeri","Passeriformes","Zosteropidae","Zosterops","stalkeri",NA
"Zosterops flavus","Passeriformes","Zosteropidae","Zosterops","flavus",1
"Zosterops citrinella","Passeriformes","Zosteropidae","Zosterops","citrinella",0
"Zosterops luteus","Passeriformes","Zosteropidae","Zosterops","luteus",1
"Zosterops lateralis","Passeriformes","Zosteropidae","Zosterops","lateralis",0
"Zosterops auriventer","Passeriformes","Zosteropidae","Zosterops","auriventer",1
"Zosterops melanurus","Passeriformes","Zosteropidae","Zosterops","melanurus",1
"Zosterops everetti","Passeriformes","Zosteropidae","Zosterops","everetti",1
"Zosterops vellalavella","Passeriformes","Zosteropidae","Zosterops","vellalavella",NA
"Zosterops sanctaecrucis","Passeriformes","Zosteropidae","Zosterops","sanctaecrucis",NA
"Zosterops fuscicapilla","Passeriformes","Zosteropidae","Zosterops","fuscicapilla",1
"Zosterops crookshanki","Passeriformes","Zosteropidae","Zosterops","crookshanki",NA
"Zosterops flavifrons","Passeriformes","Zosteropidae","Zosterops","flavifrons",1
"Zosterops superciliosus","Passeriformes","Zosteropidae","Zosterops","superciliosus",0
"Zosterops lacertosus","Passeriformes","Zosteropidae","Zosterops","lacertosus",NA
"Zosterops gibbsi","Passeriformes","Zosteropidae","Zosterops","gibbsi",NA
"Zosterops explorator","Passeriformes","Zosteropidae","Zosterops","explorator",1
"Zosterops hypoxanthus","Passeriformes","Zosteropidae","Zosterops","hypoxanthus",0
"Zosterops mysorensis","Passeriformes","Zosteropidae","Zosterops","mysorensis",0
"Zosterops hamlini","Passeriformes","Zosteropidae","Zosterops","hamlini",0
"Zosterops oblitus","Passeriformes","Zosteropidae","Zosterops","oblitus",0
"Zosterops rendovae","Passeriformes","Zosteropidae","Zosterops","rendovae",0
"Zosterops oleagineus","Passeriformes","Zosteropidae","Zosterops","oleagineus",0
"Zosterops finschii","Passeriformes","Zosteropidae","Zosterops","finschii",1
"Zosterops ponapensis","Passeriformes","Zosteropidae","Zosterops","ponapensis",NA
"Zosterops cinereus","Passeriformes","Zosteropidae","Zosterops","cinereus",1
"Zosterops rotensis","Passeriformes","Zosteropidae","Zosterops","rotensis",0
"Zosterops metcalfii","Passeriformes","Zosteropidae","Zosterops","metcalfii",1
"Zosterops stresemanni","Passeriformes","Zosteropidae","Zosterops","stresemanni",NA
"Zosterops novaeguineae","Passeriformes","Zosteropidae","Zosterops","novaeguineae",1
"Zosterops kuehni","Passeriformes","Zosteropidae","Zosterops","kuehni",0
"Zosterops grayi","Passeriformes","Zosteropidae","Zosterops","grayi",0
"Zosterops luteirostris","Passeriformes","Zosteropidae","Zosterops","luteirostris",NA
"Zosterops uropygialis","Passeriformes","Zosteropidae","Zosterops","uropygialis",0
"Zosterops splendidus","Passeriformes","Zosteropidae","Zosterops","splendidus",NA
"Zosterops kulambangrae","Passeriformes","Zosteropidae","Zosterops","kulambangrae",0
"Zosterops tetiparius","Passeriformes","Zosteropidae","Zosterops","tetiparius",1
"Zosterops natalis","Passeriformes","Zosteropidae","Zosterops","natalis",0
"Zosterops conspicillatus","Passeriformes","Zosteropidae","Zosterops","conspicillatus",1
NA,"Passeriformes",NA,"Zosterops","saypani",NA
"Zosterops semperi","Passeriformes","Zosteropidae","Zosterops","semperi",0
"Zosterops hypolais","Passeriformes","Zosteropidae","Zosterops","hypolais",1
"Zosterops paruhbesar","Passeriformes","Zosteropidae","Zosterops","paruhbesar",NA
"Zosterops griseotinctus","Passeriformes","Zosteropidae","Zosterops","griseotinctus",NA
"Zosterops murphyi","Passeriformes","Zosteropidae","Zosterops","murphyi",NA
"Zosterops inornatus","Passeriformes","Zosteropidae","Zosterops","inornatus",1
"Zosterops albogularis","Passeriformes","Zosteropidae","Zosterops","albogularis",NA
"Zosterops samoensis","Passeriformes","Zosteropidae","Zosterops","samoensis",1
"Zosterops strenuus","Passeriformes","Zosteropidae","Zosterops","strenuus",NA
"Zosterops tenuirostris","Passeriformes","Zosteropidae","Zosterops","tenuirostris",1
"Zosterops minutus","Passeriformes","Zosteropidae","Zosterops","minutus",1
"Zosterops xanthochroa","Passeriformes","Zosteropidae","Zosterops","xanthochroa",NA
"Zosterops rennellianus","Passeriformes","Zosteropidae","Zosterops","rennellianus",0
"Timalia pileata","Passeriformes","Timaliidae","Timalia","pileata",0
"Dumetia hyperythra","Passeriformes","Timaliidae","Dumetia","hyperythra",1
"Dumetia atriceps","Passeriformes","Timaliidae","Dumetia","atriceps",0
"Mixornis kelleyi","Passeriformes","Timaliidae","Mixornis","kelleyi",0
"Mixornis flavicollis","Passeriformes","Timaliidae","Mixornis","flavicollis",0
"Mixornis prillwitzi","Passeriformes","Timaliidae","Mixornis","prillwitzi",NA
"Mixornis gularis","Passeriformes","Timaliidae","Mixornis","gularis",0
"Mixornis bornensis","Passeriformes","Timaliidae","Mixornis","bornensis",0
"Macronus ptilosus","Passeriformes","Timaliidae","Macronus","ptilosus",0
"Macronus striaticeps","Passeriformes","Timaliidae","Macronus","striaticeps",0
"Cyanoderma chrysaeum","Passeriformes","Timaliidae","Cyanoderma","chrysaeum",0
"Cyanoderma erythropterum","Passeriformes","Timaliidae","Cyanoderma","erythropterum",0
"Cyanoderma bicolor","Passeriformes","Timaliidae","Cyanoderma","bicolor",0
"Cyanoderma melanothorax","Passeriformes","Timaliidae","Cyanoderma","melanothorax",1
"Cyanoderma pyrrhops","Passeriformes","Timaliidae","Cyanoderma","pyrrhops",1
"Cyanoderma ruficeps","Passeriformes","Timaliidae","Cyanoderma","ruficeps",0
"Cyanoderma rufifrons","Passeriformes","Timaliidae","Cyanoderma","rufifrons",1
"Spelaeornis caudatus","Passeriformes","Timaliidae","Spelaeornis","caudatus",NA
"Spelaeornis badeigularis","Passeriformes","Timaliidae","Spelaeornis","badeigularis",NA
"Spelaeornis troglodytoides","Passeriformes","Timaliidae","Spelaeornis","troglodytoides",NA
"Spelaeornis kinneari","Passeriformes","Timaliidae","Spelaeornis","kinneari",NA
"Spelaeornis chocolatinus","Passeriformes","Timaliidae","Spelaeornis","chocolatinus",NA
"Spelaeornis oatesi","Passeriformes","Timaliidae","Spelaeornis","oatesi",NA
"Spelaeornis longicaudatus","Passeriformes","Timaliidae","Spelaeornis","longicaudatus",NA
"Spelaeornis reptatus","Passeriformes","Timaliidae","Spelaeornis","reptatus",NA
"Melanocichla lugubris","Passeriformes","Timaliidae","Melanocichla","lugubris",1
"Melanocichla calva","Passeriformes","Timaliidae","Melanocichla","calva",1
"Pomatorhinus ferruginosus","Passeriformes","Timaliidae","Pomatorhinus","ferruginosus",0
"Pomatorhinus phayrei","Passeriformes","Timaliidae","Pomatorhinus","phayrei",NA
"Pomatorhinus ochraceiceps","Passeriformes","Timaliidae","Pomatorhinus","ochraceiceps",0
"Pomatorhinus superciliaris","Passeriformes","Timaliidae","Pomatorhinus","superciliaris",1
"Pomatorhinus ruficollis","Passeriformes","Timaliidae","Pomatorhinus","ruficollis",0
"Pomatorhinus musicus","Passeriformes","Timaliidae","Pomatorhinus","musicus",1
"Pomatorhinus schisticeps","Passeriformes","Timaliidae","Pomatorhinus","schisticeps",0
"Pomatorhinus horsfieldii","Passeriformes","Timaliidae","Pomatorhinus","horsfieldii",0
"Pomatorhinus melanurus","Passeriformes","Timaliidae","Pomatorhinus","melanurus",NA
"Pomatorhinus bornensis","Passeriformes","Timaliidae","Pomatorhinus","bornensis",0
"Pomatorhinus montanus","Passeriformes","Timaliidae","Pomatorhinus","montanus",0
"Erythrogenys hypoleucos","Passeriformes","Timaliidae","Erythrogenys","hypoleucos",0
"Erythrogenys erythrogenys","Passeriformes","Timaliidae","Erythrogenys","erythrogenys",0
"Erythrogenys imberbis","Passeriformes","Timaliidae","Erythrogenys","imberbis",NA
"Erythrogenys mcclellandi","Passeriformes","Timaliidae","Erythrogenys","mcclellandi",NA
"Erythrogenys gravivox","Passeriformes","Timaliidae","Erythrogenys","gravivox",0
"Erythrogenys swinhoei","Passeriformes","Timaliidae","Erythrogenys","swinhoei",NA
"Erythrogenys erythrocnemis","Passeriformes","Timaliidae","Erythrogenys","erythrocnemis",NA
"Stachyris nigricollis","Passeriformes","Timaliidae","Stachyris","nigricollis",NA
"Stachyris grammiceps","Passeriformes","Timaliidae","Stachyris","grammiceps",1
"Stachyris maculata","Passeriformes","Timaliidae","Stachyris","maculata",NA
"Stachyris nigriceps","Passeriformes","Timaliidae","Stachyris","nigriceps",0
"Stachyris poliocephala","Passeriformes","Timaliidae","Stachyris","poliocephala",NA
"Stachyris nonggangensis","Passeriformes","Timaliidae","Stachyris","nonggangensis",1
"Stachyris herberti","Passeriformes","Timaliidae","Stachyris","herberti",1
"Stachyris humei","Passeriformes","Timaliidae","Stachyris","humei",NA
"Stachyris roberti","Passeriformes","Timaliidae","Stachyris","roberti",1
"Stachyris leucotis","Passeriformes","Timaliidae","Stachyris","leucotis",0
"Stachyris thoracica","Passeriformes","Timaliidae","Stachyris","thoracica",0
"Stachyris oglei","Passeriformes","Timaliidae","Stachyris","oglei",1
"Stachyris strialata","Passeriformes","Timaliidae","Stachyris","strialata",0
"Graminicola bengalensis","Passeriformes","Pellorneidae","Graminicola","bengalensis",0
"Graminicola striatus","Passeriformes","Pellorneidae","Graminicola","striatus",NA
"Turdinus macrodactylus","Passeriformes","Pellorneidae","Turdinus","macrodactylus",0
"Turdinus marmoratus","Passeriformes","Pellorneidae","Turdinus","marmoratus",NA
"Turdinus atrigularis","Passeriformes","Pellorneidae","Turdinus","atrigularis",0
"Malacopteron affine","Passeriformes","Pellorneidae","Malacopteron","affine",0
"Malacopteron albogulare","Passeriformes","Pellorneidae","Malacopteron","albogulare",0
"Malacopteron cinereum","Passeriformes","Pellorneidae","Malacopteron","cinereum",1
"Malacopteron magnum","Passeriformes","Pellorneidae","Malacopteron","magnum",0
"Malacopteron magnirostre","Passeriformes","Pellorneidae","Malacopteron","magnirostre",1
"Malacopteron palawanense","Passeriformes","Pellorneidae","Malacopteron","palawanense",0
"Gampsorhynchus rufulus","Passeriformes","Pellorneidae","Gampsorhynchus","rufulus",1
"Gampsorhynchus torquatus","Passeriformes","Pellorneidae","Gampsorhynchus","torquatus",NA
"Schoeniparus cinereus","Passeriformes","Pellorneidae","Schoeniparus","cinereus",1
"Schoeniparus castaneceps","Passeriformes","Pellorneidae","Schoeniparus","castaneceps",1
"Schoeniparus klossi","Passeriformes","Pellorneidae","Schoeniparus","klossi",1
"Schoeniparus variegaticeps","Passeriformes","Pellorneidae","Schoeniparus","variegaticeps",0
"Schoeniparus rufogularis","Passeriformes","Pellorneidae","Schoeniparus","rufogularis",0
"Schoeniparus dubius","Passeriformes","Pellorneidae","Schoeniparus","dubius",0
"Schoeniparus brunneus","Passeriformes","Pellorneidae","Schoeniparus","brunneus",0
"Pellorneum ruficeps","Passeriformes","Pellorneidae","Pellorneum","ruficeps",0
"Pellorneum fuscocapillus","Passeriformes","Pellorneidae","Pellorneum","fuscocapillus",0
"Pellorneum palustre","Passeriformes","Pellorneidae","Pellorneum","palustre",NA
"Pellorneum nigrocapitatum","Passeriformes","Pellorneidae","Pellorneum","nigrocapitatum",NA
"Pellorneum capistratum","Passeriformes","Pellorneidae","Pellorneum","capistratum",0
"Pellorneum capistratoides","Passeriformes","Pellorneidae","Pellorneum","capistratoides",0
"Pellorneum malaccense","Passeriformes","Pellorneidae","Pellorneum","malaccense",0
"Pellorneum saturatum","Passeriformes","Pellorneidae","Pellorneum","saturatum",NA
"Pellorneum poliogene","Passeriformes","Pellorneidae","Pellorneum","poliogene",NA
"Pellorneum cinereiceps","Passeriformes","Pellorneidae","Pellorneum","cinereiceps",0
"Pellorneum albiventre","Passeriformes","Pellorneidae","Pellorneum","albiventre",0
"Pellorneum tickelli","Passeriformes","Pellorneidae","Pellorneum","tickelli",0
"Pellorneum buettikoferi","Passeriformes","Pellorneidae","Pellorneum","buettikoferi",NA
"Pellorneum pyrrogenys","Passeriformes","Pellorneidae","Pellorneum","pyrrogenys",NA
"Pellorneum rostratum","Passeriformes","Pellorneidae","Pellorneum","rostratum",0
"Pellorneum macropterum","Passeriformes","Pellorneidae","Pellorneum","macropterum",NA
"Pellorneum bicolor","Passeriformes","Pellorneidae","Pellorneum","bicolor",0
"Pellorneum celebense","Passeriformes","Pellorneidae","Pellorneum","celebense",NA
"Laticilla burnesii","Passeriformes","Pellorneidae","Laticilla","burnesii",0
"Laticilla cinerascens","Passeriformes","Pellorneidae","Laticilla","cinerascens",NA
"Illadopsis fulvescens","Passeriformes","Pellorneidae","Illadopsis","fulvescens",0
"Illadopsis rufipennis","Passeriformes","Pellorneidae","Illadopsis","rufipennis",0
"Illadopsis distans","Passeriformes","Pellorneidae","Illadopsis","distans",0
"Illadopsis pyrrhoptera","Passeriformes","Pellorneidae","Illadopsis","pyrrhoptera",0
"Illadopsis cleaveri","Passeriformes","Pellorneidae","Illadopsis","cleaveri",0
"Illadopsis albipectus","Passeriformes","Pellorneidae","Illadopsis","albipectus",0
"Illadopsis turdina","Passeriformes","Pellorneidae","Illadopsis","turdina",NA
"Illadopsis puveli","Passeriformes","Pellorneidae","Illadopsis","puveli",0
"Illadopsis rufescens","Passeriformes","Pellorneidae","Illadopsis","rufescens",0
"Kenopia striata","Passeriformes","Pellorneidae","Kenopia","striata",0
"Malacocincla abbotti","Passeriformes","Pellorneidae","Malacocincla","abbotti",0
"Malacocincla sepiaria","Passeriformes","Pellorneidae","Malacocincla","sepiaria",0
"Malacocincla perspicillata","Passeriformes","Pellorneidae","Malacocincla","perspicillata",NA
"Gypsophila crassa","Passeriformes","Pellorneidae","Gypsophila","crassa",0
"Gypsophila brevicaudata","Passeriformes","Pellorneidae","Gypsophila","brevicaudata",0
"Gypsophila annamensis","Passeriformes","Pellorneidae","Gypsophila","annamensis",NA
"Gypsophila calcicola","Passeriformes","Pellorneidae","Gypsophila","calcicola",NA
"Gypsophila crispifrons","Passeriformes","Pellorneidae","Gypsophila","crispifrons",0
"Gypsophila rufipectus","Passeriformes","Pellorneidae","Gypsophila","rufipecta",NA
"Ptilocichla mindanensis","Passeriformes","Pellorneidae","Ptilocichla","mindanensis",0
"Ptilocichla leucogrammica","Passeriformes","Pellorneidae","Ptilocichla","leucogrammica",0
"Ptilocichla falcata","Passeriformes","Pellorneidae","Ptilocichla","falcata",NA
"Napothera epilepidota","Passeriformes","Pellorneidae","Napothera","epilepidota",0
"Napothera malacoptila","Passeriformes","Pellorneidae","Napothera","malacoptila",0
"Napothera albostriata","Passeriformes","Pellorneidae","Napothera","albostriata",NA
"Napothera pasquieri","Passeriformes","Pellorneidae","Napothera","pasquieri",NA
"Napothera naungmungensis","Passeriformes","Pellorneidae","Napothera","naungmungensis",NA
"Napothera danjoui","Passeriformes","Pellorneidae","Napothera","danjoui",NA
"Alcippe poioicephala","Passeriformes","Alcippeidae","Alcippe","poioicephala",1
"Alcippe grotei","Passeriformes","Alcippeidae","Alcippe","grotei",1
"Alcippe brunneicauda","Passeriformes","Alcippeidae","Alcippe","brunneicauda",0
"Alcippe pyrrhoptera","Passeriformes","Alcippeidae","Alcippe","pyrrhoptera",0
"Alcippe nipalensis","Passeriformes","Alcippeidae","Alcippe","nipalensis",1
"Alcippe davidi","Passeriformes","Alcippeidae","Alcippe","davidi",NA
"Alcippe hueti","Passeriformes","Alcippeidae","Alcippe","hueti",NA
"Alcippe morrisonia","Passeriformes","Alcippeidae","Alcippe","morrisonia",1
"Alcippe fratercula","Passeriformes","Alcippeidae","Alcippe","fratercula",NA
"Alcippe peracensis","Passeriformes","Alcippeidae","Alcippe","peracensis",0
"Grammatoptila striata","Passeriformes","Leiothrichidae","Grammatoptila","striata",0
"Cutia nipalensis","Passeriformes","Leiothrichidae","Cutia","nipalensis",1
"Cutia legalleni","Passeriformes","Leiothrichidae","Cutia","legalleni",1
"Laniellus langbianis","Passeriformes","Leiothrichidae","Laniellus","langbianis",0
"Laniellus albonotatus","Passeriformes","Leiothrichidae","Laniellus","albonotatus",0
"Trochalopteron subunicolor","Passeriformes","Leiothrichidae","Trochalopteron","subunicolor",0
"Trochalopteron austeni","Passeriformes","Leiothrichidae","Trochalopteron","austeni",0
"Trochalopteron squamatum","Passeriformes","Leiothrichidae","Trochalopteron","squamatum",0
"Trochalopteron lineatum","Passeriformes","Leiothrichidae","Trochalopteron","lineatum",0
"Trochalopteron imbricatum","Passeriformes","Leiothrichidae","Trochalopteron","imbricatum",0
"Trochalopteron virgatum","Passeriformes","Leiothrichidae","Trochalopteron","virgatum",0
"Trochalopteron variegatum","Passeriformes","Leiothrichidae","Trochalopteron","variegatum",1
"Trochalopteron affine","Passeriformes","Leiothrichidae","Trochalopteron","affine",0
"Trochalopteron morrisonianum","Passeriformes","Leiothrichidae","Trochalopteron","morrisonianum",NA
"Trochalopteron henrici","Passeriformes","Leiothrichidae","Trochalopteron","henrici",0
"Trochalopteron elliotii","Passeriformes","Leiothrichidae","Trochalopteron","elliotii",0
"Trochalopteron milnei","Passeriformes","Leiothrichidae","Trochalopteron","milnei",1
"Trochalopteron yersini","Passeriformes","Leiothrichidae","Trochalopteron","yersini",0
"Trochalopteron erythrocephalum","Passeriformes","Leiothrichidae","Trochalopteron","erythrocephalum",0
"Trochalopteron chrysopterum","Passeriformes","Leiothrichidae","Trochalopteron","chrysopterum",0
"Trochalopteron formosum","Passeriformes","Leiothrichidae","Trochalopteron","formosum",0
"Trochalopteron melanostigma","Passeriformes","Leiothrichidae","Trochalopteron","melanostigma",0
"Trochalopteron ngoclinhense","Passeriformes","Leiothrichidae","Trochalopteron","ngoclinhense",0
"Trochalopteron peninsulae","Passeriformes","Leiothrichidae","Trochalopteron","peninsulae",0
"Montecincla jerdoni","Passeriformes","Leiothrichidae","Montecincla","jerdoni",NA
"Montecincla cachinnans","Passeriformes","Leiothrichidae","Montecincla","cachinnans",0
"Montecincla fairbanki","Passeriformes","Leiothrichidae","Montecincla","fairbanki",1
"Montecincla meridionalis","Passeriformes","Leiothrichidae","Montecincla","meridionalis",NA
"Heterophasia picaoides","Passeriformes","Leiothrichidae","Heterophasia","picaoides",1
"Heterophasia auricularis","Passeriformes","Leiothrichidae","Heterophasia","auricularis",0
"Heterophasia capistrata","Passeriformes","Leiothrichidae","Heterophasia","capistrata",1
"Heterophasia pulchella","Passeriformes","Leiothrichidae","Heterophasia","pulchella",1
"Heterophasia gracilis","Passeriformes","Leiothrichidae","Heterophasia","gracilis",0
"Heterophasia melanoleuca","Passeriformes","Leiothrichidae","Heterophasia","melanoleuca",0
"Heterophasia desgodinsi","Passeriformes","Leiothrichidae","Heterophasia","desgodinsi",1
"Actinodura nipalensis","Passeriformes","Leiothrichidae","Sibia","nipalensis",0
"Actinodura morrisoniana","Passeriformes","Leiothrichidae","Sibia","morrisoniana",0
"Actinodura waldeni","Passeriformes","Leiothrichidae","Sibia","waldeni",0
"Actinodura souliei","Passeriformes","Leiothrichidae","Sibia","souliei",0
"Actinodura cyanouroptera","Passeriformes","Leiothrichidae","Siva","cyanouroptera",0
"Actinodura strigula","Passeriformes","Leiothrichidae","Chrysominla","strigula",0
"Actinodura egertoni","Passeriformes","Leiothrichidae","Actinodura","egertoni",0
"Actinodura ramsayi","Passeriformes","Leiothrichidae","Actinodura","ramsayi",1
NA,"Passeriformes",NA,"Actinodura","radcliffei",NA
"Actinodura sodangorum","Passeriformes","Leiothrichidae","Actinodura","sodangorum",0
"Leiothrix lutea","Passeriformes","Leiothrichidae","Leiothrix","lutea",1
"Leiothrix argentauris","Passeriformes","Leiothrichidae","Leiothrix","argentauris",1
NA,"Passeriformes",NA,"Leiothrix","laurinae",NA
"Minla ignotincta","Passeriformes","Leiothrichidae","Minla","ignotincta",1
"Leioptila annectens","Passeriformes","Leiothrichidae","Leioptila","annectens",0
"Liocichla bugunorum","Passeriformes","Leiothrichidae","Liocichla","bugunorum",0
"Liocichla omeiensis","Passeriformes","Leiothrichidae","Liocichla","omeiensis",NA
"Liocichla steerii","Passeriformes","Leiothrichidae","Liocichla","steerii",0
"Liocichla phoenicea","Passeriformes","Leiothrichidae","Liocichla","phoenicea",0
"Liocichla ripponi","Passeriformes","Leiothrichidae","Liocichla","ripponi",NA
"Argya malcolmi","Passeriformes","Leiothrichidae","Argya","malcolmi",1
"Argya cinereifrons","Passeriformes","Leiothrichidae","Argya","cinereifrons",1
"Argya longirostris","Passeriformes","Leiothrichidae","Argya","longirostris",0
"Argya subrufa","Passeriformes","Leiothrichidae","Argya","subrufa",1
"Argya rufescens","Passeriformes","Leiothrichidae","Argya","rufescens",1
"Argya striata","Passeriformes","Leiothrichidae","Argya","striata",1
NA,"Passeriformes",NA,"Argya","somervillei",1
"Argya affinis","Passeriformes","Leiothrichidae","Argya","affinis",1
"Argya rubiginosa","Passeriformes","Leiothrichidae","Argya","rubiginosa",1
"Argya aylmeri","Passeriformes","Leiothrichidae","Argya","aylmeri",1
"Argya altirostris","Passeriformes","Leiothrichidae","Argya","altirostris",1
"Argya huttoni","Passeriformes","Leiothrichidae","Argya","huttoni",NA
"Argya caudata","Passeriformes","Leiothrichidae","Argya","caudata",1
"Argya fulva","Passeriformes","Leiothrichidae","Argya","fulva",1
"Argya squamiceps","Passeriformes","Leiothrichidae","Argya","squamiceps",1
"Argya earlei","Passeriformes","Leiothrichidae","Argya","earlei",1
"Argya gularis","Passeriformes","Leiothrichidae","Argya","gularis",0
"Turdoides nipalensis","Passeriformes","Leiothrichidae","Acanthoptila","nipalensis",0
"Turdoides atripennis","Passeriformes","Leiothrichidae","Phyllanthus","atripennis",0
NA,"Passeriformes",NA,"Phyllanthus","rubiginosus",NA
NA,"Passeriformes",NA,"Phyllanthus","bohndorffi",NA
"Turdoides gilberti","Passeriformes","Leiothrichidae","Kupeornis","gilberti",1
"Turdoides chapini","Passeriformes","Leiothrichidae","Kupeornis","chapini",1
"Turdoides rufocinctus","Passeriformes","Leiothrichidae","Kupeornis","rufocinctus",0
"Turdoides plebejus","Passeriformes","Leiothrichidae","Turdoides","plebejus",0
"Turdoides leucopygia","Passeriformes","Leiothrichidae","Turdoides","leucopygia",1
"Turdoides hindei","Passeriformes","Leiothrichidae","Turdoides","hindei",0
"Turdoides squamulata","Passeriformes","Leiothrichidae","Turdoides","squamulata",0
"Turdoides jardineii","Passeriformes","Leiothrichidae","Turdoides","jardineii",0
"Turdoides gymnogenys","Passeriformes","Leiothrichidae","Turdoides","gymnogenys",0
"Turdoides leucocephala","Passeriformes","Leiothrichidae","Turdoides","leucocephala",0
"Turdoides reinwardtii","Passeriformes","Leiothrichidae","Turdoides","reinwardtii",1
"Turdoides tenebrosa","Passeriformes","Leiothrichidae","Turdoides","tenebrosa",0
"Turdoides bicolor","Passeriformes","Leiothrichidae","Turdoides","bicolor",1
"Turdoides hartlaubii","Passeriformes","Leiothrichidae","Turdoides","hartlaubii",0
"Turdoides sharpei","Passeriformes","Leiothrichidae","Turdoides","sharpei",1
"Turdoides melanops","Passeriformes","Leiothrichidae","Turdoides","melanops",1
"Turdoides hypoleuca","Passeriformes","Leiothrichidae","Turdoides","hypoleuca",1
"Garrulax merulinus","Passeriformes","Leiothrichidae","Garrulax","merulinus",0
"Garrulax annamensis","Passeriformes","Leiothrichidae","Garrulax","annamensis",0
"Garrulax canorus","Passeriformes","Leiothrichidae","Garrulax","canorus",0
"Garrulax taewanus","Passeriformes","Leiothrichidae","Garrulax","taewanus",0
"Garrulax monileger","Passeriformes","Leiothrichidae","Garrulax","monileger",1
"Garrulax rufifrons","Passeriformes","Leiothrichidae","Garrulax","rufifrons",1
"Garrulax palliatus","Passeriformes","Leiothrichidae","Garrulax","palliatus",1
"Garrulax leucolophus","Passeriformes","Leiothrichidae","Garrulax","leucolophus",1
"Garrulax bicolor","Passeriformes","Leiothrichidae","Garrulax","bicolor",1
"Garrulax milleti","Passeriformes","Leiothrichidae","Garrulax","milleti",1
"Garrulax strepitans","Passeriformes","Leiothrichidae","Garrulax","strepitans",1
"Garrulax ferrarius","Passeriformes","Leiothrichidae","Garrulax","ferrarius",1
"Garrulax maesi","Passeriformes","Leiothrichidae","Garrulax","maesi",1
"Garrulax castanotis","Passeriformes","Leiothrichidae","Garrulax","castanotis",1
"Ianthocincla sukatschewi","Passeriformes","Leiothrichidae","Ianthocincla","sukatschewi",NA
"Ianthocincla rufogularis","Passeriformes","Leiothrichidae","Ianthocincla","rufogularis",0
"Ianthocincla konkakinhensis","Passeriformes","Leiothrichidae","Ianthocincla","konkakinhensis",0
"Ianthocincla cineracea","Passeriformes","Leiothrichidae","Ianthocincla","cineracea",NA
NA,"Passeriformes",NA,"Ianthocincla","cinereiceps",NA
"Ianthocincla ocellata","Passeriformes","Leiothrichidae","Ianthocincla","ocellata",0
"Ianthocincla maxima","Passeriformes","Leiothrichidae","Ianthocincla","maxima",NA
"Ianthocincla bieti","Passeriformes","Leiothrichidae","Ianthocincla","bieti",NA
"Ianthocincla lunulata","Passeriformes","Leiothrichidae","Ianthocincla","lunulata",NA
"Pterorhinus delesserti","Passeriformes","Leiothrichidae","Pterorhinus","delesserti",1
"Pterorhinus gularis","Passeriformes","Leiothrichidae","Pterorhinus","gularis",1
"Pterorhinus vassali","Passeriformes","Leiothrichidae","Pterorhinus","vassali",NA
"Pterorhinus galbanus","Passeriformes","Leiothrichidae","Pterorhinus","galbanus",0
"Pterorhinus courtoisi","Passeriformes","Leiothrichidae","Pterorhinus","courtoisi",1
"Pterorhinus mitratus","Passeriformes","Leiothrichidae","Pterorhinus","mitratus",0
"Pterorhinus treacheri","Passeriformes","Leiothrichidae","Pterorhinus","treacheri",NA
"Pterorhinus ruficollis","Passeriformes","Leiothrichidae","Pterorhinus","ruficollis",0
"Pterorhinus nuchalis","Passeriformes","Leiothrichidae","Pterorhinus","nuchalis",0
"Pterorhinus chinensis","Passeriformes","Leiothrichidae","Pterorhinus","chinensis",0
"Pterorhinus sannio","Passeriformes","Leiothrichidae","Pterorhinus","sannio",0
"Pterorhinus perspicillatus","Passeriformes","Leiothrichidae","Pterorhinus","perspicillatus",0
"Pterorhinus pectoralis","Passeriformes","Leiothrichidae","Pterorhinus","pectoralis",1
"Pterorhinus davidi","Passeriformes","Leiothrichidae","Pterorhinus","davidi",0
"Pterorhinus woodi","Passeriformes","Leiothrichidae","Pterorhinus","woodi",NA
"Pterorhinus lanceolatus","Passeriformes","Leiothrichidae","Pterorhinus","lanceolatus",0
"Pterorhinus waddelli","Passeriformes","Leiothrichidae","Pterorhinus","waddelli",0
"Pterorhinus koslowi","Passeriformes","Leiothrichidae","Pterorhinus","koslowi",NA
"Pterorhinus albogularis","Passeriformes","Leiothrichidae","Pterorhinus","albogularis",1
"Pterorhinus ruficeps","Passeriformes","Leiothrichidae","Pterorhinus","ruficeps",1
"Pterorhinus caerulatus","Passeriformes","Leiothrichidae","Pterorhinus","caerulatus",0
"Pterorhinus berthemyi","Passeriformes","Leiothrichidae","Pterorhinus","berthemyi",1
"Pterorhinus poecilorhynchus","Passeriformes","Leiothrichidae","Pterorhinus","poecilorhynchus",0
"Modulatrix stictigula","Passeriformes","Modulatricidae","Modulatrix","stictigula",0
"Arcanator orostruthus","Passeriformes","Modulatricidae","Arcanator","orostruthus",NA
"Kakamega poliothorax","Passeriformes","Modulatricidae","Kakamega","poliothorax",0
"Promerops cafer","Passeriformes","Promeropidae","Promerops","cafer",1
"Promerops gurneyi","Passeriformes","Promeropidae","Promerops","gurneyi",0
"Irena puella","Passeriformes","Irenidae","Irena","puella",1
"Irena tweeddalii","Passeriformes","Irenidae","Irena","tweeddalii",1
"Irena cyanogastra","Passeriformes","Irenidae","Irena","cyanogastra",NA
"Corthylio calendula","Passeriformes","Regulidae","Corthylio","calendula",NA
"Regulus ignicapilla","Passeriformes","Regulidae","Regulus","ignicapilla",1
"Regulus madeirensis","Passeriformes","Regulidae","Regulus","madeirensis",NA
"Regulus satrapa","Passeriformes","Regulidae","Regulus","satrapa",NA
"Regulus goodfellowi","Passeriformes","Regulidae","Regulus","goodfellowi",NA
"Regulus regulus","Passeriformes","Regulidae","Regulus","regulus",1
"Elachura formosa","Passeriformes","Elachuridae","Elachura","formosa",NA
"Hyliota flavigaster","Passeriformes","Hyliotidae","Hyliota","flavigaster",1
"Hyliota australis","Passeriformes","Hyliotidae","Hyliota","australis",0
"Hyliota usambara","Passeriformes","Hyliotidae","Hyliota","usambara",0
"Hyliota violacea","Passeriformes","Hyliotidae","Hyliota","violacea",1
"Campylorhynchus albobrunneus","Passeriformes","Troglodytidae","Campylorhynchus","albobrunneus",0
"Campylorhynchus zonatus","Passeriformes","Troglodytidae","Campylorhynchus","zonatus",NA
"Campylorhynchus megalopterus","Passeriformes","Troglodytidae","Campylorhynchus","megalopterus",NA
"Campylorhynchus nuchalis","Passeriformes","Troglodytidae","Campylorhynchus","nuchalis",NA
"Campylorhynchus fasciatus","Passeriformes","Troglodytidae","Campylorhynchus","fasciatus",1
"Campylorhynchus chiapensis","Passeriformes","Troglodytidae","Campylorhynchus","chiapensis",NA
"Campylorhynchus griseus","Passeriformes","Troglodytidae","Campylorhynchus","griseus",0
"Campylorhynchus rufinucha","Passeriformes","Troglodytidae","Campylorhynchus","rufinucha",0
"Campylorhynchus humilis","Passeriformes","Troglodytidae","Campylorhynchus","humilis",NA
"Campylorhynchus capistratus","Passeriformes","Troglodytidae","Campylorhynchus","capistratus",0
"Campylorhynchus gularis","Passeriformes","Troglodytidae","Campylorhynchus","gularis",1
"Campylorhynchus jocosus","Passeriformes","Troglodytidae","Campylorhynchus","jocosus",NA
"Campylorhynchus yucatanicus","Passeriformes","Troglodytidae","Campylorhynchus","yucatanicus",0
"Campylorhynchus brunneicapillus","Passeriformes","Troglodytidae","Campylorhynchus","brunneicapillus",NA
"Campylorhynchus turdinus","Passeriformes","Troglodytidae","Campylorhynchus","turdinus",0
"Odontorchilus branickii","Passeriformes","Troglodytidae","Odontorchilus","branickii",0
"Odontorchilus cinereus","Passeriformes","Troglodytidae","Odontorchilus","cinereus",0
"Salpinctes obsoletus","Passeriformes","Troglodytidae","Salpinctes","obsoletus",NA
"Catherpes mexicanus","Passeriformes","Troglodytidae","Catherpes","mexicanus",NA
"Hylorchilus sumichrasti","Passeriformes","Troglodytidae","Hylorchilus","sumichrasti",NA
"Hylorchilus navai","Passeriformes","Troglodytidae","Hylorchilus","navai",NA
"Cinnycerthia unirufa","Passeriformes","Troglodytidae","Cinnycerthia","unirufa",NA
"Cinnycerthia olivascens","Passeriformes","Troglodytidae","Cinnycerthia","olivascens",1
"Cinnycerthia peruana","Passeriformes","Troglodytidae","Cinnycerthia","peruana",1
"Cinnycerthia fulva","Passeriformes","Troglodytidae","Cinnycerthia","fulva",1
"Cistothorus stellaris","Passeriformes","Troglodytidae","Cistothorus","stellaris",NA
"Cistothorus meridae","Passeriformes","Troglodytidae","Cistothorus","meridae",NA
"Cistothorus apolinari","Passeriformes","Troglodytidae","Cistothorus","apolinari",0
"Cistothorus platensis","Passeriformes","Troglodytidae","Cistothorus","platensis",0
"Cistothorus palustris","Passeriformes","Troglodytidae","Cistothorus","palustris",NA
"Thryomanes bewickii","Passeriformes","Troglodytidae","Thryomanes","bewickii",NA
"Ferminia cerverai","Passeriformes","Troglodytidae","Ferminia","cerverai",NA
"Pheugopedius atrogularis","Passeriformes","Troglodytidae","Pheugopedius","atrogularis",0
"Pheugopedius spadix","Passeriformes","Troglodytidae","Pheugopedius","spadix",NA
"Pheugopedius fasciatoventris","Passeriformes","Troglodytidae","Pheugopedius","fasciatoventris",0
"Pheugopedius euophrys","Passeriformes","Troglodytidae","Pheugopedius","euophrys",0
"Pheugopedius schulenbergi","Passeriformes","Troglodytidae","Pheugopedius","schulenbergi",0
"Pheugopedius eisenmanni","Passeriformes","Troglodytidae","Pheugopedius","eisenmanni",0
"Pheugopedius genibarbis","Passeriformes","Troglodytidae","Pheugopedius","genibarbis",0
"Pheugopedius mystacalis","Passeriformes","Troglodytidae","Pheugopedius","mystacalis",0
"Pheugopedius coraya","Passeriformes","Troglodytidae","Pheugopedius","coraya",0
"Pheugopedius felix","Passeriformes","Troglodytidae","Pheugopedius","felix",NA
"Pheugopedius maculipectus","Passeriformes","Troglodytidae","Pheugopedius","maculipectus",0
"Pheugopedius rutilus","Passeriformes","Troglodytidae","Pheugopedius","rutilus",0
"Pheugopedius sclateri","Passeriformes","Troglodytidae","Pheugopedius","sclateri",0
NA,"Passeriformes",NA,"Pheugopedius","columbianus",NA
NA,"Passeriformes",NA,"Pheugopedius","paucimaculatus",0
"Thryophilus pleurostictus","Passeriformes","Troglodytidae","Thryophilus","pleurostictus",0
"Thryophilus rufalbus","Passeriformes","Troglodytidae","Thryophilus","rufalbus",0
"Thryophilus sernai","Passeriformes","Troglodytidae","Thryophilus","sernai",0
"Thryophilus nicefori","Passeriformes","Troglodytidae","Thryophilus","nicefori",NA
"Thryophilus sinaloa","Passeriformes","Troglodytidae","Thryophilus","sinaloa",NA
"Cantorchilus modestus","Passeriformes","Troglodytidae","Cantorchilus","modestus",0
"Cantorchilus zeledoni","Passeriformes","Troglodytidae","Cantorchilus","zeledoni",NA
"Cantorchilus elutus","Passeriformes","Troglodytidae","Cantorchilus","elutus",NA
"Cantorchilus leucotis","Passeriformes","Troglodytidae","Cantorchilus","leucotis",0
"Cantorchilus superciliaris","Passeriformes","Troglodytidae","Cantorchilus","superciliaris",0
"Cantorchilus guarayanus","Passeriformes","Troglodytidae","Cantorchilus","guarayanus",0
"Cantorchilus longirostris","Passeriformes","Troglodytidae","Cantorchilus","longirostris",0
"Cantorchilus griseus","Passeriformes","Troglodytidae","Cantorchilus","griseus",0
"Cantorchilus semibadius","Passeriformes","Troglodytidae","Cantorchilus","semibadius",0
"Cantorchilus nigricapillus","Passeriformes","Troglodytidae","Cantorchilus","nigricapillus",0
"Cantorchilus thoracicus","Passeriformes","Troglodytidae","Cantorchilus","thoracicus",NA
"Cantorchilus leucopogon","Passeriformes","Troglodytidae","Cantorchilus","leucopogon",0
"Thryothorus ludovicianus","Passeriformes","Troglodytidae","Thryothorus","ludovicianus",NA
NA,"Passeriformes",NA,"Thryothorus","albinucha",NA
"Troglodytes troglodytes","Passeriformes","Troglodytidae","Troglodytes","troglodytes",0
"Troglodytes hiemalis","Passeriformes","Troglodytidae","Troglodytes","hiemalis",NA
"Troglodytes pacificus","Passeriformes","Troglodytidae","Troglodytes","pacificus",NA
"Troglodytes tanneri","Passeriformes","Troglodytidae","Troglodytes","tanneri",0
"Troglodytes aedon","Passeriformes","Troglodytidae","Troglodytes","aedon",0
"Troglodytes musculus","Passeriformes","Troglodytidae","Troglodytes","musculus",0
"Troglodytes beani","Passeriformes","Troglodytidae","Troglodytes","beani",0
"Troglodytes martinicensis","Passeriformes","Troglodytidae","Troglodytes","martinicensis",0
"Troglodytes mesoleucus","Passeriformes","Troglodytidae","Troglodytes","mesoleucus",0
"Troglodytes musicus","Passeriformes","Troglodytidae","Troglodytes","musicus",0
"Troglodytes grenadensis","Passeriformes","Troglodytidae","Troglodytes","grenadensis",0
"Troglodytes cobbi","Passeriformes","Troglodytidae","Troglodytes","cobbi",NA
"Troglodytes sissonii","Passeriformes","Troglodytidae","Troglodytes","sissonii",NA
"Troglodytes rufociliatus","Passeriformes","Troglodytidae","Troglodytes","rufociliatus",0
"Troglodytes ochraceus","Passeriformes","Troglodytidae","Troglodytes","ochraceus",0
"Troglodytes solstitialis","Passeriformes","Troglodytidae","Troglodytes","solstitialis",0
"Troglodytes monticola","Passeriformes","Troglodytidae","Troglodytes","monticola",NA
"Troglodytes rufulus","Passeriformes","Troglodytidae","Troglodytes","rufulus",NA
"Thryorchilus browni","Passeriformes","Troglodytidae","Thryorchilus","browni",NA
"Uropsila leucogastra","Passeriformes","Troglodytidae","Uropsila","leucogastra",NA
"Henicorhina leucosticta","Passeriformes","Troglodytidae","Henicorhina","leucosticta",0
"Henicorhina leucophrys","Passeriformes","Troglodytidae","Henicorhina","leucophrys",0
"Henicorhina anachoreta","Passeriformes","Troglodytidae","Henicorhina","anachoreta",NA
"Henicorhina leucoptera","Passeriformes","Troglodytidae","Henicorhina","leucoptera",NA
"Henicorhina negreti","Passeriformes","Troglodytidae","Henicorhina","negreti",NA
"Microcerculus philomela","Passeriformes","Troglodytidae","Microcerculus","philomela",NA
"Microcerculus marginatus","Passeriformes","Troglodytidae","Microcerculus","marginatus",0
"Microcerculus ustulatus","Passeriformes","Troglodytidae","Microcerculus","ustulatus",0
"Microcerculus bambla","Passeriformes","Troglodytidae","Microcerculus","bambla",NA
"Cyphorhinus dichrous","Passeriformes","Troglodytidae","Cyphorhinus","dichrous",0
"Cyphorhinus thoracicus","Passeriformes","Troglodytidae","Cyphorhinus","thoracicus",0
"Cyphorhinus arada","Passeriformes","Troglodytidae","Cyphorhinus","arada",0
"Cyphorhinus phaeocephalus","Passeriformes","Troglodytidae","Cyphorhinus","phaeocephalus",0
"Ramphocaenus sticturus","Passeriformes","Polioptilidae","Ramphocaenus","sticturus",0
"Ramphocaenus melanurus","Passeriformes","Polioptilidae","Ramphocaenus","melanurus",0
"Microbates cinereiventris","Passeriformes","Polioptilidae","Microbates","cinereiventris",0
"Microbates collaris","Passeriformes","Polioptilidae","Microbates","collaris",0
"Polioptila facilis","Passeriformes","Polioptilidae","Polioptila","facilis",NA
"Polioptila guianensis","Passeriformes","Polioptilidae","Polioptila","guianensis",0
"Polioptila schistaceigula","Passeriformes","Polioptilidae","Polioptila","schistaceigula",0
"Polioptila paraensis","Passeriformes","Polioptilidae","Polioptila","paraensis",NA
"Polioptila clementsi","Passeriformes","Polioptilidae","Polioptila","clementsi",NA
"Polioptila attenboroughi","Passeriformes","Polioptilidae","Polioptila","attenboroughi",0
"Polioptila plumbea","Passeriformes","Polioptilidae","Polioptila","plumbea",0
"Polioptila maior","Passeriformes","Polioptilidae","Polioptila","maior",NA
"Polioptila lactea","Passeriformes","Polioptilidae","Polioptila","lactea",0
"Polioptila dumicola","Passeriformes","Polioptilidae","Polioptila","dumicola",0
"Polioptila lembeyei","Passeriformes","Polioptilidae","Polioptila","lembeyei",0
"Polioptila albiventris","Passeriformes","Polioptilidae","Polioptila","albiventris",NA
"Polioptila bilineata","Passeriformes","Polioptilidae","Polioptila","bilineata",0
"Polioptila caerulea","Passeriformes","Polioptilidae","Polioptila","caerulea",0
"Polioptila melanura","Passeriformes","Polioptilidae","Polioptila","melanura",0
"Polioptila californica","Passeriformes","Polioptilidae","Polioptila","californica",0
"Polioptila nigriceps","Passeriformes","Polioptilidae","Polioptila","nigriceps",NA
"Polioptila albiloris","Passeriformes","Polioptilidae","Polioptila","albiloris",0
"Sitta leucopsis","Passeriformes","Sittidae","Sitta","leucopsis",NA
"Sitta przewalskii","Passeriformes","Sittidae","Sitta","przewalskii",NA
"Sitta magna","Passeriformes","Sittidae","Sitta","magna",0
"Sitta carolinensis","Passeriformes","Sittidae","Sitta","carolinensis",0
"Sitta formosa","Passeriformes","Sittidae","Sitta","formosa",0
"Sitta azurea","Passeriformes","Sittidae","Sitta","azurea",0
"Sitta frontalis","Passeriformes","Sittidae","Sitta","frontalis",NA
"Sitta solangiae","Passeriformes","Sittidae","Sitta","solangiae",0
"Sitta oenochlamys","Passeriformes","Sittidae","Sitta","oenochlamys",0
"Sitta pygmaea","Passeriformes","Sittidae","Sitta","pygmaea",0
"Sitta pusilla","Passeriformes","Sittidae","Sitta","pusilla",0
"Sitta insularis","Passeriformes","Sittidae","Sitta","insularis",1
"Sitta yunnanensis","Passeriformes","Sittidae","Sitta","yunnanensis",NA
"Sitta ledanti","Passeriformes","Sittidae","Sitta","ledanti",NA
"Sitta krueperi","Passeriformes","Sittidae","Sitta","krueperi",NA
"Sitta canadensis","Passeriformes","Sittidae","Sitta","canadensis",0
"Sitta whiteheadi","Passeriformes","Sittidae","Sitta","whiteheadi",NA
"Sitta villosa","Passeriformes","Sittidae","Sitta","villosa",0
"Sitta neumayer","Passeriformes","Sittidae","Sitta","neumayer",0
"Sitta tephronota","Passeriformes","Sittidae","Sitta","tephronota",0
"Sitta arctica","Passeriformes","Sittidae","Sitta","arctica",0
"Sitta victoriae","Passeriformes","Sittidae","Sitta","victoriae",0
"Sitta himalayensis","Passeriformes","Sittidae","Sitta","himalayensis",NA
"Sitta europaea","Passeriformes","Sittidae","Sitta","europaea",1
"Sitta nagaensis","Passeriformes","Sittidae","Sitta","nagaensis",NA
"Sitta cashmirensis","Passeriformes","Sittidae","Sitta","cashmirensis",NA
"Sitta castanea","Passeriformes","Sittidae","Sitta","castanea",NA
"Sitta cinnamoventris","Passeriformes","Sittidae","Sitta","cinnamoventris",NA
"Sitta neglecta","Passeriformes","Sittidae","Sitta","neglecta",NA
"Tichodroma muraria","Passeriformes","Tichodromidae","Tichodroma","muraria",0
"Certhia familiaris","Passeriformes","Certhiidae","Certhia","familiaris",0
"Certhia hodgsoni","Passeriformes","Certhiidae","Certhia","hodgsoni",NA
"Certhia americana","Passeriformes","Certhiidae","Certhia","americana",NA
"Certhia brachydactyla","Passeriformes","Certhiidae","Certhia","brachydactyla",NA
"Certhia himalayana","Passeriformes","Certhiidae","Certhia","himalayana",0
"Certhia nipalensis","Passeriformes","Certhiidae","Certhia","nipalensis",0
"Certhia discolor","Passeriformes","Certhiidae","Certhia","discolor",0
"Certhia manipurensis","Passeriformes","Certhiidae","Certhia","manipurensis",NA
"Certhia tianquanensis","Passeriformes","Certhiidae","Certhia","tianquanensis",NA
"Salpornis spilonota","Passeriformes","Salpornithidae","Salpornis","spilonota",1
"Salpornis salvadori","Passeriformes","Salpornithidae","Salpornis","salvadori",NA
"Dumetella carolinensis","Passeriformes","Mimidae","Dumetella","carolinensis",NA
"Melanoptila glabrirostris","Passeriformes","Mimidae","Melanoptila","glabrirostris",NA
"Mimus polyglottos","Passeriformes","Mimidae","Mimus","polyglottos",NA
"Mimus gilvus","Passeriformes","Mimidae","Mimus","gilvus",NA
"Mimus gundlachii","Passeriformes","Mimidae","Mimus","gundlachii",NA
"Mimus thenca","Passeriformes","Mimidae","Mimus","thenca",1
"Mimus longicaudatus","Passeriformes","Mimidae","Mimus","longicaudatus",1
"Mimus saturninus","Passeriformes","Mimidae","Mimus","saturninus",1
"Mimus patagonicus","Passeriformes","Mimidae","Mimus","patagonicus",0
"Mimus triurus","Passeriformes","Mimidae","Mimus","triurus",0
"Mimus dorsalis","Passeriformes","Mimidae","Mimus","dorsalis",NA
"Mimus parvulus","Passeriformes","Mimidae","Mimus","parvulus",1
"Mimus trifasciatus","Passeriformes","Mimidae","Mimus","trifasciatus",1
"Mimus macdonaldi","Passeriformes","Mimidae","Mimus","macdonaldi",1
"Mimus melanotis","Passeriformes","Mimidae","Mimus","melanotis",0
"Mimus graysoni","Passeriformes","Mimidae","Mimus","graysoni",NA
"Oreoscoptes montanus","Passeriformes","Mimidae","Oreoscoptes","montanus",NA
"Toxostoma rufum","Passeriformes","Mimidae","Toxostoma","rufum",0
"Toxostoma longirostre","Passeriformes","Mimidae","Toxostoma","longirostre",0
"Toxostoma guttatum","Passeriformes","Mimidae","Toxostoma","guttatum",NA
"Toxostoma cinereum","Passeriformes","Mimidae","Toxostoma","cinereum",0
"Toxostoma bendirei","Passeriformes","Mimidae","Toxostoma","bendirei",0
"Toxostoma ocellatum","Passeriformes","Mimidae","Toxostoma","ocellatum",NA
"Toxostoma curvirostre","Passeriformes","Mimidae","Toxostoma","curvirostre",0
"Toxostoma redivivum","Passeriformes","Mimidae","Toxostoma","redivivum",0
"Toxostoma crissale","Passeriformes","Mimidae","Toxostoma","crissale",0
"Toxostoma lecontei","Passeriformes","Mimidae","Toxostoma","lecontei",0
"Ramphocinclus brachyurus","Passeriformes","Mimidae","Ramphocinclus","brachyurus",0
"Ramphocinclus sanctaeluciae","Passeriformes","Mimidae","Ramphocinclus","sanctaeluciae",0
"Melanotis caerulescens","Passeriformes","Mimidae","Melanotis","caerulescens",NA
"Melanotis hypoleucus","Passeriformes","Mimidae","Melanotis","hypoleucus",1
"Allenia fusca","Passeriformes","Mimidae","Allenia","fusca",NA
"Margarops fuscatus","Passeriformes","Mimidae","Margarops","fuscatus",1
"Cinclocerthia ruficauda","Passeriformes","Mimidae","Cinclocerthia","ruficauda",1
"Cinclocerthia gutturalis","Passeriformes","Mimidae","Cinclocerthia","gutturalis",NA
"Aplonis metallica","Passeriformes","Sturnidae","Aplonis","metallica",0
"Aplonis circumscripta","Passeriformes","Sturnidae","Aplonis","circumscripta",NA
"Aplonis mystacea","Passeriformes","Sturnidae","Aplonis","mystacea",0
"Aplonis cantoroides","Passeriformes","Sturnidae","Aplonis","cantoroides",1
"Aplonis crassa","Passeriformes","Sturnidae","Aplonis","crassa",NA
"Aplonis feadensis","Passeriformes","Sturnidae","Aplonis","feadensis",NA
"Aplonis insularis","Passeriformes","Sturnidae","Aplonis","insularis",NA
"Aplonis magna","Passeriformes","Sturnidae","Aplonis","magna",NA
"Aplonis brunneicapillus","Passeriformes","Sturnidae","Aplonis","brunneicapillus",0
"Aplonis grandis","Passeriformes","Sturnidae","Aplonis","grandis",0
"Aplonis dichroa","Passeriformes","Sturnidae","Aplonis","dichroa",0
"Aplonis zelandica","Passeriformes","Sturnidae","Aplonis","zelandica",NA
"Aplonis striata","Passeriformes","Sturnidae","Aplonis","striata",NA
"Aplonis fusca","Passeriformes","Sturnidae","Aplonis","fusca",NA
"Aplonis santovestris","Passeriformes","Sturnidae","Aplonis","santovestris",NA
"Aplonis panayensis","Passeriformes","Sturnidae","Aplonis","panayensis",0
"Aplonis mysolensis","Passeriformes","Sturnidae","Aplonis","mysolensis",0
"Aplonis minor","Passeriformes","Sturnidae","Aplonis","minor",NA
"Aplonis opaca","Passeriformes","Sturnidae","Aplonis","opaca",NA
"Aplonis pelzelni","Passeriformes","Sturnidae","Aplonis","pelzelni",NA
"Aplonis tabuensis","Passeriformes","Sturnidae","Aplonis","tabuensis",NA
"Aplonis atrifusca","Passeriformes","Sturnidae","Aplonis","atrifusca",NA
"Aplonis corvina","Passeriformes","Sturnidae","Aplonis","corvina",NA
"Aplonis mavornata","Passeriformes","Sturnidae","Aplonis","mavornata",NA
"Aplonis cinerascens","Passeriformes","Sturnidae","Aplonis","cinerascens",NA
"Mino dumontii","Passeriformes","Sturnidae","Mino","dumontii",NA
"Mino kreffti","Passeriformes","Sturnidae","Mino","kreffti",NA
"Mino anais","Passeriformes","Sturnidae","Mino","anais",NA
"Basilornis celebensis","Passeriformes","Sturnidae","Basilornis","celebensis",NA
"Basilornis galeatus","Passeriformes","Sturnidae","Basilornis","galeatus",NA
"Basilornis corythaix","Passeriformes","Sturnidae","Basilornis","corythaix",NA
"Goodfellowia miranda","Passeriformes","Sturnidae","Goodfellowia","miranda",NA
"Sarcops calvus","Passeriformes","Sturnidae","Sarcops","calvus",NA
"Streptocitta albicollis","Passeriformes","Sturnidae","Streptocitta","albicollis",NA
NA,"Passeriformes",NA,"Streptocitta","torquata",NA
"Streptocitta albertinae","Passeriformes","Sturnidae","Streptocitta","albertinae",NA
"Enodes erythrophris","Passeriformes","Sturnidae","Enodes","erythrophris",NA
"Scissirostrum dubium","Passeriformes","Sturnidae","Scissirostrum","dubium",1
"Saroglossa spilopterus","Passeriformes","Sturnidae","Saroglossa","spilopterus",NA
"Ampeliceps coronatus","Passeriformes","Sturnidae","Ampeliceps","coronatus",NA
"Gracula ptilogenys","Passeriformes","Sturnidae","Gracula","ptilogenys",NA
"Gracula religiosa","Passeriformes","Sturnidae","Gracula","religiosa",1
"Gracula robusta","Passeriformes","Sturnidae","Gracula","robusta",NA
"Gracula venerata","Passeriformes","Sturnidae","Gracula","venerata",NA
"Gracula indica","Passeriformes","Sturnidae","Gracula","indica",NA
"Acridotheres grandis","Passeriformes","Sturnidae","Acridotheres","grandis",NA
"Acridotheres cristatellus","Passeriformes","Sturnidae","Acridotheres","cristatellus",NA
"Acridotheres javanicus","Passeriformes","Sturnidae","Acridotheres","javanicus",NA
"Acridotheres cinereus","Passeriformes","Sturnidae","Acridotheres","cinereus",NA
"Acridotheres fuscus","Passeriformes","Sturnidae","Acridotheres","fuscus",1
"Acridotheres albocinctus","Passeriformes","Sturnidae","Acridotheres","albocinctus",1
"Acridotheres ginginianus","Passeriformes","Sturnidae","Acridotheres","ginginianus",1
"Acridotheres tristis","Passeriformes","Sturnidae","Acridotheres","tristis",NA
"Acridotheres burmannicus","Passeriformes","Sturnidae","Acridotheres","burmannicus",1
"Acridotheres leucocephalus","Passeriformes","Sturnidae","Acridotheres","leucocephalus",0
"Acridotheres melanopterus","Passeriformes","Sturnidae","Acridotheres","melanopterus",1
"Spodiopsar sericeus","Passeriformes","Sturnidae","Spodiopsar","sericeus",NA
"Spodiopsar cineraceus","Passeriformes","Sturnidae","Spodiopsar","cineraceus",NA
"Gracupica nigricollis","Passeriformes","Sturnidae","Gracupica","nigricollis",NA
"Gracupica contra","Passeriformes","Sturnidae","Gracupica","contra",NA
"Gracupica floweri","Passeriformes","Sturnidae","Gracupica","floweri",0
"Gracupica jalla","Passeriformes","Sturnidae","Gracupica","jalla",NA
"Agropsar sturninus","Passeriformes","Sturnidae","Agropsar","sturninus",NA
"Agropsar philippensis","Passeriformes","Sturnidae","Agropsar","philippensis",NA
"Sturnia sinensis","Passeriformes","Sturnidae","Sturnia","sinensis",NA
"Sturnia malabarica","Passeriformes","Sturnidae","Sturnia","malabarica",NA
"Sturnia erythropygia","Passeriformes","Sturnidae","Sturnia","erythropygia",NA
"Sturnia blythii","Passeriformes","Sturnidae","Sturnia","blythii",NA
"Sturnia pagodarum","Passeriformes","Sturnidae","Sturnia","pagodarum",0
"Sturnornis albofrontatus","Passeriformes","Sturnidae","Sturnornis","albofrontatus",NA
"Leucopsar rothschildi","Passeriformes","Sturnidae","Leucopsar","rothschildi",NA
"Fregilupus varius","Passeriformes","Sturnidae","Fregilupus","varius",NA
"Necropsar rodericanus","Passeriformes","Sturnidae","Necropsar","rodericanus",NA
"Pastor roseus","Passeriformes","Sturnidae","Pastor","roseus",NA
"Sturnus vulgaris","Passeriformes","Sturnidae","Sturnus","vulgaris",NA
"Sturnus unicolor","Passeriformes","Sturnidae","Sturnus","unicolor",1
"Creatophora cinerea","Passeriformes","Sturnidae","Creatophora","cinerea",1
"Notopholia corusca","Passeriformes","Sturnidae","Notopholia","corusca",NA
"Hylopsar purpureiceps","Passeriformes","Sturnidae","Hylopsar","purpureiceps",NA
"Hylopsar cupreocauda","Passeriformes","Sturnidae","Hylopsar","cupreocauda",NA
"Lamprotornis nitens","Passeriformes","Sturnidae","Lamprotornis","nitens",NA
"Lamprotornis chalybaeus","Passeriformes","Sturnidae","Lamprotornis","chalybaeus",NA
"Lamprotornis chloropterus","Passeriformes","Sturnidae","Lamprotornis","chloropterus",NA
"Lamprotornis chalcurus","Passeriformes","Sturnidae","Lamprotornis","chalcurus",NA
"Lamprotornis splendidus","Passeriformes","Sturnidae","Lamprotornis","splendidus",NA
"Lamprotornis ornatus","Passeriformes","Sturnidae","Lamprotornis","ornatus",NA
"Lamprotornis iris","Passeriformes","Sturnidae","Lamprotornis","iris",NA
"Lamprotornis purpureus","Passeriformes","Sturnidae","Lamprotornis","purpureus",NA
"Lamprotornis purpuroptera","Passeriformes","Sturnidae","Lamprotornis","purpuroptera",NA
"Lamprotornis caudatus","Passeriformes","Sturnidae","Lamprotornis","caudatus",1
"Lamprotornis regius","Passeriformes","Sturnidae","Lamprotornis","regius",NA
"Lamprotornis mevesii","Passeriformes","Sturnidae","Lamprotornis","mevesii",NA
NA,"Passeriformes",NA,"Lamprotornis","benguelensis",NA
NA,"Passeriformes",NA,"Lamprotornis","violacior",NA
"Lamprotornis australis","Passeriformes","Sturnidae","Lamprotornis","australis",NA
"Lamprotornis acuticaudus","Passeriformes","Sturnidae","Lamprotornis","acuticaudus",NA
"Lamprotornis superbus","Passeriformes","Sturnidae","Lamprotornis","superbus",NA
"Lamprotornis hildebrandti","Passeriformes","Sturnidae","Lamprotornis","hildebrandti",NA
"Lamprotornis shelleyi","Passeriformes","Sturnidae","Lamprotornis","shelleyi",NA
"Lamprotornis pulcher","Passeriformes","Sturnidae","Lamprotornis","pulcher",NA
"Lamprotornis unicolor","Passeriformes","Sturnidae","Lamprotornis","unicolor",NA
"Lamprotornis fischeri","Passeriformes","Sturnidae","Lamprotornis","fischeri",NA
"Lamprotornis bicolor","Passeriformes","Sturnidae","Lamprotornis","bicolor",NA
"Lamprotornis albicapillus","Passeriformes","Sturnidae","Lamprotornis","albicapillus",1
"Hartlaubius auratus","Passeriformes","Sturnidae","Hartlaubius","auratus",NA
"Cinnyricinclus leucogaster","Passeriformes","Sturnidae","Cinnyricinclus","leucogaster",NA
"Onychognathus morio","Passeriformes","Sturnidae","Onychognathus","morio",NA
"Onychognathus tenuirostris","Passeriformes","Sturnidae","Onychognathus","tenuirostris",NA
"Onychognathus fulgidus","Passeriformes","Sturnidae","Onychognathus","fulgidus",NA
"Onychognathus walleri","Passeriformes","Sturnidae","Onychognathus","walleri",NA
"Onychognathus blythii","Passeriformes","Sturnidae","Onychognathus","blythii",NA
"Onychognathus frater","Passeriformes","Sturnidae","Onychognathus","frater",NA
"Onychognathus tristramii","Passeriformes","Sturnidae","Onychognathus","tristramii",NA
"Onychognathus nabouroup","Passeriformes","Sturnidae","Onychognathus","nabouroup",0
"Onychognathus salvadorii","Passeriformes","Sturnidae","Onychognathus","salvadorii",0
"Onychognathus albirostris","Passeriformes","Sturnidae","Onychognathus","albirostris",NA
"Onychognathus neumanni","Passeriformes","Sturnidae","Onychognathus","neumanni",1
"Poeoptera stuhlmanni","Passeriformes","Sturnidae","Poeoptera","stuhlmanni",NA
"Poeoptera kenricki","Passeriformes","Sturnidae","Poeoptera","kenricki",NA
"Poeoptera lugubris","Passeriformes","Sturnidae","Poeoptera","lugubris",1
"Pholia sharpii","Passeriformes","Sturnidae","Pholia","sharpii",NA
"Arizelopsar femoralis","Passeriformes","Sturnidae","Arizelopsar","femoralis",NA
"Grafisia torquata","Passeriformes","Sturnidae","Grafisia","torquata",NA
"Speculipastor bicolor","Passeriformes","Sturnidae","Speculipastor","bicolor",NA
"Neocichla gutturalis","Passeriformes","Sturnidae","Neocichla","gutturalis",NA
"Rhabdornis mystacalis","Passeriformes","Sturnidae","Rhabdornis","mystacalis",0
"Rhabdornis inornatus","Passeriformes","Sturnidae","Rhabdornis","inornatus",1
"Rhabdornis rabori","Passeriformes","Sturnidae","Rhabdornis","rabori",NA
"Rhabdornis grandis","Passeriformes","Sturnidae","Rhabdornis","grandis",0
"Buphagus africanus","Passeriformes","Buphagidae","Buphagus","africanus",0
"Buphagus erythrorynchus","Passeriformes","Buphagidae","Buphagus","erythrorynchus",1
"Grandala coelicolor","Passeriformes","Turdidae","Grandala","coelicolor",1
"Sialia currucoides","Passeriformes","Turdidae","Sialia","currucoides",1
"Sialia mexicana","Passeriformes","Turdidae","Sialia","mexicana",1
"Sialia sialis","Passeriformes","Turdidae","Sialia","sialis",1
"Stizorhina finschi","Passeriformes","Turdidae","Stizorhina","finschi",NA
"Stizorhina fraseri","Passeriformes","Turdidae","Stizorhina","fraseri",NA
"Neocossyphus poensis","Passeriformes","Turdidae","Neocossyphus","poensis",NA
"Neocossyphus rufus","Passeriformes","Turdidae","Neocossyphus","rufus",1
"Pinarornis plumosus","Passeriformes","Turdidae","Pinarornis","plumosus",0
"Myadestes occidentalis","Passeriformes","Turdidae","Myadestes","occidentalis",NA
"Myadestes unicolor","Passeriformes","Turdidae","Myadestes","unicolor",NA
"Myadestes townsendi","Passeriformes","Turdidae","Myadestes","townsendi",NA
"Myadestes myadestinus","Passeriformes","Turdidae","Myadestes","myadestinus",NA
"Myadestes woahensis","Passeriformes","Turdidae","Myadestes","woahensis",NA
"Myadestes lanaiensis","Passeriformes","Turdidae","Myadestes","lanaiensis",NA
"Myadestes obscurus","Passeriformes","Turdidae","Myadestes","obscurus",NA
"Myadestes palmeri","Passeriformes","Turdidae","Myadestes","palmeri",NA
"Myadestes elisabeth","Passeriformes","Turdidae","Myadestes","elisabeth",NA
"Myadestes genibarbis","Passeriformes","Turdidae","Myadestes","genibarbis",1
"Myadestes melanops","Passeriformes","Turdidae","Myadestes","melanops",1
"Myadestes coloratus","Passeriformes","Turdidae","Myadestes","coloratus",NA
"Myadestes ralloides","Passeriformes","Turdidae","Myadestes","ralloides",NA
"Chlamydochaera jefferyi","Passeriformes","Turdidae","Chlamydochaera","jefferyi",NA
"Cochoa purpurea","Passeriformes","Turdidae","Cochoa","purpurea",NA
"Cochoa viridis","Passeriformes","Turdidae","Cochoa","viridis",1
"Cochoa beccarii","Passeriformes","Turdidae","Cochoa","beccarii",NA
"Cochoa azurea","Passeriformes","Turdidae","Cochoa","azurea",NA
"Ixoreus naevius","Passeriformes","Turdidae","Ixoreus","naevius",NA
"Ridgwayia pinicola","Passeriformes","Turdidae","Ridgwayia","pinicola",1
"Cichlopsis leucogenys","Passeriformes","Turdidae","Cichlopsis","leucogenys",0
NA,"Passeriformes",NA,"Cichlopsis","gularis",NA
NA,"Passeriformes",NA,"Cichlopsis","chubbi",NA
NA,"Passeriformes",NA,"Cichlopsis","peruviana",NA
"Entomodestes coracinus","Passeriformes","Turdidae","Entomodestes","coracinus",1
"Entomodestes leucotis","Passeriformes","Turdidae","Entomodestes","leucotis",1
"Hylocichla mustelina","Passeriformes","Turdidae","Hylocichla","mustelina",1
"Catharus dryas","Passeriformes","Turdidae","Catharus","dryas",NA
"Catharus maculatus","Passeriformes","Turdidae","Catharus","maculatus",NA
"Catharus aurantiirostris","Passeriformes","Turdidae","Catharus","aurantiirostris",NA
"Catharus mexicanus","Passeriformes","Turdidae","Catharus","mexicanus",NA
"Catharus fuscater","Passeriformes","Turdidae","Catharus","fuscater",0
"Catharus ustulatus","Passeriformes","Turdidae","Catharus","ustulatus",1
NA,"Passeriformes",NA,"Catharus","swainsoni",NA
"Catharus gracilirostris","Passeriformes","Turdidae","Catharus","gracilirostris",NA
"Catharus guttatus","Passeriformes","Turdidae","Catharus","guttatus",NA
"Catharus occidentalis","Passeriformes","Turdidae","Catharus","occidentalis",NA
"Catharus frantzii","Passeriformes","Turdidae","Catharus","frantzii",NA
"Catharus minimus","Passeriformes","Turdidae","Catharus","minimus",NA
"Catharus bicknelli","Passeriformes","Turdidae","Catharus","bicknelli",NA
"Catharus fuscescens","Passeriformes","Turdidae","Catharus","fuscescens",NA
"Zoothera dixoni","Passeriformes","Turdidae","Zoothera","dixoni",1
"Zoothera mollissima","Passeriformes","Turdidae","Zoothera","mollissima",1
"Zoothera salimalii","Passeriformes","Turdidae","Zoothera","salimalii",NA
"Zoothera griseiceps","Passeriformes","Turdidae","Zoothera","griseiceps",NA
"Zoothera monticola","Passeriformes","Turdidae","Zoothera","monticola",NA
"Zoothera heinrichi","Passeriformes","Turdidae","Zoothera","heinrichi",NA
"Zoothera marginata","Passeriformes","Turdidae","Zoothera","marginata",NA
"Zoothera everetti","Passeriformes","Turdidae","Zoothera","everetti",1
"Zoothera andromedae","Passeriformes","Turdidae","Zoothera","andromedae",NA
"Zoothera aurea","Passeriformes","Turdidae","Zoothera","aurea",NA
"Zoothera dauma","Passeriformes","Turdidae","Zoothera","dauma",NA
"Zoothera neilgherriensis","Passeriformes","Turdidae","Zoothera","neilgherriensis",NA
"Zoothera imbricata","Passeriformes","Turdidae","Zoothera","imbricata",NA
"Zoothera major","Passeriformes","Turdidae","Zoothera","major",NA
"Zoothera terrestris","Passeriformes","Turdidae","Zoothera","terrestris",NA
"Zoothera turipavae","Passeriformes","Turdidae","Zoothera","turipavae",NA
"Zoothera margaretae","Passeriformes","Turdidae","Zoothera","margaretae",NA
"Zoothera heinei","Passeriformes","Turdidae","Zoothera","heinei",NA
"Zoothera machiki","Passeriformes","Turdidae","Zoothera","machiki",NA
"Zoothera lunulata","Passeriformes","Turdidae","Zoothera","lunulata",NA
"Zoothera talaseae","Passeriformes","Turdidae","Zoothera","talaseae",NA
"Zoothera atrigena","Passeriformes","Turdidae","Zoothera","atrigena",NA
"Geokichla sibirica","Passeriformes","Turdidae","Geokichla","sibirica",1
"Geokichla wardii","Passeriformes","Turdidae","Geokichla","wardii",NA
"Geokichla princei","Passeriformes","Turdidae","Geokichla","princei",NA
"Geokichla camaronensis","Passeriformes","Turdidae","Geokichla","camaronensis",NA
"Geokichla guttata","Passeriformes","Turdidae","Geokichla","guttata",NA
"Geokichla spiloptera","Passeriformes","Turdidae","Geokichla","spiloptera",NA
"Geokichla crossleyi","Passeriformes","Turdidae","Geokichla","crossleyi",NA
"Geokichla piaggiae","Passeriformes","Turdidae","Geokichla","piaggiae",NA
"Geokichla oberlaenderi","Passeriformes","Turdidae","Geokichla","oberlaenderi",NA
"Geokichla gurneyi","Passeriformes","Turdidae","Geokichla","gurneyi",NA
"Geokichla citrina","Passeriformes","Turdidae","Geokichla","citrina",NA
"Geokichla dumasi","Passeriformes","Turdidae","Geokichla","dumasi",NA
"Geokichla joiceyi","Passeriformes","Turdidae","Geokichla","joiceyi",NA
"Geokichla peronii","Passeriformes","Turdidae","Geokichla","peronii",1
"Geokichla schistacea","Passeriformes","Turdidae","Geokichla","schistacea",NA
"Geokichla interpres","Passeriformes","Turdidae","Geokichla","interpres",NA
"Geokichla leucolaema","Passeriformes","Turdidae","Geokichla","leucolaema",NA
"Geokichla dohertyi","Passeriformes","Turdidae","Geokichla","dohertyi",NA
"Geokichla cinerea","Passeriformes","Turdidae","Geokichla","cinerea",NA
"Geokichla erythronota","Passeriformes","Turdidae","Geokichla","erythronota",NA
"Geokichla mendeni","Passeriformes","Turdidae","Geokichla","mendeni",NA
"Turdus simensis","Passeriformes","Turdidae","Psophocichla","simensis",NA
"Turdus litsitsirupa","Passeriformes","Turdidae","Psophocichla","litsitsirupa",NA
"Turdus mupinensis","Passeriformes","Turdidae","Otocichla","mupinensis",NA
"Turdus philomelos","Passeriformes","Turdidae","Turdus","philomelos",NA
"Turdus viscivorus","Passeriformes","Turdidae","Turdus","viscivorus",1
"Turdus pelios","Passeriformes","Turdidae","Turdus","pelios",NA
"Turdus xanthorhynchus","Passeriformes","Turdidae","Turdus","xanthorhynchus",NA
"Turdus olivaceofuscus","Passeriformes","Turdidae","Turdus","olivaceofuscus",NA
"Turdus abyssinicus","Passeriformes","Turdidae","Turdus","abyssinicus",NA
"Turdus helleri","Passeriformes","Turdidae","Turdus","helleri",NA
"Turdus roehli","Passeriformes","Turdidae","Turdus","roehli",NA
"Turdus olivaceus","Passeriformes","Turdidae","Turdus","olivaceus",NA
"Turdus libonyana","Passeriformes","Turdidae","Turdus","libonyana",0
"Turdus bewsheri","Passeriformes","Turdidae","Turdus","bewsheri",NA
"Turdus tephronotus","Passeriformes","Turdidae","Turdus","tephronotus",NA
"Turdus smithi","Passeriformes","Turdidae","Turdus","smithi",NA
"Turdus ludoviciae","Passeriformes","Turdidae","Turdus","ludoviciae",1
"Turdus mandarinus","Passeriformes","Turdidae","Turdus","mandarinus",NA
"Turdus iliacus","Passeriformes","Turdidae","Turdus","iliacus",1
"Turdus merula","Passeriformes","Turdidae","Turdus","merula",NA
"Turdus menachensis","Passeriformes","Turdidae","Turdus","menachensis",NA
"Turdus niveiceps","Passeriformes","Turdidae","Turdus","niveiceps",NA
"Turdus boulboul","Passeriformes","Turdidae","Turdus","boulboul",1
"Turdus simillimus","Passeriformes","Turdidae","Turdus","simillimus",NA
"Turdus unicolor","Passeriformes","Turdidae","Turdus","unicolor",1
"Turdus dissimilis","Passeriformes","Turdidae","Turdus","dissimilis",0
"Turdus cardis","Passeriformes","Turdidae","Turdus","cardis",NA
"Turdus hortulorum","Passeriformes","Turdidae","Turdus","hortulorum",NA
"Turdus obscurus","Passeriformes","Turdidae","Turdus","obscurus",1
"Turdus pallidus","Passeriformes","Turdidae","Turdus","pallidus",NA
"Turdus feae","Passeriformes","Turdidae","Turdus","feae",NA
"Turdus chrysolaus","Passeriformes","Turdidae","Turdus","chrysolaus",NA
"Turdus celaenops","Passeriformes","Turdidae","Turdus","celaenops",NA
"Turdus mindorensis","Passeriformes","Turdidae","Turdus","mindorensis",NA
"Turdus thomassoni","Passeriformes","Turdidae","Turdus","thomassoni",NA
"Turdus nigrorum","Passeriformes","Turdidae","Turdus","nigrorum",NA
"Turdus schlegelii","Passeriformes","Turdidae","Turdus","schlegelii",NA
"Turdus erythropleurus","Passeriformes","Turdidae","Turdus","erythropleurus",NA
"Turdus javanicus","Passeriformes","Turdidae","Turdus","javanicus",NA
"Turdus deningeri","Passeriformes","Turdidae","Turdus","deningeri",NA
"Turdus papuensis","Passeriformes","Turdidae","Turdus","papuensis",NA
"Turdus heinrothi","Passeriformes","Turdidae","Turdus","heinrothi",NA
"Turdus bougainvillei","Passeriformes","Turdidae","Turdus","bougainvillei",NA
"Turdus kulambangrae","Passeriformes","Turdidae","Turdus","kulambangrae",NA
"Turdus vanikorensis","Passeriformes","Turdidae","Turdus","vanikorensis",NA
"Turdus pritzbueri","Passeriformes","Turdidae","Turdus","pritzbueri",NA
"Turdus xanthopus","Passeriformes","Turdidae","Turdus","xanthopus",NA
"Turdus poliocephalus","Passeriformes","Turdidae","Turdus","poliocephalus",NA
"Turdus samoensis","Passeriformes","Turdidae","Turdus","samoensis",NA
"Turdus ruficeps","Passeriformes","Turdidae","Turdus","ruficeps",NA
"Turdus maximus","Passeriformes","Turdidae","Turdus","maximus",NA
"Turdus kessleri","Passeriformes","Turdidae","Turdus","kessleri",1
"Turdus pilaris","Passeriformes","Turdidae","Turdus","pilaris",1
"Turdus torquatus","Passeriformes","Turdidae","Turdus","torquatus",NA
"Turdus atrogularis","Passeriformes","Turdidae","Turdus","atrogularis",NA
"Turdus ruficollis","Passeriformes","Turdidae","Turdus","ruficollis",NA
"Turdus eunomus","Passeriformes","Turdidae","Turdus","eunomus",NA
"Turdus naumanni","Passeriformes","Turdidae","Turdus","naumanni",NA
"Turdus rubrocanus","Passeriformes","Turdidae","Turdus","rubrocanus",1
"Turdus albocinctus","Passeriformes","Turdidae","Turdus","albocinctus",1
"Turdus turdoides","Passeriformes","Turdidae","Cataponera","turdoides",1
"Turdus migratorius","Passeriformes","Turdidae","Turdus","migratorius",1
NA,"Passeriformes",NA,"Turdus","confinis",NA
"Turdus infuscatus","Passeriformes","Turdidae","Turdus","infuscatus",1
"Turdus rufitorques","Passeriformes","Turdidae","Turdus","rufitorques",1
"Turdus nigrescens","Passeriformes","Turdidae","Turdus","nigrescens",1
"Turdus plumbeus","Passeriformes","Turdidae","Turdus","plumbeus",0
NA,"Passeriformes",NA,"Turdus","rubripes",0
NA,"Passeriformes",NA,"Turdus","ardosiaceus",0
NA,"Passeriformes",NA,"Aplonis","ulietensis",NA
"Turdus ravidus","Passeriformes","Turdidae","Turdus","ravidus",NA
"Turdus aurantius","Passeriformes","Turdidae","Turdus","aurantius",NA
"Turdus lherminieri","Passeriformes","Turdidae","Turdus","lherminieri",1
"Turdus plebejus","Passeriformes","Turdidae","Turdus","plebejus",1
"Turdus leucops","Passeriformes","Turdidae","Turdus","leucops",0
"Turdus jamaicensis","Passeriformes","Turdidae","Turdus","jamaicensis",NA
"Turdus swalesi","Passeriformes","Turdidae","Turdus","swalesi",NA
"Turdus fulviventris","Passeriformes","Turdidae","Turdus","fulviventris",NA
"Turdus reevei","Passeriformes","Turdidae","Turdus","reevei",NA
"Turdus chiguanco","Passeriformes","Turdidae","Turdus","chiguanco",NA
NA,"Passeriformes",NA,"Turdus","anthracinus",NA
"Turdus nigriceps","Passeriformes","Turdidae","Turdus","nigriceps",NA
"Turdus serranus","Passeriformes","Turdidae","Turdus","serranus",1
"Turdus olivater","Passeriformes","Turdidae","Turdus","olivater",NA
"Turdus fuscater","Passeriformes","Turdidae","Turdus","fuscater",1
"Turdus falcklandii","Passeriformes","Turdidae","Turdus","falcklandii",NA
"Turdus lawrencii","Passeriformes","Turdidae","Turdus","lawrencii",NA
"Turdus murinus","Passeriformes","Turdidae","Turdus","murinus",NA
"Turdus subalaris","Passeriformes","Turdidae","Turdus","subalaris",NA
"Turdus amaurochalinus","Passeriformes","Turdidae","Turdus","amaurochalinus",NA
"Turdus eremita","Passeriformes","Turdidae","Turdus","eremita",NA
"Turdus maranonicus","Passeriformes","Turdidae","Turdus","maranonicus",NA
"Turdus ignobilis","Passeriformes","Turdidae","Turdus","ignobilis",NA
NA,"Passeriformes",NA,"Turdus","debilis",NA
"Turdus arthuri","Passeriformes","Turdidae","Turdus","arthuri",NA
"Turdus flavipes","Passeriformes","Turdidae","Turdus","flavipes",0
"Turdus assimilis","Passeriformes","Turdidae","Turdus","assimilis",NA
"Turdus daguae","Passeriformes","Turdidae","Turdus","daguae",NA
"Turdus albicollis","Passeriformes","Turdidae","Turdus","albicollis",0
"Turdus rufopalliatus","Passeriformes","Turdidae","Turdus","rufopalliatus",NA
"Turdus obsoletus","Passeriformes","Turdidae","Turdus","obsoletus",1
"Turdus leucomelas","Passeriformes","Turdidae","Turdus","leucomelas",NA
"Turdus fumigatus","Passeriformes","Turdidae","Turdus","fumigatus",0
"Turdus hauxwelli","Passeriformes","Turdidae","Turdus","hauxwelli",NA
"Turdus rufiventris","Passeriformes","Turdidae","Turdus","rufiventris",0
"Turdus grayi","Passeriformes","Turdidae","Turdus","grayi",0
"Turdus nudigenis","Passeriformes","Turdidae","Turdus","nudigenis",NA
"Turdus maculirostris","Passeriformes","Turdidae","Turdus","maculirostris",NA
"Turdus sanchezorum","Passeriformes","Turdidae","Turdus","sanchezorum",0
"Turdus haplochrous","Passeriformes","Turdidae","Turdus","haplochrous",NA
"Alethe diademata","Passeriformes","Muscicapidae","Alethe","diademata",NA
"Alethe castanea","Passeriformes","Muscicapidae","Alethe","castanea",1
"Tychaedon coryphoeus","Passeriformes","Muscicapidae","Tychaedon","coryphoeus",NA
"Tychaedon signata","Passeriformes","Muscicapidae","Tychaedon","signata",NA
"Tychaedon leucosticta","Passeriformes","Muscicapidae","Tychaedon","leucosticta",NA
"Tychaedon quadrivirgata","Passeriformes","Muscicapidae","Tychaedon","quadrivirgata",NA
"Tychaedon barbata","Passeriformes","Muscicapidae","Tychaedon","barbata",NA
"Cercotrichas paena","Passeriformes","Muscicapidae","Cercotrichas","paena",NA
"Cercotrichas podobe","Passeriformes","Muscicapidae","Cercotrichas","podobe",NA
"Cercotrichas galactotes","Passeriformes","Muscicapidae","Cercotrichas","galactotes",NA
"Cercotrichas hartlaubi","Passeriformes","Muscicapidae","Cercotrichas","hartlaubi",NA
"Cercotrichas leucophrys","Passeriformes","Muscicapidae","Cercotrichas","leucophrys",NA
"Copsychus saularis","Passeriformes","Muscicapidae","Copsychus","saularis",NA
"Copsychus sechellarum","Passeriformes","Muscicapidae","Copsychus","sechellarum",NA
"Copsychus mindanensis","Passeriformes","Muscicapidae","Copsychus","mindanensis",NA
"Copsychus albospecularis","Passeriformes","Muscicapidae","Copsychus","albospecularis",NA
NA,"Passeriformes",NA,"Copsychus","pica",NA
"Copsychus pyrropygus","Passeriformes","Muscicapidae","Copsychus","pyrropygus",NA
"Copsychus fulicatus","Passeriformes","Muscicapidae","Copsychus","fulicatus",NA
"Copsychus luzoniensis","Passeriformes","Muscicapidae","Copsychus","luzoniensis",NA
"Copsychus superciliaris","Passeriformes","Muscicapidae","Copsychus","superciliaris",NA
"Copsychus niger","Passeriformes","Muscicapidae","Copsychus","niger",NA
"Copsychus cebuensis","Passeriformes","Muscicapidae","Copsychus","cebuensis",NA
"Copsychus albiventris","Passeriformes","Muscicapidae","Copsychus","albiventris",NA
"Copsychus omissus","Passeriformes","Muscicapidae","Copsychus","omissus",NA
"Copsychus stricklandii","Passeriformes","Muscicapidae","Copsychus","stricklandii",NA
"Copsychus barbouri","Passeriformes","Muscicapidae","Copsychus","barbouri",NA
"Copsychus nigricauda","Passeriformes","Muscicapidae","Copsychus","nigricauda",NA
"Copsychus leggei","Passeriformes","Muscicapidae","Copsychus","leggei",NA
"Copsychus malabaricus","Passeriformes","Muscicapidae","Copsychus","malabaricus",NA
"Agricola pallidus","Passeriformes","Muscicapidae","Agricola","pallidus",0
"Agricola infuscatus","Passeriformes","Muscicapidae","Agricola","infuscatus",0
"Fraseria cinerascens","Passeriformes","Muscicapidae","Fraseria","cinerascens",0
"Fraseria ocreata","Passeriformes","Muscicapidae","Fraseria","ocreata",1
"Fraseria griseigularis","Passeriformes","Muscicapidae","Fraseria","griseigularis",0
"Fraseria plumbea","Passeriformes","Muscicapidae","Fraseria","plumbea",0
"Fraseria olivascens","Passeriformes","Muscicapidae","Fraseria","olivascens",0
"Fraseria lendu","Passeriformes","Muscicapidae","Fraseria","lendu",0
"Fraseria caerulescens","Passeriformes","Muscicapidae","Fraseria","caerulescens",NA
"Fraseria tessmanni","Passeriformes","Muscicapidae","Fraseria","tessmanni",NA
"Melaenornis brunneus","Passeriformes","Muscicapidae","Melaenornis","brunneus",NA
"Melaenornis fischeri","Passeriformes","Muscicapidae","Melaenornis","fischeri",0
"Melaenornis chocolatinus","Passeriformes","Muscicapidae","Melaenornis","chocolatinus",NA
"Melaenornis annamarulae","Passeriformes","Muscicapidae","Melaenornis","annamarulae",0
"Melaenornis ardesiacus","Passeriformes","Muscicapidae","Melaenornis","ardesiacus",0
"Melaenornis edolioides","Passeriformes","Muscicapidae","Melaenornis","edolioides",0
"Melaenornis pammelaina","Passeriformes","Muscicapidae","Melaenornis","pammelaina",0
"Namibornis herero","Passeriformes","Muscicapidae","Namibornis","herero",0
"Empidornis semipartitus","Passeriformes","Muscicapidae","Empidornis","semipartitus",0
"Sigelus silens","Passeriformes","Muscicapidae","Sigelus","silens",0
"Bradornis comitatus","Passeriformes","Muscicapidae","Bradornis","comitatus",0
"Bradornis microrhynchus","Passeriformes","Muscicapidae","Bradornis","microrhynchus",0
"Bradornis mariquensis","Passeriformes","Muscicapidae","Bradornis","mariquensis",NA
"Myopornis boehmi","Passeriformes","Muscicapidae","Myopornis","boehmi",0
"Artomyias ussheri","Passeriformes","Muscicapidae","Artomyias","ussheri",0
"Artomyias fuliginosa","Passeriformes","Muscicapidae","Artomyias","fuliginosa",1
"Humblotia flavirostris","Passeriformes","Muscicapidae","Humblotia","flavirostris",0
"Muscicapa griseisticta","Passeriformes","Muscicapidae","Muscicapa","griseisticta",0
"Muscicapa sibirica","Passeriformes","Muscicapidae","Muscicapa","sibirica",0
"Muscicapa ferruginea","Passeriformes","Muscicapidae","Muscicapa","ferruginea",NA
"Muscicapa muttui","Passeriformes","Muscicapidae","Muscicapa","muttui",0
"Muscicapa randi","Passeriformes","Muscicapidae","Muscicapa","randi",0
"Muscicapa segregata","Passeriformes","Muscicapidae","Muscicapa","segregata",0
"Muscicapa dauurica","Passeriformes","Muscicapidae","Muscicapa","dauurica",0
"Muscicapa williamsoni","Passeriformes","Muscicapidae","Muscicapa","williamsoni",0
"Muscicapa sodhii","Passeriformes","Muscicapidae","Muscicapa","sodhii",1
"Muscicapa sethsmithi","Passeriformes","Muscicapidae","Muscicapa","sethsmithi",0
"Muscicapa epulata","Passeriformes","Muscicapidae","Muscicapa","epulata",0
"Muscicapa adusta","Passeriformes","Muscicapidae","Muscicapa","adusta",0
"Muscicapa striata","Passeriformes","Muscicapidae","Muscicapa","striata",0
"Muscicapa tyrrhenica","Passeriformes","Muscicapidae","Muscicapa","tyrrhenica",NA
"Muscicapa gambagae","Passeriformes","Muscicapidae","Muscicapa","gambagae",0
"Muscicapa cassini","Passeriformes","Muscicapidae","Muscicapa","cassini",0
"Muscicapa aquatica","Passeriformes","Muscicapidae","Muscicapa","aquatica",0
"Leucoptilon concretum","Passeriformes","Muscicapidae","Cyornis","concretus",0
"Sholicola major","Passeriformes","Muscicapidae","Sholicola","major",NA
"Sholicola albiventris","Passeriformes","Muscicapidae","Sholicola","albiventris",NA
"Niltava davidi","Passeriformes","Muscicapidae","Niltava","davidi",0
"Niltava sundara","Passeriformes","Muscicapidae","Niltava","sundara",0
"Niltava sumatrana","Passeriformes","Muscicapidae","Niltava","sumatrana",0
"Niltava oatesi","Passeriformes","Muscicapidae","Niltava","oatesi",NA
"Niltava vivida","Passeriformes","Muscicapidae","Niltava","vivida",0
"Niltava macgrigoriae","Passeriformes","Muscicapidae","Niltava","macgrigoriae",0
"Niltava grandis","Passeriformes","Muscicapidae","Niltava","grandis",0
"Cyanoptila cyanomelana","Passeriformes","Muscicapidae","Cyanoptila","cyanomelana",0
"Cyanoptila cumatilis","Passeriformes","Muscicapidae","Cyanoptila","cumatilis",NA
"Eumyias albicaudatus","Passeriformes","Muscicapidae","Eumyias","albicaudatus",0
"Eumyias indigo","Passeriformes","Muscicapidae","Eumyias","indigo",0
"Eumyias thalassinus","Passeriformes","Muscicapidae","Eumyias","thalassinus",0
"Eumyias additus","Passeriformes","Muscicapidae","Eumyias","additus",NA
"Eumyias panayensis","Passeriformes","Muscicapidae","Eumyias","panayensis",0
"Eumyias sanfordi","Passeriformes","Muscicapidae","Eumyias","sanfordi",0
"Eumyias hoevelli","Passeriformes","Muscicapidae","Eumyias","hoevelli",0
"Eumyias hyacinthinus","Passeriformes","Muscicapidae","Eumyias","hyacinthinus",0
"Eumyias oscillans","Passeriformes","Muscicapidae","Eumyias","oscillans",0
"Eumyias stresemanni","Passeriformes","Muscicapidae","Eumyias","stresemanni",NA
"Eumyias sordidus","Passeriformes","Muscicapidae","Eumyias","sordidus",0
"Anthipes monileger","Passeriformes","Muscicapidae","Anthipes","monileger",0
"Anthipes solitaris","Passeriformes","Muscicapidae","Anthipes","solitaris",0
"Cyornis unicolor","Passeriformes","Muscicapidae","Cyornis","unicolor",0
"Cyornis glaucicomans","Passeriformes","Muscicapidae","Cyornis","glaucicomans",NA
"Cyornis rubeculoides","Passeriformes","Muscicapidae","Cyornis","rubeculoides",0
"Cyornis hainanus","Passeriformes","Muscicapidae","Cyornis","hainanus",0
"Cyornis superbus","Passeriformes","Muscicapidae","Cyornis","superbus",0
"Cyornis turcosus","Passeriformes","Muscicapidae","Cyornis","turcosus",0
"Cyornis lemprieri","Passeriformes","Muscicapidae","Cyornis","lemprieri",0
"Cyornis caerulatus","Passeriformes","Muscicapidae","Cyornis","caerulatus",0
"Cyornis herioti","Passeriformes","Muscicapidae","Cyornis","herioti",0
"Cyornis camarinensis","Passeriformes","Muscicapidae","Cyornis","camarinensis",NA
"Cyornis ruficauda","Passeriformes","Muscicapidae","Cyornis","ruficauda",0
"Cyornis ocularis","Passeriformes","Muscicapidae","Cyornis","ocularis",NA
"Cyornis ruficrissa","Passeriformes","Muscicapidae","Cyornis","ruficrissa",0
"Cyornis pallidipes","Passeriformes","Muscicapidae","Cyornis","pallidipes",0
"Cyornis brunneatus","Passeriformes","Muscicapidae","Cyornis","brunneatus",0
"Cyornis nicobaricus","Passeriformes","Muscicapidae","Cyornis","nicobaricus",NA
"Cyornis umbratilis","Passeriformes","Muscicapidae","Cyornis","umbratilis",0
"Cyornis magnirostris","Passeriformes","Muscicapidae","Cyornis","magnirostris",NA
"Cyornis tickelliae","Passeriformes","Muscicapidae","Cyornis","tickelliae",0
"Cyornis sumatrensis","Passeriformes","Muscicapidae","Cyornis","sumatrensis",NA
"Cyornis whitei","Passeriformes","Muscicapidae","Cyornis","whitei",0
"Cyornis rufigastra","Passeriformes","Muscicapidae","Cyornis","rufigastra",0
"Cyornis omissus","Passeriformes","Muscicapidae","Cyornis","omissus",NA
NA,"Passeriformes",NA,"Cyornis","djampeanus",NA
"Cyornis kalaoensis","Passeriformes","Muscicapidae","Cyornis","kalaoensis",0
"Cyornis banyumas","Passeriformes","Muscicapidae","Cyornis","banyumas",0
"Cyornis montanus","Passeriformes","Muscicapidae","Cyornis","montanus",0
"Cyornis kadayangensis","Passeriformes","Muscicapidae","Cyornis","kadayangensis",1
"Cyornis poliogenys","Passeriformes","Muscicapidae","Cyornis","poliogenys",0
"Cyornis olivaceus","Passeriformes","Muscicapidae","Cyornis","olivaceus",0
"Cyornis pelingensis","Passeriformes","Muscicapidae","Cyornis","pelingensis",NA
"Cyornis colonus","Passeriformes","Muscicapidae","Cyornis","colonus",0
"Cyornis ruckii","Passeriformes","Muscicapidae","Cyornis","ruckii",NA
"Erithacus rubecula","Passeriformes","Muscicapidae","Erithacus","rubecula",NA
"Swynnertonia swynnertoni","Passeriformes","Muscicapidae","Swynnertonia","swynnertoni",NA
"Pogonocichla stellata","Passeriformes","Muscicapidae","Pogonocichla","stellata",NA
"Stiphrornis erythrothorax","Passeriformes","Muscicapidae","Stiphrornis","erythrothorax",NA
"Stiphrornis xanthogaster","Passeriformes","Muscicapidae","Stiphrornis","xanthogaster",NA
NA,"Passeriformes",NA,"Stiphrornis","mabirae",0
"Stiphrornis pyrrholaemus","Passeriformes","Muscicapidae","Stiphrornis","pyrrholaemus",NA
"Cossyphicula roberti","Passeriformes","Muscicapidae","Cossyphicula","roberti",NA
"Cossyphicula isabellae","Passeriformes","Muscicapidae","Cossyphicula","isabellae",NA
"Chamaetylas poliophrys","Passeriformes","Muscicapidae","Chamaetylas","poliophrys",NA
"Chamaetylas poliocephala","Passeriformes","Muscicapidae","Chamaetylas","poliocephala",1
"Chamaetylas fuelleborni","Passeriformes","Muscicapidae","Chamaetylas","fuelleborni",NA
"Chamaetylas choloensis","Passeriformes","Muscicapidae","Chamaetylas","choloensis",1
"Cossypha albicapillus","Passeriformes","Muscicapidae","Cossypha","albicapillus",1
"Cossypha heuglini","Passeriformes","Muscicapidae","Cossypha","heuglini",NA
"Cossypha dichroa","Passeriformes","Muscicapidae","Cossypha","dichroa",NA
"Cossypha semirufa","Passeriformes","Muscicapidae","Cossypha","semirufa",NA
"Cossypha niveicapilla","Passeriformes","Muscicapidae","Cossypha","niveicapilla",NA
"Cossypha natalensis","Passeriformes","Muscicapidae","Cossypha","natalensis",NA
"Cossypha heinrichi","Passeriformes","Muscicapidae","Cossypha","heinrichi",NA
"Cossypha cyanocampter","Passeriformes","Muscicapidae","Cossypha","cyanocampter",NA
"Cichladusa arquata","Passeriformes","Muscicapidae","Cichladusa","arquata",1
"Cichladusa ruficauda","Passeriformes","Muscicapidae","Cichladusa","ruficauda",NA
"Cichladusa guttata","Passeriformes","Muscicapidae","Cichladusa","guttata",0
"Xenocopsychus ansorgei","Passeriformes","Muscicapidae","Xenocopsychus","ansorgei",NA
"Dessonornis humeralis","Passeriformes","Muscicapidae","Dessonornis","humeralis",NA
"Dessonornis caffer","Passeriformes","Muscicapidae","Dessonornis","caffer",NA
"Dessonornis archeri","Passeriformes","Muscicapidae","Dessonornis","archeri",NA
"Dessonornis anomalus","Passeriformes","Muscicapidae","Dessonornis","anomalus",0
NA,"Passeriformes",NA,"Dessonornis","macclounii",0
NA,"Passeriformes",NA,"Dessonornis","mbuluensis",0
"Sheppardia montana","Passeriformes","Muscicapidae","Sheppardia","montana",1
"Sheppardia lowei","Passeriformes","Muscicapidae","Sheppardia","lowei",NA
"Sheppardia aurantiithorax","Passeriformes","Muscicapidae","Sheppardia","aurantiithorax",NA
"Sheppardia gunningi","Passeriformes","Muscicapidae","Sheppardia","gunningi",NA
"Sheppardia sharpei","Passeriformes","Muscicapidae","Sheppardia","sharpei",1
"Sheppardia bocagei","Passeriformes","Muscicapidae","Sheppardia","bocagei",NA
"Sheppardia poensis","Passeriformes","Muscicapidae","Sheppardia","poensis",NA
"Sheppardia cyornithopsis","Passeriformes","Muscicapidae","Sheppardia","cyornithopsis",NA
"Sheppardia aequatorialis","Passeriformes","Muscicapidae","Sheppardia","aequatorialis",NA
"Sheppardia gabela","Passeriformes","Muscicapidae","Sheppardia","gabela",NA
"Sheppardia polioptera","Passeriformes","Muscicapidae","Sheppardia","polioptera",NA
"Irania gutturalis","Passeriformes","Muscicapidae","Irania","gutturalis",NA
"Luscinia luscinia","Passeriformes","Muscicapidae","Luscinia","luscinia",NA
"Luscinia megarhynchos","Passeriformes","Muscicapidae","Luscinia","megarhynchos",NA
"Luscinia svecica","Passeriformes","Muscicapidae","Luscinia","svecica",NA
"Luscinia phaenicuroides","Passeriformes","Muscicapidae","Luscinia","phaenicuroides",NA
"Myiomela leucura","Passeriformes","Muscicapidae","Myiomela","leucura",NA
NA,"Passeriformes",NA,"Myiomela","cambodiana",NA
"Myiomela sumatrana","Passeriformes","Muscicapidae","Myiomela","sumatrana",NA
"Myiomela diana","Passeriformes","Muscicapidae","Myiomela","diana",NA
"Calliope obscura","Passeriformes","Muscicapidae","Calliope","obscura",NA
"Calliope pectardens","Passeriformes","Muscicapidae","Calliope","pectardens",NA
"Calliope calliope","Passeriformes","Muscicapidae","Calliope","calliope",NA
"Calliope pectoralis","Passeriformes","Muscicapidae","Calliope","pectoralis",NA
"Calliope tschebaiewi","Passeriformes","Muscicapidae","Calliope","tschebaiewi",NA
"Enicurus scouleri","Passeriformes","Muscicapidae","Enicurus","scouleri",NA
"Enicurus immaculatus","Passeriformes","Muscicapidae","Enicurus","immaculatus",NA
"Enicurus schistaceus","Passeriformes","Muscicapidae","Enicurus","schistaceus",NA
"Enicurus maculatus","Passeriformes","Muscicapidae","Enicurus","maculatus",NA
"Enicurus leschenaulti","Passeriformes","Muscicapidae","Enicurus","leschenaulti",NA
"Enicurus borneensis","Passeriformes","Muscicapidae","Enicurus","borneensis",NA
"Enicurus ruficapillus","Passeriformes","Muscicapidae","Enicurus","ruficapillus",NA
"Enicurus velatus","Passeriformes","Muscicapidae","Enicurus","velatus",NA
"Cinclidium frontale","Passeriformes","Muscicapidae","Cinclidium","frontale",NA
"Myophonus insularis","Passeriformes","Muscicapidae","Myophonus","insularis",NA
"Myophonus melanurus","Passeriformes","Muscicapidae","Myophonus","melanurus",NA
"Myophonus castaneus","Passeriformes","Muscicapidae","Myophonus","castaneus",NA
"Myophonus caeruleus","Passeriformes","Muscicapidae","Myophonus","caeruleus",NA
"Myophonus glaucinus","Passeriformes","Muscicapidae","Myophonus","glaucinus",NA
"Myophonus borneensis","Passeriformes","Muscicapidae","Myophonus","borneensis",NA
"Myophonus robinsoni","Passeriformes","Muscicapidae","Myophonus","robinsoni",NA
"Myophonus horsfieldii","Passeriformes","Muscicapidae","Myophonus","horsfieldii",NA
"Myophonus blighi","Passeriformes","Muscicapidae","Myophonus","blighi",NA
"Heinrichia calligyna","Passeriformes","Muscicapidae","Heinrichia","calligyna",NA
NA,"Passeriformes",NA,"Heinrichia","simplex",NA
"Vauriella gularis","Passeriformes","Muscicapidae","Vauriella","gularis",1
"Vauriella albigularis","Passeriformes","Muscicapidae","Vauriella","albigularis",NA
"Vauriella insignis","Passeriformes","Muscicapidae","Vauriella","insignis",NA
"Vauriella goodfellowi","Passeriformes","Muscicapidae","Vauriella","goodfellowi",0
"Leonardina woodi","Passeriformes","Muscicapidae","Leonardina","woodi",NA
"Brachypteryx cruralis","Passeriformes","Muscicapidae","Brachypteryx","cruralis",NA
"Brachypteryx sinensis","Passeriformes","Muscicapidae","Brachypteryx","sinensis",NA
"Brachypteryx goodfellowi","Passeriformes","Muscicapidae","Brachypteryx","goodfellowi",NA
"Brachypteryx hyperythra","Passeriformes","Muscicapidae","Brachypteryx","hyperythra",NA
"Brachypteryx leucophris","Passeriformes","Muscicapidae","Brachypteryx","leucophris",NA
"Brachypteryx poliogyna","Passeriformes","Muscicapidae","Brachypteryx","poliogyna",NA
"Brachypteryx erythrogyna","Passeriformes","Muscicapidae","Brachypteryx","erythrogyna",NA
"Brachypteryx saturata","Passeriformes","Muscicapidae","Brachypteryx","saturata",NA
"Brachypteryx montana","Passeriformes","Muscicapidae","Brachypteryx","montana",NA
"Brachypteryx floris","Passeriformes","Muscicapidae","Brachypteryx","floris",NA
"Larvivora cyane","Passeriformes","Muscicapidae","Larvivora","cyane",NA
"Larvivora brunnea","Passeriformes","Muscicapidae","Larvivora","brunnea",NA
"Larvivora akahige","Passeriformes","Muscicapidae","Larvivora","akahige",NA
"Larvivora tanensis","Passeriformes","Muscicapidae","Larvivora","tanensis",NA
"Larvivora komadori","Passeriformes","Muscicapidae","Larvivora","komadori",NA
"Larvivora namiyei","Passeriformes","Muscicapidae","Larvivora","namiyei",NA
"Larvivora sibilans","Passeriformes","Muscicapidae","Larvivora","sibilans",NA
"Larvivora ruficeps","Passeriformes","Muscicapidae","Larvivora","ruficeps",NA
"Ficedula zanthopygia","Passeriformes","Muscicapidae","Ficedula","zanthopygia",0
"Ficedula elisae","Passeriformes","Muscicapidae","Ficedula","elisae",NA
"Ficedula narcissina","Passeriformes","Muscicapidae","Ficedula","narcissina",0
"Ficedula owstoni","Passeriformes","Muscicapidae","Ficedula","owstoni",NA
"Ficedula tricolor","Passeriformes","Muscicapidae","Ficedula","tricolor",0
"Ficedula hyperythra","Passeriformes","Muscicapidae","Ficedula","hyperythra",0
"Ficedula mugimaki","Passeriformes","Muscicapidae","Ficedula","mugimaki",0
"Ficedula erithacus","Passeriformes","Muscicapidae","Ficedula","erithacus",1
"Ficedula hodgsoni","Passeriformes","Muscicapidae","Ficedula","hodgsoni",0
"Ficedula strophiata","Passeriformes","Muscicapidae","Ficedula","strophiata",0
"Ficedula sapphira","Passeriformes","Muscicapidae","Ficedula","sapphira",0
"Ficedula superciliaris","Passeriformes","Muscicapidae","Ficedula","superciliaris",0
"Ficedula westermanni","Passeriformes","Muscicapidae","Ficedula","westermanni",0
"Ficedula ruficauda","Passeriformes","Muscicapidae","Ficedula","ruficauda",0
"Ficedula subrubra","Passeriformes","Muscicapidae","Ficedula","subrubra",NA
"Ficedula parva","Passeriformes","Muscicapidae","Ficedula","parva",0
"Ficedula albicilla","Passeriformes","Muscicapidae","Ficedula","albicilla",0
"Ficedula semitorquata","Passeriformes","Muscicapidae","Ficedula","semitorquata",NA
"Ficedula speculigera","Passeriformes","Muscicapidae","Ficedula","speculigera",NA
"Ficedula hypoleuca","Passeriformes","Muscicapidae","Ficedula","hypoleuca",NA
"Ficedula albicollis","Passeriformes","Muscicapidae","Ficedula","albicollis",NA
"Ficedula nigrorufa","Passeriformes","Muscicapidae","Ficedula","nigrorufa",0
"Ficedula riedeli","Passeriformes","Muscicapidae","Ficedula","riedeli",NA
"Ficedula dumetoria","Passeriformes","Muscicapidae","Ficedula","dumetoria",0
"Ficedula disposita","Passeriformes","Muscicapidae","Ficedula","disposita",0
"Ficedula platenae","Passeriformes","Muscicapidae","Ficedula","platenae",0
"Ficedula rufigula","Passeriformes","Muscicapidae","Ficedula","rufigula",NA
"Ficedula buruensis","Passeriformes","Muscicapidae","Ficedula","buruensis",NA
"Ficedula harterti","Passeriformes","Muscicapidae","Ficedula","harterti",0
"Ficedula timorensis","Passeriformes","Muscicapidae","Ficedula","timorensis",0
"Ficedula basilanica","Passeriformes","Muscicapidae","Ficedula","basilanica",0
"Ficedula luzoniensis","Passeriformes","Muscicapidae","Ficedula","luzoniensis",NA
"Ficedula crypta","Passeriformes","Muscicapidae","Ficedula","crypta",0
"Ficedula bonthaina","Passeriformes","Muscicapidae","Ficedula","bonthaina",NA
"Ficedula henrici","Passeriformes","Muscicapidae","Ficedula","henrici",NA
"Tarsiger indicus","Passeriformes","Muscicapidae","Tarsiger","indicus",NA
"Tarsiger formosanus","Passeriformes","Muscicapidae","Tarsiger","formosanus",NA
"Tarsiger chrysaeus","Passeriformes","Muscicapidae","Tarsiger","chrysaeus",NA
"Tarsiger johnstoniae","Passeriformes","Muscicapidae","Tarsiger","johnstoniae",NA
"Tarsiger hyperythrus","Passeriformes","Muscicapidae","Tarsiger","hyperythrus",NA
"Tarsiger cyanurus","Passeriformes","Muscicapidae","Tarsiger","cyanurus",NA
"Tarsiger albocoeruleus","Passeriformes","Muscicapidae","Tarsiger","albocoeruleus",NA
"Tarsiger rufilatus","Passeriformes","Muscicapidae","Tarsiger","rufilatus",NA
"Heteroxenicus stellatus","Passeriformes","Muscicapidae","Heteroxenicus","stellatus",NA
"Phoenicurus erythronotus","Passeriformes","Muscicapidae","Phoenicurus","erythronotus",NA
"Phoenicurus frontalis","Passeriformes","Muscicapidae","Phoenicurus","frontalis",NA
"Phoenicurus coeruleocephala","Passeriformes","Muscicapidae","Phoenicurus","coeruleocephala",NA
"Phoenicurus schisticeps","Passeriformes","Muscicapidae","Phoenicurus","schisticeps",NA
"Phoenicurus fuliginosus","Passeriformes","Muscicapidae","Phoenicurus","fuliginosus",NA
"Phoenicurus bicolor","Passeriformes","Muscicapidae","Phoenicurus","bicolor",NA
"Phoenicurus leucocephalus","Passeriformes","Muscicapidae","Phoenicurus","leucocephalus",NA
"Phoenicurus alaschanicus","Passeriformes","Muscicapidae","Phoenicurus","alaschanicus",NA
"Phoenicurus ochruros","Passeriformes","Muscicapidae","Phoenicurus","ochruros",NA
"Phoenicurus phoenicurus","Passeriformes","Muscicapidae","Phoenicurus","phoenicurus",0
"Phoenicurus moussieri","Passeriformes","Muscicapidae","Phoenicurus","moussieri",NA
"Phoenicurus auroreus","Passeriformes","Muscicapidae","Phoenicurus","auroreus",NA
"Phoenicurus hodgsoni","Passeriformes","Muscicapidae","Phoenicurus","hodgsoni",NA
"Phoenicurus erythrogastrus","Passeriformes","Muscicapidae","Phoenicurus","erythrogastrus",NA
"Monticola cinclorhyncha","Passeriformes","Muscicapidae","Monticola","cinclorhyncha",1
"Monticola gularis","Passeriformes","Muscicapidae","Monticola","gularis",NA
"Monticola rufiventris","Passeriformes","Muscicapidae","Monticola","rufiventris",NA
"Monticola brevipes","Passeriformes","Muscicapidae","Monticola","brevipes",NA
"Monticola explorator","Passeriformes","Muscicapidae","Monticola","explorator",NA
"Monticola erythronotus","Passeriformes","Muscicapidae","Monticola","erythronotus",NA
"Monticola sharpei","Passeriformes","Muscicapidae","Monticola","sharpei",NA
"Monticola imerina","Passeriformes","Muscicapidae","Monticola","imerina",NA
"Monticola rufocinereus","Passeriformes","Muscicapidae","Monticola","rufocinereus",NA
"Monticola saxatilis","Passeriformes","Muscicapidae","Monticola","saxatilis",NA
"Monticola solitarius","Passeriformes","Muscicapidae","Monticola","solitarius",NA
"Monticola rupestris","Passeriformes","Muscicapidae","Monticola","rupestris",NA
"Monticola angolensis","Passeriformes","Muscicapidae","Monticola","angolensis",NA
"Monticola semirufus","Passeriformes","Muscicapidae","Monticola","semirufus",NA
"Saxicola jerdoni","Passeriformes","Muscicapidae","Saxicola","jerdoni",NA
"Saxicola ferreus","Passeriformes","Muscicapidae","Saxicola","ferreus",NA
"Saxicola rubetra","Passeriformes","Muscicapidae","Saxicola","rubetra",NA
"Saxicola macrorhynchus","Passeriformes","Muscicapidae","Saxicola","macrorhynchus",NA
"Saxicola gutturalis","Passeriformes","Muscicapidae","Saxicola","gutturalis",NA
"Saxicola caprata","Passeriformes","Muscicapidae","Saxicola","caprata",NA
"Saxicola insignis","Passeriformes","Muscicapidae","Saxicola","insignis",1
"Saxicola leucurus","Passeriformes","Muscicapidae","Saxicola","leucurus",NA
"Saxicola stejnegeri","Passeriformes","Muscicapidae","Saxicola","stejnegeri",0
"Saxicola torquatus","Passeriformes","Muscicapidae","Saxicola","torquatus",0
"Saxicola tectes","Passeriformes","Muscicapidae","Saxicola","tectes",NA
"Saxicola maurus","Passeriformes","Muscicapidae","Saxicola","maurus",NA
"Saxicola rubicola","Passeriformes","Muscicapidae","Saxicola","rubicola",NA
"Saxicola dacotiae","Passeriformes","Muscicapidae","Saxicola","dacotiae",NA
"Campicoloides bifasciatus","Passeriformes","Muscicapidae","Campicoloides","bifasciatus",NA
"Emarginata schlegelii","Passeriformes","Muscicapidae","Emarginata","schlegelii",NA
"Emarginata tractrac","Passeriformes","Muscicapidae","Emarginata","tractrac",NA
"Emarginata sinuata","Passeriformes","Muscicapidae","Emarginata","sinuata",NA
"Pinarochroa sordida","Passeriformes","Muscicapidae","Pinarochroa","sordida",NA
"Thamnolaea cinnamomeiventris","Passeriformes","Muscicapidae","Thamnolaea","cinnamomeiventris",NA
"Myrmecocichla aethiops","Passeriformes","Muscicapidae","Myrmecocichla","aethiops",NA
"Myrmecocichla tholloni","Passeriformes","Muscicapidae","Myrmecocichla","tholloni",1
"Myrmecocichla formicivora","Passeriformes","Muscicapidae","Myrmecocichla","formicivora",NA
"Myrmecocichla monticola","Passeriformes","Muscicapidae","Myrmecocichla","monticola",NA
"Myrmecocichla nigra","Passeriformes","Muscicapidae","Myrmecocichla","nigra",NA
"Myrmecocichla melaena","Passeriformes","Muscicapidae","Myrmecocichla","melaena",NA
"Myrmecocichla collaris","Passeriformes","Muscicapidae","Myrmecocichla","collaris",NA
"Myrmecocichla arnotti","Passeriformes","Muscicapidae","Myrmecocichla","arnotti",NA
"Oenanthe oenanthe","Passeriformes","Muscicapidae","Oenanthe","oenanthe",NA
"Oenanthe seebohmi","Passeriformes","Muscicapidae","Oenanthe","seebohmi",NA
"Oenanthe pileata","Passeriformes","Muscicapidae","Oenanthe","pileata",NA
"Oenanthe bottae","Passeriformes","Muscicapidae","Oenanthe","bottae",NA
"Oenanthe frenata","Passeriformes","Muscicapidae","Oenanthe","frenata",NA
"Oenanthe isabellina","Passeriformes","Muscicapidae","Oenanthe","isabellina",NA
"Oenanthe heuglinii","Passeriformes","Muscicapidae","Oenanthe","heuglinii",0
"Oenanthe monacha","Passeriformes","Muscicapidae","Oenanthe","monacha",NA
"Oenanthe deserti","Passeriformes","Muscicapidae","Oenanthe","deserti",NA
"Oenanthe hispanica","Passeriformes","Muscicapidae","Oenanthe","hispanica",NA
"Oenanthe pleschanka","Passeriformes","Muscicapidae","Oenanthe","pleschanka",0
"Oenanthe melanoleuca","Passeriformes","Muscicapidae","Oenanthe","melanoleuca",NA
"Oenanthe cypriaca","Passeriformes","Muscicapidae","Oenanthe","cypriaca",NA
"Oenanthe albifrons","Passeriformes","Muscicapidae","Oenanthe","albifrons",NA
"Oenanthe phillipsi","Passeriformes","Muscicapidae","Oenanthe","phillipsi",NA
"Oenanthe moesta","Passeriformes","Muscicapidae","Oenanthe","moesta",NA
"Oenanthe melanura","Passeriformes","Muscicapidae","Oenanthe","melanura",NA
"Oenanthe familiaris","Passeriformes","Muscicapidae","Oenanthe","familiaris",NA
"Oenanthe scotocerca","Passeriformes","Muscicapidae","Oenanthe","scotocerca",NA
"Oenanthe dubia","Passeriformes","Muscicapidae","Oenanthe","dubia",NA
"Oenanthe fusca","Passeriformes","Muscicapidae","Oenanthe","fusca",NA
"Oenanthe picata","Passeriformes","Muscicapidae","Oenanthe","picata",NA
"Oenanthe finschii","Passeriformes","Muscicapidae","Oenanthe","finschii",NA
"Oenanthe halophila","Passeriformes","Muscicapidae","Oenanthe","halophila",NA
"Oenanthe lugens","Passeriformes","Muscicapidae","Oenanthe","lugens",NA
"Oenanthe warriae","Passeriformes","Muscicapidae","Oenanthe","warriae",NA
"Oenanthe xanthoprymna","Passeriformes","Muscicapidae","Oenanthe","xanthoprymna",NA
"Oenanthe chrysopygia","Passeriformes","Muscicapidae","Oenanthe","chrysopygia",NA
"Oenanthe leucopyga","Passeriformes","Muscicapidae","Oenanthe","leucopyga",0
"Oenanthe albonigra","Passeriformes","Muscicapidae","Oenanthe","albonigra",NA
"Oenanthe leucura","Passeriformes","Muscicapidae","Oenanthe","leucura",NA
"Oenanthe lugentoides","Passeriformes","Muscicapidae","Oenanthe","lugentoides",NA
"Oenanthe lugubris","Passeriformes","Muscicapidae","Oenanthe","lugubris",NA
"Cinclus cinclus","Passeriformes","Cinclidae","Cinclus","cinclus",NA
"Cinclus pallasii","Passeriformes","Cinclidae","Cinclus","pallasii",NA
"Cinclus mexicanus","Passeriformes","Cinclidae","Cinclus","mexicanus",0
"Cinclus leucocephalus","Passeriformes","Cinclidae","Cinclus","leucocephalus",NA
"Cinclus schulzii","Passeriformes","Cinclidae","Cinclus","schulzii",NA
"Chloropsis flavipennis","Passeriformes","Chloropseidae","Chloropsis","flavipennis",NA
"Chloropsis palawanensis","Passeriformes","Chloropseidae","Chloropsis","palawanensis",0
"Chloropsis sonnerati","Passeriformes","Chloropseidae","Chloropsis","sonnerati",0
"Chloropsis cyanopogon","Passeriformes","Chloropseidae","Chloropsis","cyanopogon",0
"Chloropsis moluccensis","Passeriformes","Chloropseidae","Chloropsis","moluccensis",NA
"Chloropsis cochinchinensis","Passeriformes","Chloropseidae","Chloropsis","cochinchinensis",1
"Chloropsis kinabaluensis","Passeriformes","Chloropseidae","Chloropsis","kinabaluensis",1
"Chloropsis jerdoni","Passeriformes","Chloropseidae","Chloropsis","jerdoni",0
"Chloropsis aurifrons","Passeriformes","Chloropseidae","Chloropsis","aurifrons",1
"Chloropsis media","Passeriformes","Chloropseidae","Chloropsis","media",NA
"Chloropsis hardwickii","Passeriformes","Chloropseidae","Chloropsis","hardwickii",0
NA,"Passeriformes",NA,"Chloropsis","lazulina",NA
"Chloropsis venusta","Passeriformes","Chloropseidae","Chloropsis","venusta",0
"Prionochilus maculatus","Passeriformes","Dicaeidae","Prionochilus","maculatus",0
"Prionochilus percussus","Passeriformes","Dicaeidae","Prionochilus","percussus",NA
"Prionochilus plateni","Passeriformes","Dicaeidae","Prionochilus","plateni",0
"Prionochilus xanthopygius","Passeriformes","Dicaeidae","Prionochilus","xanthopygius",NA
"Prionochilus thoracicus","Passeriformes","Dicaeidae","Prionochilus","thoracicus",NA
"Pachyglossa olivacea","Passeriformes","Dicaeidae","Prionochilus","olivaceus",NA
"Pachyglossa propria","Passeriformes","Dicaeidae","Dicaeum","proprium",NA
"Pachyglossa chrysorrhea","Passeriformes","Dicaeidae","Dicaeum","chrysorrheum",0
"Pachyglossa melanozantha","Passeriformes","Dicaeidae","Dicaeum","melanozanthum",0
"Pachyglossa vincens","Passeriformes","Dicaeidae","Dicaeum","vincens",0
"Pachyglossa everetti","Passeriformes","Dicaeidae","Dicaeum","everetti",NA
"Pachyglossa agilis","Passeriformes","Dicaeidae","Dicaeum","agile",1
"Dicaeum dayakorum","Passeriformes","Dicaeidae","Dicaeum","dayakorum",NA
"Dicaeum annae","Passeriformes","Dicaeidae","Dicaeum","annae",0
"Dicaeum aureolimbatum","Passeriformes","Dicaeidae","Dicaeum","aureolimbatum",0
"Dicaeum nigrilore","Passeriformes","Dicaeidae","Dicaeum","nigrilore",NA
"Dicaeum anthonyi","Passeriformes","Dicaeidae","Dicaeum","anthonyi",0
"Dicaeum kampalili","Passeriformes","Dicaeidae","Dicaeum","kampalili",0
"Dicaeum bicolor","Passeriformes","Dicaeidae","Dicaeum","bicolor",0
"Dicaeum australe","Passeriformes","Dicaeidae","Dicaeum","australe",0
"Dicaeum haematostictum","Passeriformes","Dicaeidae","Dicaeum","haematostictum",0
"Dicaeum retrocinctum","Passeriformes","Dicaeidae","Dicaeum","retrocinctum",0
"Dicaeum quadricolor","Passeriformes","Dicaeidae","Dicaeum","quadricolor",0
"Dicaeum trigonostigma","Passeriformes","Dicaeidae","Dicaeum","trigonostigma",NA
"Dicaeum hypoleucum","Passeriformes","Dicaeidae","Dicaeum","hypoleucum",0
"Dicaeum erythrorhynchos","Passeriformes","Dicaeidae","Dicaeum","erythrorhynchos",0
"Dicaeum concolor","Passeriformes","Dicaeidae","Dicaeum","concolor",0
"Dicaeum minullum","Passeriformes","Dicaeidae","Dicaeum","minullum",NA
"Dicaeum virescens","Passeriformes","Dicaeidae","Dicaeum","virescens",NA
"Dicaeum pygmaeum","Passeriformes","Dicaeidae","Dicaeum","pygmaeum",0
"Dicaeum nehrkorni","Passeriformes","Dicaeidae","Dicaeum","nehrkorni",0
"Dicaeum erythrothorax","Passeriformes","Dicaeidae","Dicaeum","erythrothorax",0
"Dicaeum schistaceiceps","Passeriformes","Dicaeidae","Dicaeum","schistaceiceps",NA
"Dicaeum vulneratum","Passeriformes","Dicaeidae","Dicaeum","vulneratum",0
"Dicaeum pectorale","Passeriformes","Dicaeidae","Dicaeum","pectorale",0
"Dicaeum geelvinkianum","Passeriformes","Dicaeidae","Dicaeum","geelvinkianum",NA
"Dicaeum nitidum","Passeriformes","Dicaeidae","Dicaeum","nitidum",0
"Dicaeum eximium","Passeriformes","Dicaeidae","Dicaeum","eximium",NA
"Dicaeum aeneum","Passeriformes","Dicaeidae","Dicaeum","aeneum",0
"Dicaeum tristrami","Passeriformes","Dicaeidae","Dicaeum","tristrami",NA
"Dicaeum igniferum","Passeriformes","Dicaeidae","Dicaeum","igniferum",1
"Dicaeum maugei","Passeriformes","Dicaeidae","Dicaeum","maugei",0
"Dicaeum keiense","Passeriformes","Dicaeidae","Dicaeum","keiense",0
"Dicaeum hirundinaceum","Passeriformes","Dicaeidae","Dicaeum","hirundinaceum",0
NA,"Passeriformes",NA,"Dicaeum","ignicolle",NA
"Dicaeum celebicum","Passeriformes","Dicaeidae","Dicaeum","celebicum",0
"Dicaeum monticolum","Passeriformes","Dicaeidae","Dicaeum","monticolum",NA
"Dicaeum ignipectus","Passeriformes","Dicaeidae","Dicaeum","ignipectus",0
"Dicaeum cambodianum","Passeriformes","Dicaeidae","Dicaeum","cambodianum",0
"Dicaeum beccarii","Passeriformes","Dicaeidae","Dicaeum","beccarii",0
"Dicaeum luzoniense","Passeriformes","Dicaeidae","Dicaeum","luzoniense",0
"Dicaeum sanguinolentum","Passeriformes","Dicaeidae","Dicaeum","sanguinolentum",0
"Dicaeum rhodopygiale","Passeriformes","Dicaeidae","Dicaeum","rhodopygiale",NA
"Dicaeum wilhelminae","Passeriformes","Dicaeidae","Dicaeum","wilhelminae",NA
"Dicaeum hanieli","Passeriformes","Dicaeidae","Dicaeum","hanieli",NA
"Dicaeum cruentatum","Passeriformes","Dicaeidae","Dicaeum","cruentatum",0
"Dicaeum trochileum","Passeriformes","Dicaeidae","Dicaeum","trochileum",0
"Chalcoparia singalensis","Passeriformes","Nectariniidae","Chalcoparia","singalensis",NA
"Deleornis fraseri","Passeriformes","Nectariniidae","Deleornis","fraseri",1
"Deleornis axillaris","Passeriformes","Nectariniidae","Deleornis","axillaris",NA
"Anthreptes reichenowi","Passeriformes","Nectariniidae","Anthreptes","reichenowi",NA
"Anthreptes anchietae","Passeriformes","Nectariniidae","Anthreptes","anchietae",NA
"Anthreptes simplex","Passeriformes","Nectariniidae","Anthreptes","simplex",NA
"Anthreptes malacensis","Passeriformes","Nectariniidae","Anthreptes","malacensis",0
"Anthreptes griseigularis","Passeriformes","Nectariniidae","Anthreptes","griseigularis",NA
"Anthreptes rhodolaemus","Passeriformes","Nectariniidae","Anthreptes","rhodolaemus",NA
"Anthreptes gabonicus","Passeriformes","Nectariniidae","Anthreptes","gabonicus",NA
"Anthreptes longuemarei","Passeriformes","Nectariniidae","Anthreptes","longuemarei",NA
"Anthreptes orientalis","Passeriformes","Nectariniidae","Anthreptes","orientalis",NA
"Anthreptes neglectus","Passeriformes","Nectariniidae","Anthreptes","neglectus",0
"Anthreptes aurantius","Passeriformes","Nectariniidae","Anthreptes","aurantius",0
"Anthreptes seimundi","Passeriformes","Nectariniidae","Anthreptes","seimundi",1
"Anthreptes rectirostris","Passeriformes","Nectariniidae","Anthreptes","rectirostris",0
"Anthreptes tephrolaemus","Passeriformes","Nectariniidae","Anthreptes","tephrolaemus",NA
"Anthreptes rubritorques","Passeriformes","Nectariniidae","Anthreptes","rubritorques",0
"Hedydipna collaris","Passeriformes","Nectariniidae","Hedydipna","collaris",0
"Hedydipna platura","Passeriformes","Nectariniidae","Hedydipna","platura",0
"Hedydipna metallica","Passeriformes","Nectariniidae","Hedydipna","metallica",0
"Hedydipna pallidigaster","Passeriformes","Nectariniidae","Hedydipna","pallidigaster",1
"Anabathmis reichenbachii","Passeriformes","Nectariniidae","Anabathmis","reichenbachii",0
"Anabathmis hartlaubii","Passeriformes","Nectariniidae","Anabathmis","hartlaubii",NA
"Anabathmis newtonii","Passeriformes","Nectariniidae","Anabathmis","newtonii",0
"Dreptes thomensis","Passeriformes","Nectariniidae","Dreptes","thomensis",0
"Anthobaphes violacea","Passeriformes","Nectariniidae","Anthobaphes","violacea",0
"Cyanomitra verticalis","Passeriformes","Nectariniidae","Cyanomitra","verticalis",NA
"Cyanomitra bannermani","Passeriformes","Nectariniidae","Cyanomitra","bannermani",NA
"Cyanomitra cyanolaema","Passeriformes","Nectariniidae","Cyanomitra","cyanolaema",1
"Cyanomitra oritis","Passeriformes","Nectariniidae","Cyanomitra","oritis",NA
"Cyanomitra alinae","Passeriformes","Nectariniidae","Cyanomitra","alinae",NA
"Cyanomitra olivacea","Passeriformes","Nectariniidae","Cyanomitra","olivacea",1
"Cyanomitra veroxii","Passeriformes","Nectariniidae","Cyanomitra","verreauxii",NA
"Chalcomitra adelberti","Passeriformes","Nectariniidae","Chalcomitra","adelberti",NA
"Chalcomitra fuliginosa","Passeriformes","Nectariniidae","Chalcomitra","fuliginosa",0
"Chalcomitra rubescens","Passeriformes","Nectariniidae","Chalcomitra","rubescens",NA
"Chalcomitra amethystina","Passeriformes","Nectariniidae","Chalcomitra","amethystina",NA
"Chalcomitra senegalensis","Passeriformes","Nectariniidae","Chalcomitra","senegalensis",0
"Chalcomitra hunteri","Passeriformes","Nectariniidae","Chalcomitra","hunteri",NA
"Chalcomitra balfouri","Passeriformes","Nectariniidae","Chalcomitra","balfouri",0
"Leptocoma zeylonica","Passeriformes","Nectariniidae","Leptocoma","zeylonica",0
"Leptocoma minima","Passeriformes","Nectariniidae","Leptocoma","minima",NA
"Leptocoma sperata","Passeriformes","Nectariniidae","Leptocoma","sperata",1
NA,"Passeriformes",NA,"Leptocoma","juliae",NA
"Leptocoma brasiliana","Passeriformes","Nectariniidae","Leptocoma","brasiliana",NA
"Leptocoma aspasia","Passeriformes","Nectariniidae","Leptocoma","aspasia",1
"Leptocoma calcostetha","Passeriformes","Nectariniidae","Leptocoma","calcostetha",NA
"Nectarinia bocagii","Passeriformes","Nectariniidae","Nectarinia","bocagii",1
"Nectarinia purpureiventris","Passeriformes","Nectariniidae","Nectarinia","purpureiventris",1
"Nectarinia tacazze","Passeriformes","Nectariniidae","Nectarinia","tacazze",1
"Nectarinia kilimensis","Passeriformes","Nectariniidae","Nectarinia","kilimensis",0
"Nectarinia famosa","Passeriformes","Nectariniidae","Nectarinia","famosa",NA
"Nectarinia johnstoni","Passeriformes","Nectariniidae","Nectarinia","johnstoni",1
"Drepanorhynchus reichenowi","Passeriformes","Nectariniidae","Drepanorhynchus","reichenowi",1
"Cinnyris chloropygius","Passeriformes","Nectariniidae","Cinnyris","chloropygius",0
"Cinnyris minullus","Passeriformes","Nectariniidae","Cinnyris","minullus",1
"Cinnyris manoensis","Passeriformes","Nectariniidae","Cinnyris","manoensis",NA
"Cinnyris gertrudis","Passeriformes","Nectariniidae","Cinnyris","gertrudis",NA
"Cinnyris chalybeus","Passeriformes","Nectariniidae","Cinnyris","chalybeus",NA
"Cinnyris neergaardi","Passeriformes","Nectariniidae","Cinnyris","neergaardi",NA
"Cinnyris stuhlmanni","Passeriformes","Nectariniidae","Cinnyris","stuhlmanni",NA
"Cinnyris whytei","Passeriformes","Nectariniidae","Cinnyris","whytei",NA
"Cinnyris prigoginei","Passeriformes","Nectariniidae","Cinnyris","prigoginei",NA
"Cinnyris ludovicensis","Passeriformes","Nectariniidae","Cinnyris","ludovicensis",NA
"Cinnyris reichenowi","Passeriformes","Nectariniidae","Cinnyris","reichenowi",NA
"Cinnyris afer","Passeriformes","Nectariniidae","Cinnyris","afer",1
"Cinnyris regius","Passeriformes","Nectariniidae","Cinnyris","regius",0
"Cinnyris rockefelleri","Passeriformes","Nectariniidae","Cinnyris","rockefelleri",1
"Cinnyris mediocris","Passeriformes","Nectariniidae","Cinnyris","mediocris",1
"Cinnyris usambaricus","Passeriformes","Nectariniidae","Cinnyris","usambaricus",NA
"Cinnyris fuelleborni","Passeriformes","Nectariniidae","Cinnyris","fuelleborni",NA
"Cinnyris moreaui","Passeriformes","Nectariniidae","Cinnyris","moreaui",NA
"Cinnyris loveridgei","Passeriformes","Nectariniidae","Cinnyris","loveridgei",1
"Cinnyris pulchellus","Passeriformes","Nectariniidae","Cinnyris","pulchellus",NA
"Cinnyris melanogastrus","Passeriformes","Nectariniidae","Cinnyris","melanogastrus",NA
"Cinnyris mariquensis","Passeriformes","Nectariniidae","Cinnyris","mariquensis",0
"Cinnyris shelleyi","Passeriformes","Nectariniidae","Cinnyris","shelleyi",NA
"Cinnyris congensis","Passeriformes","Nectariniidae","Cinnyris","congensis",NA
"Cinnyris erythrocercus","Passeriformes","Nectariniidae","Cinnyris","erythrocercus",0
"Cinnyris nectarinioides","Passeriformes","Nectariniidae","Cinnyris","nectarinioides",NA
"Cinnyris bifasciatus","Passeriformes","Nectariniidae","Cinnyris","bifasciatus",1
"Cinnyris tsavoensis","Passeriformes","Nectariniidae","Cinnyris","tsavoensis",NA
"Cinnyris chalcomelas","Passeriformes","Nectariniidae","Cinnyris","chalcomelas",1
"Cinnyris pembae","Passeriformes","Nectariniidae","Cinnyris","pembae",NA
"Cinnyris bouvieri","Passeriformes","Nectariniidae","Cinnyris","bouvieri",1
"Cinnyris osea","Passeriformes","Nectariniidae","Cinnyris","osea",0
"Cinnyris hellmayri","Passeriformes","Nectariniidae","Cinnyris","hellmayri",NA
"Cinnyris habessinicus","Passeriformes","Nectariniidae","Cinnyris","habessinicus",1
"Cinnyris coccinigastrus","Passeriformes","Nectariniidae","Cinnyris","coccinigastrus",NA
"Cinnyris johannae","Passeriformes","Nectariniidae","Cinnyris","johannae",0
"Cinnyris superbus","Passeriformes","Nectariniidae","Cinnyris","superbus",0
"Cinnyris rufipennis","Passeriformes","Nectariniidae","Cinnyris","rufipennis",0
"Cinnyris oustaleti","Passeriformes","Nectariniidae","Cinnyris","oustaleti",0
"Cinnyris talatala","Passeriformes","Nectariniidae","Cinnyris","talatala",0
"Cinnyris venustus","Passeriformes","Nectariniidae","Cinnyris","venustus",1
"Cinnyris fuscus","Passeriformes","Nectariniidae","Cinnyris","fuscus",1
"Cinnyris ursulae","Passeriformes","Nectariniidae","Cinnyris","ursulae",0
"Cinnyris batesi","Passeriformes","Nectariniidae","Cinnyris","batesi",1
"Cinnyris cupreus","Passeriformes","Nectariniidae","Cinnyris","cupreus",1
"Cinnyris asiaticus","Passeriformes","Nectariniidae","Cinnyris","asiaticus",1
"Cinnyris ornatus","Passeriformes","Nectariniidae","Cinnyris","ornatus",1
"Cinnyris jugularis","Passeriformes","Nectariniidae","Cinnyris","jugularis",1
"Cinnyris aurora","Passeriformes","Nectariniidae","Cinnyris","aurora",1
"Cinnyris frenatus","Passeriformes","Nectariniidae","Cinnyris","frenatus",1
"Cinnyris infrenatus","Passeriformes","Nectariniidae","Cinnyris","infrenatus",1
"Cinnyris teysmanni","Passeriformes","Nectariniidae","Cinnyris","teysmanni",1
"Cinnyris clementiae","Passeriformes","Nectariniidae","Cinnyris","clementiae",1
"Cinnyris idenburgi","Passeriformes","Nectariniidae","Cinnyris","idenburgi",0
"Cinnyris buettikoferi","Passeriformes","Nectariniidae","Cinnyris","buettikoferi",0
"Cinnyris solaris","Passeriformes","Nectariniidae","Cinnyris","solaris",0
"Cinnyris sovimanga","Passeriformes","Nectariniidae","Cinnyris","sovimanga",1
"Cinnyris notatus","Passeriformes","Nectariniidae","Cinnyris","notatus",1
NA,"Passeriformes",NA,"Cinnyris","moebii",NA
NA,"Passeriformes",NA,"Cinnyris","voeltzkowi",NA
"Cinnyris dussumieri","Passeriformes","Nectariniidae","Cinnyris","dussumieri",1
"Cinnyris humbloti","Passeriformes","Nectariniidae","Cinnyris","humbloti",NA
"Cinnyris comorensis","Passeriformes","Nectariniidae","Cinnyris","comorensis",NA
"Cinnyris coquerellii","Passeriformes","Nectariniidae","Cinnyris","coquerellii",NA
"Cinnyris lotenius","Passeriformes","Nectariniidae","Cinnyris","lotenius",0
"Aethopyga primigenia","Passeriformes","Nectariniidae","Aethopyga","primigenia",NA
"Aethopyga boltoni","Passeriformes","Nectariniidae","Aethopyga","boltoni",1
"Aethopyga tibolii","Passeriformes","Nectariniidae","Aethopyga","tibolii",NA
"Aethopyga linaraborae","Passeriformes","Nectariniidae","Aethopyga","linaraborae",1
"Aethopyga flagrans","Passeriformes","Nectariniidae","Aethopyga","flagrans",1
"Aethopyga guimarasensis","Passeriformes","Nectariniidae","Aethopyga","guimarasensis",NA
"Aethopyga pulcherrima","Passeriformes","Nectariniidae","Aethopyga","pulcherrima",0
"Aethopyga duyvenbodei","Passeriformes","Nectariniidae","Aethopyga","duyvenbodei",1
"Aethopyga shelleyi","Passeriformes","Nectariniidae","Aethopyga","shelleyi",1
"Aethopyga bella","Passeriformes","Nectariniidae","Aethopyga","bella",1
"Aethopyga gouldiae","Passeriformes","Nectariniidae","Aethopyga","gouldiae",NA
"Aethopyga nipalensis","Passeriformes","Nectariniidae","Aethopyga","nipalensis",0
"Aethopyga eximia","Passeriformes","Nectariniidae","Aethopyga","eximia",0
"Aethopyga christinae","Passeriformes","Nectariniidae","Aethopyga","christinae",NA
NA,"Passeriformes",NA,"Aethopyga","latouchii",NA
"Aethopyga saturata","Passeriformes","Nectariniidae","Aethopyga","saturata",0
"Aethopyga siparaja","Passeriformes","Nectariniidae","Aethopyga","siparaja",0
"Aethopyga magnifica","Passeriformes","Nectariniidae","Aethopyga","magnifica",NA
"Aethopyga vigorsii","Passeriformes","Nectariniidae","Aethopyga","vigorsii",NA
"Aethopyga mystacalis","Passeriformes","Nectariniidae","Aethopyga","mystacalis",0
"Aethopyga temminckii","Passeriformes","Nectariniidae","Aethopyga","temminckii",NA
"Aethopyga ignicauda","Passeriformes","Nectariniidae","Aethopyga","ignicauda",1
"Kurochkinegramma hypogrammicum","Passeriformes","Nectariniidae","Kurochkinegramma","hypogrammica",NA
"Arachnothera longirostra","Passeriformes","Nectariniidae","Arachnothera","longirostra",0
"Arachnothera flammifera","Passeriformes","Nectariniidae","Arachnothera","flammifera",NA
"Arachnothera dilutior","Passeriformes","Nectariniidae","Arachnothera","dilutior",NA
"Arachnothera crassirostris","Passeriformes","Nectariniidae","Arachnothera","crassirostris",0
"Arachnothera robusta","Passeriformes","Nectariniidae","Arachnothera","robusta",0
"Arachnothera flavigaster","Passeriformes","Nectariniidae","Arachnothera","flavigaster",0
"Arachnothera chrysogenys","Passeriformes","Nectariniidae","Arachnothera","chrysogenys",0
"Arachnothera clarae","Passeriformes","Nectariniidae","Arachnothera","clarae",0
"Arachnothera modesta","Passeriformes","Nectariniidae","Arachnothera","modesta",0
"Arachnothera affinis","Passeriformes","Nectariniidae","Arachnothera","affinis",0
"Arachnothera everetti","Passeriformes","Nectariniidae","Arachnothera","everetti",0
"Arachnothera magna","Passeriformes","Nectariniidae","Arachnothera","magna",1
"Arachnothera juliae","Passeriformes","Nectariniidae","Arachnothera","juliae",NA
"Hypocryptadius cinnamomeus","Passeriformes","Passeridae","Hypocryptadius","cinnamomeus",1
"Carpospiza brachydactyla","Passeriformes","Passeridae","Carpospiza","brachydactyla",NA
"Petronia petronia","Passeriformes","Passeridae","Petronia","petronia",NA
"Onychostruthus taczanowskii","Passeriformes","Passeridae","Onychostruthus","taczanowskii",1
"Montifringilla henrici","Passeriformes","Passeridae","Montifringilla","henrici",NA
"Montifringilla nivalis","Passeriformes","Passeridae","Montifringilla","nivalis",NA
"Montifringilla adamsi","Passeriformes","Passeridae","Montifringilla","adamsi",1
"Pyrgilauda theresae","Passeriformes","Passeridae","Pyrgilauda","theresae",1
"Pyrgilauda ruficollis","Passeriformes","Passeridae","Pyrgilauda","ruficollis",1
"Pyrgilauda davidiana","Passeriformes","Passeridae","Pyrgilauda","davidiana",1
"Pyrgilauda blanfordi","Passeriformes","Passeridae","Pyrgilauda","blanfordi",1
"Gymnoris pyrgita","Passeriformes","Passeridae","Gymnoris","pyrgita",NA
"Gymnoris superciliaris","Passeriformes","Passeridae","Gymnoris","superciliaris",NA
"Gymnoris dentata","Passeriformes","Passeridae","Gymnoris","dentata",0
"Gymnoris xanthocollis","Passeriformes","Passeridae","Gymnoris","xanthocollis",NA
"Passer melanurus","Passeriformes","Passeridae","Passer","melanurus",0
"Passer eminibey","Passeriformes","Passeridae","Passer","eminibey",1
"Passer cordofanicus","Passeriformes","Passeridae","Passer","cordofanicus",NA
"Passer shelleyi","Passeriformes","Passeridae","Passer","shelleyi",NA
"Passer rufocinctus","Passeriformes","Passeridae","Passer","rufocinctus",0
"Passer motitensis","Passeriformes","Passeridae","Passer","motitensis",NA
"Passer griseus","Passeriformes","Passeridae","Passer","griseus",1
"Passer swainsonii","Passeriformes","Passeridae","Passer","swainsonii",1
"Passer suahelicus","Passeriformes","Passeridae","Passer","suahelicus",NA
"Passer gongonensis","Passeriformes","Passeridae","Passer","gongonensis",NA
"Passer diffusus","Passeriformes","Passeridae","Passer","diffusus",0
"Passer pyrrhonotus","Passeriformes","Passeridae","Passer","pyrrhonotus",1
"Passer cinnamomeus","Passeriformes","Passeridae","Passer","cinnamomeus",1
"Passer montanus","Passeriformes","Passeridae","Passer","montanus",NA
"Passer ammodendri","Passeriformes","Passeridae","Passer","ammodendri",1
"Passer flaveolus","Passeriformes","Passeridae","Passer","flaveolus",NA
"Passer hemileucus","Passeriformes","Passeridae","Passer","hemileucus",NA
"Passer insularis","Passeriformes","Passeridae","Passer","insularis",NA
"Passer hispaniolensis","Passeriformes","Passeridae","Passer","hispaniolensis",1
"Passer italiae","Passeriformes","Passeridae","Passer","italiae",0
"Passer domesticus","Passeriformes","Passeridae","Passer","domesticus",NA
"Passer castanopterus","Passeriformes","Passeridae","Passer","castanopterus",1
"Passer iagoensis","Passeriformes","Passeridae","Passer","iagoensis",1
"Passer simplex","Passeriformes","Passeridae","Passer","simplex",NA
"Passer zarudnyi","Passeriformes","Passeridae","Passer","zarudnyi",0
"Passer euchlorus","Passeriformes","Passeridae","Passer","euchlorus",1
"Passer luteus","Passeriformes","Passeridae","Passer","luteus",1
"Passer moabiticus","Passeriformes","Passeridae","Passer","moabiticus",NA
"Bubalornis albirostris","Passeriformes","Ploceidae","Bubalornis","albirostris",1
"Bubalornis niger","Passeriformes","Ploceidae","Bubalornis","niger",1
"Dinemellia dinemelli","Passeriformes","Ploceidae","Dinemellia","dinemelli",NA
"Plocepasser mahali","Passeriformes","Ploceidae","Plocepasser","mahali",1
"Plocepasser superciliosus","Passeriformes","Ploceidae","Plocepasser","superciliosus",NA
"Plocepasser donaldsoni","Passeriformes","Ploceidae","Plocepasser","donaldsoni",1
"Plocepasser rufoscapulatus","Passeriformes","Ploceidae","Plocepasser","rufoscapulatus",NA
"Histurgops ruficauda","Passeriformes","Ploceidae","Histurgops","ruficauda",0
"Pseudonigrita arnaudi","Passeriformes","Ploceidae","Pseudonigrita","arnaudi",0
"Pseudonigrita cabanisi","Passeriformes","Ploceidae","Pseudonigrita","cabanisi",1
"Philetairus socius","Passeriformes","Ploceidae","Philetairus","socius",0
"Sporopipes squamifrons","Passeriformes","Ploceidae","Sporopipes","squamifrons",NA
"Sporopipes frontalis","Passeriformes","Ploceidae","Sporopipes","frontalis",NA
"Amblyospiza albifrons","Passeriformes","Ploceidae","Amblyospiza","albifrons",0
"Ploceus baglafecht","Passeriformes","Ploceidae","Ploceus","baglafecht",1
"Ploceus bannermani","Passeriformes","Ploceidae","Ploceus","bannermani",0
"Ploceus batesi","Passeriformes","Ploceidae","Ploceus","batesi",NA
"Ploceus nigrimentus","Passeriformes","Ploceidae","Ploceus","nigrimentus",0
"Ploceus bertrandi","Passeriformes","Ploceidae","Ploceus","bertrandi",NA
"Ploceus pelzelni","Passeriformes","Ploceidae","Ploceus","pelzelni",1
"Ploceus subpersonatus","Passeriformes","Ploceidae","Ploceus","subpersonatus",NA
"Ploceus luteolus","Passeriformes","Ploceidae","Ploceus","luteolus",0
"Ploceus ocularis","Passeriformes","Ploceidae","Ploceus","ocularis",1
"Ploceus brachypterus","Passeriformes","Ploceidae","Ploceus","brachypterus",1
"Ploceus nigricollis","Passeriformes","Ploceidae","Ploceus","nigricollis",NA
"Ploceus alienus","Passeriformes","Ploceidae","Ploceus","alienus",1
"Ploceus melanogaster","Passeriformes","Ploceidae","Ploceus","melanogaster",1
"Ploceus capensis","Passeriformes","Ploceidae","Ploceus","capensis",1
"Ploceus temporalis","Passeriformes","Ploceidae","Ploceus","temporalis",1
"Ploceus subaureus","Passeriformes","Ploceidae","Ploceus","subaureus",1
"Ploceus xanthops","Passeriformes","Ploceidae","Ploceus","xanthops",0
"Ploceus aurantius","Passeriformes","Ploceidae","Ploceus","aurantius",0
"Ploceus heuglini","Passeriformes","Ploceidae","Ploceus","heuglini",1
"Ploceus bojeri","Passeriformes","Ploceidae","Ploceus","bojeri",0
"Ploceus castaneiceps","Passeriformes","Ploceidae","Ploceus","castaneiceps",0
"Ploceus princeps","Passeriformes","Ploceidae","Ploceus","princeps",1
"Ploceus castanops","Passeriformes","Ploceidae","Ploceus","castanops",0
"Ploceus xanthopterus","Passeriformes","Ploceidae","Ploceus","xanthopterus",0
"Ploceus holoxanthus","Passeriformes","Ploceidae","Ploceus","holoxanthus",NA
"Ploceus burnieri","Passeriformes","Ploceidae","Ploceus","burnieri",0
"Ploceus galbula","Passeriformes","Ploceidae","Ploceus","galbula",1
"Ploceus taeniopterus","Passeriformes","Ploceidae","Ploceus","taeniopterus",1
"Ploceus intermedius","Passeriformes","Ploceidae","Ploceus","intermedius",0
"Ploceus velatus","Passeriformes","Ploceidae","Ploceus","velatus",1
"Ploceus katangae","Passeriformes","Ploceidae","Ploceus","katangae",0
"Ploceus ruweti","Passeriformes","Ploceidae","Ploceus","ruweti",0
"Ploceus reichardi","Passeriformes","Ploceidae","Ploceus","reichardi",0
"Ploceus vitellinus","Passeriformes","Ploceidae","Ploceus","vitellinus",NA
"Ploceus spekei","Passeriformes","Ploceidae","Ploceus","spekei",0
"Ploceus spekeoides","Passeriformes","Ploceidae","Ploceus","spekeoides",0
"Ploceus cucullatus","Passeriformes","Ploceidae","Ploceus","cucullatus",1
"Ploceus grandis","Passeriformes","Ploceidae","Ploceus","grandis",0
"Ploceus castaneofuscus","Passeriformes","Ploceidae","Ploceus","castaneofuscus",1
"Ploceus nigerrimus","Passeriformes","Ploceidae","Ploceus","nigerrimus",1
"Ploceus weynsi","Passeriformes","Ploceidae","Ploceus","weynsi",NA
"Ploceus golandi","Passeriformes","Ploceidae","Ploceus","golandi",1
"Ploceus dichrocephalus","Passeriformes","Ploceidae","Ploceus","dichrocephalus",0
"Ploceus melanocephalus","Passeriformes","Ploceidae","Ploceus","melanocephalus",1
"Ploceus jacksoni","Passeriformes","Ploceidae","Ploceus","jacksoni",0
"Ploceus badius","Passeriformes","Ploceidae","Ploceus","badius",1
"Ploceus rubiginosus","Passeriformes","Ploceidae","Ploceus","rubiginosus",1
"Ploceus aureonucha","Passeriformes","Ploceidae","Ploceus","aureonucha",NA
"Ploceus tricolor","Passeriformes","Ploceidae","Ploceus","tricolor",1
"Ploceus albinucha","Passeriformes","Ploceidae","Ploceus","albinucha",1
"Ploceus nelicourvi","Passeriformes","Ploceidae","Ploceus","nelicourvi",NA
"Ploceus sakalava","Passeriformes","Ploceidae","Ploceus","sakalava",0
"Ploceus hypoxanthus","Passeriformes","Ploceidae","Ploceus","hypoxanthus",NA
"Ploceus superciliosus","Passeriformes","Ploceidae","Ploceus","superciliosus",0
"Ploceus benghalensis","Passeriformes","Ploceidae","Ploceus","benghalensis",1
"Ploceus manyar","Passeriformes","Ploceidae","Ploceus","manyar",1
"Ploceus philippinus","Passeriformes","Ploceidae","Ploceus","philippinus",0
"Ploceus megarhynchus","Passeriformes","Ploceidae","Ploceus","megarhynchus",0
"Ploceus bicolor","Passeriformes","Ploceidae","Ploceus","bicolor",1
"Ploceus preussi","Passeriformes","Ploceidae","Ploceus","preussi",NA
"Ploceus dorsomaculatus","Passeriformes","Ploceidae","Ploceus","dorsomaculatus",NA
"Ploceus olivaceiceps","Passeriformes","Ploceidae","Ploceus","olivaceiceps",1
"Ploceus nicolli","Passeriformes","Ploceidae","Ploceus","nicolli",NA
"Ploceus insignis","Passeriformes","Ploceidae","Ploceus","insignis",1
"Ploceus angolensis","Passeriformes","Ploceidae","Ploceus","angolensis",NA
"Ploceus sanctithomae","Passeriformes","Ploceidae","Ploceus","sanctithomae",NA
"Ploceus flavipes","Passeriformes","Ploceidae","Ploceus","flavipes",NA
"Malimbus coronatus","Passeriformes","Ploceidae","Malimbus","coronatus",NA
"Malimbus cassini","Passeriformes","Ploceidae","Malimbus","cassini",NA
"Malimbus racheliae","Passeriformes","Ploceidae","Malimbus","racheliae",NA
"Malimbus ballmanni","Passeriformes","Ploceidae","Malimbus","ballmanni",1
"Malimbus scutatus","Passeriformes","Ploceidae","Malimbus","scutatus",NA
"Malimbus ibadanensis","Passeriformes","Ploceidae","Malimbus","ibadanensis",1
"Malimbus nitens","Passeriformes","Ploceidae","Malimbus","nitens",1
"Malimbus rubricollis","Passeriformes","Ploceidae","Malimbus","rubricollis",1
"Malimbus erythrogaster","Passeriformes","Ploceidae","Malimbus","erythrogaster",1
"Malimbus malimbicus","Passeriformes","Ploceidae","Malimbus","malimbicus",NA
"Anaplectes rubriceps","Passeriformes","Ploceidae","Anaplectes","rubriceps",1
NA,"Passeriformes",NA,"Anaplectes","leuconotos",NA
"Anaplectes jubaensis","Passeriformes","Ploceidae","Anaplectes","jubaensis",NA
"Quelea cardinalis","Passeriformes","Ploceidae","Quelea","cardinalis",1
"Quelea erythrops","Passeriformes","Ploceidae","Quelea","erythrops",1
"Quelea quelea","Passeriformes","Ploceidae","Quelea","quelea",1
"Foudia madagascariensis","Passeriformes","Ploceidae","Foudia","madagascariensis",NA
"Foudia eminentissima","Passeriformes","Ploceidae","Foudia","eminentissima",NA
NA,"Passeriformes",NA,"Foudia","consobrina",NA
"Foudia aldabrana","Passeriformes","Ploceidae","Foudia","aldabrana",NA
"Foudia omissa","Passeriformes","Ploceidae","Foudia","omissa",NA
NA,"Passeriformes",NA,"Foudia","delloni",NA
"Foudia rubra","Passeriformes","Ploceidae","Foudia","rubra",NA
"Foudia sechellarum","Passeriformes","Ploceidae","Foudia","sechellarum",NA
"Foudia flavicans","Passeriformes","Ploceidae","Foudia","flavicans",NA
"Brachycope anomala","Passeriformes","Ploceidae","Brachycope","anomala",0
"Euplectes afer","Passeriformes","Ploceidae","Euplectes","afer",1
"Euplectes diadematus","Passeriformes","Ploceidae","Euplectes","diadematus",1
"Euplectes gierowii","Passeriformes","Ploceidae","Euplectes","gierowii",NA
"Euplectes nigroventris","Passeriformes","Ploceidae","Euplectes","nigroventris",NA
"Euplectes hordeaceus","Passeriformes","Ploceidae","Euplectes","hordeaceus",1
"Euplectes orix","Passeriformes","Ploceidae","Euplectes","orix",1
"Euplectes franciscanus","Passeriformes","Ploceidae","Euplectes","franciscanus",NA
"Euplectes aureus","Passeriformes","Ploceidae","Euplectes","aureus",1
"Euplectes capensis","Passeriformes","Ploceidae","Euplectes","capensis",1
"Euplectes axillaris","Passeriformes","Ploceidae","Euplectes","axillaris",NA
"Euplectes macroura","Passeriformes","Ploceidae","Euplectes","macroura",1
"Euplectes hartlaubi","Passeriformes","Ploceidae","Euplectes","hartlaubi",NA
"Euplectes psammacromius","Passeriformes","Ploceidae","Euplectes","psammacromius",NA
"Euplectes albonotatus","Passeriformes","Ploceidae","Euplectes","albonotatus",NA
"Euplectes ardens","Passeriformes","Ploceidae","Euplectes","ardens",NA
"Euplectes laticauda","Passeriformes","Ploceidae","Euplectes","laticauda",NA
"Euplectes progne","Passeriformes","Ploceidae","Euplectes","progne",NA
"Euplectes jacksoni","Passeriformes","Ploceidae","Euplectes","jacksoni",1
"Heteromunia pectoralis","Passeriformes","Estrildidae","Heteromunia","pectoralis",NA
"Oreostruthus fuliginosus","Passeriformes","Estrildidae","Oreostruthus","fuliginosus",NA
"Stagonopleura guttata","Passeriformes","Estrildidae","Stagonopleura","guttata",NA
"Stagonopleura oculata","Passeriformes","Estrildidae","Stagonopleura","oculata",NA
"Stagonopleura bella","Passeriformes","Estrildidae","Stagonopleura","bella",NA
"Neochmia phaeton","Passeriformes","Estrildidae","Neochmia","phaeton",NA
NA,"Passeriformes",NA,"Neochmia","evangelinae",NA
"Neochmia temporalis","Passeriformes","Estrildidae","Neochmia","temporalis",NA
"Emblema pictum","Passeriformes","Estrildidae","Emblema","pictum",NA
"Bathilda ruficauda","Passeriformes","Estrildidae","Neochmia","ruficauda",NA
"Aidemosyne modesta","Passeriformes","Estrildidae","Neochmia","modesta",NA
"Stizoptera bichenovii","Passeriformes","Estrildidae","Taeniopygia","bichenovii",NA
"Taeniopygia guttata","Passeriformes","Estrildidae","Taeniopygia","guttata",NA
"Taeniopygia castanotis","Passeriformes","Estrildidae","Taeniopygia","castanotis",NA
"Poephila personata","Passeriformes","Estrildidae","Poephila","personata",NA
"Poephila acuticauda","Passeriformes","Estrildidae","Poephila","acuticauda",NA
"Poephila cincta","Passeriformes","Estrildidae","Poephila","cincta",NA
"Spermestes griseicapilla","Passeriformes","Estrildidae","Spermestes","griseicapilla",NA
"Spermestes cucullata","Passeriformes","Estrildidae","Spermestes","cucullata",NA
"Spermestes fringilloides","Passeriformes","Estrildidae","Spermestes","fringilloides",NA
"Spermestes bicolor","Passeriformes","Estrildidae","Spermestes","bicolor",1
"Lepidopygia nana","Passeriformes","Estrildidae","Lepidopygia","nana",NA
"Euodice cantans","Passeriformes","Estrildidae","Euodice","cantans",NA
"Euodice malabarica","Passeriformes","Estrildidae","Euodice","malabarica",NA
"Padda oryzivora","Passeriformes","Estrildidae","Padda","oryzivora",NA
"Padda fuscata","Passeriformes","Estrildidae","Padda","fuscata",1
"Mayrimunia tristissima","Passeriformes","Estrildidae","Lonchura","tristissima",1
"Mayrimunia leucosticta","Passeriformes","Estrildidae","Lonchura","leucosticta",1
"Lonchura punctulata","Passeriformes","Estrildidae","Lonchura","punctulata",1
"Lonchura kelaarti","Passeriformes","Estrildidae","Lonchura","kelaarti",NA
"Lonchura molucca","Passeriformes","Estrildidae","Lonchura","molucca",NA
"Lonchura striata","Passeriformes","Estrildidae","Lonchura","striata",NA
"Lonchura fuscans","Passeriformes","Estrildidae","Lonchura","fuscans",NA
"Lonchura leucogastra","Passeriformes","Estrildidae","Lonchura","leucogastra",NA
"Lonchura leucogastroides","Passeriformes","Estrildidae","Lonchura","leucogastroides",NA
"Lonchura malacca","Passeriformes","Estrildidae","Lonchura","malacca",NA
"Lonchura atricapilla","Passeriformes","Estrildidae","Lonchura","atricapilla",1
"Lonchura ferruginosa","Passeriformes","Estrildidae","Lonchura","ferruginosa",NA
"Lonchura maja","Passeriformes","Estrildidae","Lonchura","maja",NA
"Lonchura pallida","Passeriformes","Estrildidae","Lonchura","pallida",NA
"Lonchura grandis","Passeriformes","Estrildidae","Lonchura","grandis",NA
"Lonchura teerinki","Passeriformes","Estrildidae","Lonchura","teerinki",NA
"Lonchura montana","Passeriformes","Estrildidae","Lonchura","montana",NA
"Lonchura monticola","Passeriformes","Estrildidae","Lonchura","monticola",NA
"Lonchura vana","Passeriformes","Estrildidae","Lonchura","vana",NA
"Lonchura nevermanni","Passeriformes","Estrildidae","Lonchura","nevermanni",NA
"Lonchura caniceps","Passeriformes","Estrildidae","Lonchura","caniceps",1
"Lonchura spectabilis","Passeriformes","Estrildidae","Lonchura","spectabilis",NA
"Lonchura forbesi","Passeriformes","Estrildidae","Lonchura","forbesi",NA
"Lonchura hunsteini","Passeriformes","Estrildidae","Lonchura","hunsteini",NA
"Lonchura nigerrima","Passeriformes","Estrildidae","Lonchura","nigerrima",NA
"Lonchura flaviprymna","Passeriformes","Estrildidae","Lonchura","flaviprymna",NA
"Lonchura quinticolor","Passeriformes","Estrildidae","Lonchura","quinticolor",NA
"Lonchura castaneothorax","Passeriformes","Estrildidae","Lonchura","castaneothorax",NA
"Lonchura stygia","Passeriformes","Estrildidae","Lonchura","stygia",NA
"Lonchura melaena","Passeriformes","Estrildidae","Lonchura","melaena",NA
"Chloebia gouldiae","Passeriformes","Estrildidae","Chloebia","gouldiae",1
"Erythrura prasina","Passeriformes","Estrildidae","Erythrura","prasina",NA
"Erythrura viridifacies","Passeriformes","Estrildidae","Erythrura","viridifacies",NA
"Erythrura hyperythra","Passeriformes","Estrildidae","Erythrura","hyperythra",NA
"Erythrura psittacea","Passeriformes","Estrildidae","Erythrura","psittacea",NA
"Erythrura pealii","Passeriformes","Estrildidae","Erythrura","pealii",NA
"Erythrura regia","Passeriformes","Estrildidae","Erythrura","regia",NA
"Erythrura cyaneovirens","Passeriformes","Estrildidae","Erythrura","cyaneovirens",NA
"Erythrura kleinschmidti","Passeriformes","Estrildidae","Erythrura","kleinschmidti",NA
"Erythrura tricolor","Passeriformes","Estrildidae","Erythrura","tricolor",NA
"Erythrura coloria","Passeriformes","Estrildidae","Erythrura","coloria",NA
"Erythrura papuana","Passeriformes","Estrildidae","Erythrura","papuana",NA
"Erythrura trichroa","Passeriformes","Estrildidae","Erythrura","trichroa",NA
"Nesocharis shelleyi","Passeriformes","Estrildidae","Nesocharis","shelleyi",NA
"Nesocharis ansorgei","Passeriformes","Estrildidae","Nesocharis","ansorgei",NA
"Coccopygia quartinia","Passeriformes","Estrildidae","Coccopygia","quartinia",1
"Coccopygia bocagei","Passeriformes","Estrildidae","Coccopygia","bocagei",NA
"Coccopygia melanotis","Passeriformes","Estrildidae","Coccopygia","melanotis",NA
"Mandingoa nitidula","Passeriformes","Estrildidae","Mandingoa","nitidula",0
"Cryptospiza shelleyi","Passeriformes","Estrildidae","Cryptospiza","shelleyi",NA
"Cryptospiza jacksoni","Passeriformes","Estrildidae","Cryptospiza","jacksoni",NA
"Cryptospiza salvadorii","Passeriformes","Estrildidae","Cryptospiza","salvadorii",0
"Cryptospiza reichenovii","Passeriformes","Estrildidae","Cryptospiza","reichenovii",1
"Parmoptila rubrifrons","Passeriformes","Estrildidae","Parmoptila","rubrifrons",NA
"Parmoptila woodhousei","Passeriformes","Estrildidae","Parmoptila","woodhousei",NA
"Parmoptila jamesoni","Passeriformes","Estrildidae","Parmoptila","jamesoni",1
"Nigrita fusconotus","Passeriformes","Estrildidae","Nigrita","fusconotus",NA
"Nigrita bicolor","Passeriformes","Estrildidae","Nigrita","bicolor",NA
"Nigrita canicapillus","Passeriformes","Estrildidae","Nigrita","canicapillus",NA
"Nigrita luteifrons","Passeriformes","Estrildidae","Nigrita","luteifrons",NA
"Delacourella capistrata","Passeriformes","Estrildidae","Delacourella","capistrata",NA
"Brunhilda charmosyna","Passeriformes","Estrildidae","Brunhilda","charmosyna",NA
"Brunhilda erythronotos","Passeriformes","Estrildidae","Brunhilda","erythronotos",NA
"Glaucestrilda caerulescens","Passeriformes","Estrildidae","Glaucestrilda","coerulescens",NA
"Glaucestrilda perreini","Passeriformes","Estrildidae","Glaucestrilda","perreini",NA
"Glaucestrilda thomensis","Passeriformes","Estrildidae","Glaucestrilda","thomensis",NA
"Estrilda nonnula","Passeriformes","Estrildidae","Estrilda","nonnula",NA
"Estrilda atricapilla","Passeriformes","Estrildidae","Estrilda","atricapilla",NA
"Estrilda kandti","Passeriformes","Estrildidae","Estrilda","kandti",NA
"Estrilda melpoda","Passeriformes","Estrildidae","Estrilda","melpoda",1
"Estrilda poliopareia","Passeriformes","Estrildidae","Estrilda","poliopareia",NA
"Estrilda paludicola","Passeriformes","Estrildidae","Estrilda","paludicola",NA
"Estrilda astrild","Passeriformes","Estrildidae","Estrilda","astrild",NA
"Estrilda nigriloris","Passeriformes","Estrildidae","Estrilda","nigriloris",NA
"Estrilda troglodytes","Passeriformes","Estrildidae","Estrilda","troglodytes",NA
"Estrilda rhodopyga","Passeriformes","Estrildidae","Estrilda","rhodopyga",NA
"Estrilda rufibarba","Passeriformes","Estrildidae","Estrilda","rufibarba",NA
"Ortygospiza atricollis","Passeriformes","Estrildidae","Ortygospiza","atricollis",0
"Paludipasser locustella","Passeriformes","Estrildidae","Paludipasser","locustella",NA
"Amadina fasciata","Passeriformes","Estrildidae","Amadina","fasciata",1
"Amadina erythrocephala","Passeriformes","Estrildidae","Amadina","erythrocephala",NA
"Amandava formosa","Passeriformes","Estrildidae","Amandava","formosa",1
"Amandava subflava","Passeriformes","Estrildidae","Amandava","subflava",NA
"Amandava amandava","Passeriformes","Estrildidae","Amandava","amandava",1
"Granatina ianthinogaster","Passeriformes","Estrildidae","Granatina","ianthinogaster",NA
"Granatina granatina","Passeriformes","Estrildidae","Granatina","granatina",NA
"Uraeginthus angolensis","Passeriformes","Estrildidae","Uraeginthus","angolensis",NA
"Uraeginthus bengalus","Passeriformes","Estrildidae","Uraeginthus","bengalus",1
"Uraeginthus cyanocephalus","Passeriformes","Estrildidae","Uraeginthus","cyanocephalus",NA
"Spermophaga poliogenys","Passeriformes","Estrildidae","Spermophaga","poliogenys",NA
"Spermophaga haematina","Passeriformes","Estrildidae","Spermophaga","haematina",NA
"Spermophaga ruficapilla","Passeriformes","Estrildidae","Spermophaga","ruficapilla",NA
"Pyrenestes minor","Passeriformes","Estrildidae","Pyrenestes","minor",0
"Pyrenestes sanguineus","Passeriformes","Estrildidae","Pyrenestes","sanguineus",NA
"Pyrenestes ostrinus","Passeriformes","Estrildidae","Pyrenestes","ostrinus",NA
"Pytilia melba","Passeriformes","Estrildidae","Pytilia","melba",NA
"Pytilia afra","Passeriformes","Estrildidae","Pytilia","afra",NA
"Pytilia phoenicoptera","Passeriformes","Estrildidae","Pytilia","phoenicoptera",NA
"Pytilia lineata","Passeriformes","Estrildidae","Pytilia","lineata",NA
"Pytilia hypogrammica","Passeriformes","Estrildidae","Pytilia","hypogrammica",NA
"Euschistospiza dybowskii","Passeriformes","Estrildidae","Euschistospiza","dybowskii",NA
"Euschistospiza cinereovinacea","Passeriformes","Estrildidae","Euschistospiza","cinereovinacea",NA
"Hypargos niveoguttatus","Passeriformes","Estrildidae","Hypargos","niveoguttatus",NA
"Hypargos margaritatus","Passeriformes","Estrildidae","Hypargos","margaritatus",NA
"Clytospiza monteiri","Passeriformes","Estrildidae","Clytospiza","monteiri",NA
"Lagonosticta senegala","Passeriformes","Estrildidae","Lagonosticta","senegala",NA
"Lagonosticta rubricata","Passeriformes","Estrildidae","Lagonosticta","rubricata",NA
"Lagonosticta rhodopareia","Passeriformes","Estrildidae","Lagonosticta","rhodopareia",NA
"Lagonosticta virata","Passeriformes","Estrildidae","Lagonosticta","virata",NA
"Lagonosticta sanguinodorsalis","Passeriformes","Estrildidae","Lagonosticta","sanguinodorsalis",NA
"Lagonosticta umbrinodorsalis","Passeriformes","Estrildidae","Lagonosticta","umbrinodorsalis",NA
"Lagonosticta rara","Passeriformes","Estrildidae","Lagonosticta","rara",NA
"Lagonosticta rufopicta","Passeriformes","Estrildidae","Lagonosticta","rufopicta",NA
"Lagonosticta nitidula","Passeriformes","Estrildidae","Lagonosticta","nitidula",NA
"Lagonosticta larvata","Passeriformes","Estrildidae","Lagonosticta","larvata",NA
NA,"Passeriformes",NA,"Lagonosticta","vinacea",NA
NA,"Passeriformes",NA,"Lagonosticta","nigricollis",NA
"Vidua chalybeata","Passeriformes","Viduidae","Vidua","chalybeata",NA
"Vidua purpurascens","Passeriformes","Viduidae","Vidua","purpurascens",NA
"Vidua raricola","Passeriformes","Viduidae","Vidua","raricola",NA
"Vidua larvaticola","Passeriformes","Viduidae","Vidua","larvaticola",NA
"Vidua funerea","Passeriformes","Viduidae","Vidua","funerea",NA
"Vidua codringtoni","Passeriformes","Viduidae","Vidua","codringtoni",NA
"Vidua wilsoni","Passeriformes","Viduidae","Vidua","wilsoni",NA
"Vidua nigeriae","Passeriformes","Viduidae","Vidua","nigeriae",0
"Vidua maryae","Passeriformes","Viduidae","Vidua","maryae",0
"Vidua camerunensis","Passeriformes","Viduidae","Vidua","camerunensis",1
"Vidua macroura","Passeriformes","Viduidae","Vidua","macroura",NA
"Vidua hypocherina","Passeriformes","Viduidae","Vidua","hypocherina",NA
"Vidua fischeri","Passeriformes","Viduidae","Vidua","fischeri",NA
"Vidua regia","Passeriformes","Viduidae","Vidua","regia",NA
"Vidua paradisaea","Passeriformes","Viduidae","Vidua","paradisaea",NA
"Vidua orientalis","Passeriformes","Viduidae","Vidua","orientalis",NA
"Vidua interjecta","Passeriformes","Viduidae","Vidua","interjecta",NA
"Vidua togoensis","Passeriformes","Viduidae","Vidua","togoensis",NA
"Vidua obtusa","Passeriformes","Viduidae","Vidua","obtusa",NA
"Anomalospiza imberbis","Passeriformes","Viduidae","Anomalospiza","imberbis",NA
"Peucedramus taeniatus","Passeriformes","Peucedramidae","Peucedramus","taeniatus",NA
"Prunella collaris","Passeriformes","Prunellidae","Prunella","collaris",1
"Prunella himalayana","Passeriformes","Prunellidae","Prunella","himalayana",1
"Prunella rubeculoides","Passeriformes","Prunellidae","Prunella","rubeculoides",1
"Prunella strophiata","Passeriformes","Prunellidae","Prunella","strophiata",NA
"Prunella montanella","Passeriformes","Prunellidae","Prunella","montanella",0
"Prunella fulvescens","Passeriformes","Prunellidae","Prunella","fulvescens",0
"Prunella ocularis","Passeriformes","Prunellidae","Prunella","ocularis",NA
"Prunella atrogularis","Passeriformes","Prunellidae","Prunella","atrogularis",0
"Prunella koslowi","Passeriformes","Prunellidae","Prunella","koslowi",NA
"Prunella modularis","Passeriformes","Prunellidae","Prunella","modularis",0
"Prunella rubida","Passeriformes","Prunellidae","Prunella","rubida",NA
"Prunella immaculata","Passeriformes","Prunellidae","Prunella","immaculata",NA
"Dendronanthus indicus","Passeriformes","Motacillidae","Dendronanthus","indicus",0
"Motacilla flava","Passeriformes","Motacillidae","Motacilla","flava",1
"Motacilla tschutschensis","Passeriformes","Motacillidae","Motacilla","tschutschensis",NA
"Motacilla citreola","Passeriformes","Motacillidae","Motacilla","citreola",1
"Motacilla capensis","Passeriformes","Motacillidae","Motacilla","capensis",1
"Motacilla flaviventris","Passeriformes","Motacillidae","Motacilla","flaviventris",NA
"Motacilla bocagii","Passeriformes","Motacillidae","Amaurocichla","bocagii",NA
"Motacilla cinerea","Passeriformes","Motacillidae","Motacilla","cinerea",NA
"Motacilla clara","Passeriformes","Motacillidae","Motacilla","clara",NA
"Motacilla alba","Passeriformes","Motacillidae","Motacilla","alba",1
"Motacilla aguimp","Passeriformes","Motacillidae","Motacilla","aguimp",1
"Motacilla samveasnae","Passeriformes","Motacillidae","Motacilla","samveasnae",NA
"Motacilla grandis","Passeriformes","Motacillidae","Motacilla","grandis",0
"Motacilla maderaspatensis","Passeriformes","Motacillidae","Motacilla","maderaspatensis",1
"Tmetothylacus tenellus","Passeriformes","Motacillidae","Tmetothylacus","tenellus",1
"Macronyx sharpei","Passeriformes","Motacillidae","Macronyx","sharpei",0
"Macronyx flavicollis","Passeriformes","Motacillidae","Macronyx","flavicollis",NA
"Macronyx fuelleborni","Passeriformes","Motacillidae","Macronyx","fuelleborni",0
"Macronyx capensis","Passeriformes","Motacillidae","Macronyx","capensis",0
"Macronyx croceus","Passeriformes","Motacillidae","Macronyx","croceus",0
"Macronyx aurantiigula","Passeriformes","Motacillidae","Macronyx","aurantiigula",0
"Macronyx ameliae","Passeriformes","Motacillidae","Macronyx","ameliae",NA
"Macronyx grimwoodi","Passeriformes","Motacillidae","Macronyx","grimwoodi",NA
"Anthus richardi","Passeriformes","Motacillidae","Anthus","richardi",NA
"Anthus rufulus","Passeriformes","Motacillidae","Anthus","rufulus",0
"Anthus australis","Passeriformes","Motacillidae","Anthus","australis",NA
"Anthus novaeseelandiae","Passeriformes","Motacillidae","Anthus","novaeseelandiae",1
"Anthus cinnamomeus","Passeriformes","Motacillidae","Anthus","cinnamomeus",NA
"Anthus hoeschi","Passeriformes","Motacillidae","Anthus","hoeschi",NA
"Anthus godlewskii","Passeriformes","Motacillidae","Anthus","godlewskii",NA
"Anthus campestris","Passeriformes","Motacillidae","Anthus","campestris",NA
"Anthus similis","Passeriformes","Motacillidae","Anthus","similis",NA
"Anthus nicholsoni","Passeriformes","Motacillidae","Anthus","nicholsoni",NA
"Anthus nyassae","Passeriformes","Motacillidae","Anthus","nyassae",NA
"Anthus vaalensis","Passeriformes","Motacillidae","Anthus","vaalensis",NA
"Anthus leucophrys","Passeriformes","Motacillidae","Anthus","leucophrys",NA
"Anthus pallidiventris","Passeriformes","Motacillidae","Anthus","pallidiventris",NA
"Anthus pratensis","Passeriformes","Motacillidae","Anthus","pratensis",1
"Anthus trivialis","Passeriformes","Motacillidae","Anthus","trivialis",1
"Anthus hodgsoni","Passeriformes","Motacillidae","Anthus","hodgsoni",1
"Anthus gustavi","Passeriformes","Motacillidae","Anthus","gustavi",0
"Anthus roseatus","Passeriformes","Motacillidae","Anthus","roseatus",NA
"Anthus cervinus","Passeriformes","Motacillidae","Anthus","cervinus",0
"Anthus japonicus","Passeriformes","Motacillidae","Anthus","japonicus",1
"Anthus rubescens","Passeriformes","Motacillidae","Anthus","rubescens",1
"Anthus spinoletta","Passeriformes","Motacillidae","Anthus","spinoletta",0
"Anthus petrosus","Passeriformes","Motacillidae","Anthus","petrosus",0
"Anthus nilghiriensis","Passeriformes","Motacillidae","Anthus","nilghiriensis",NA
"Anthus sylvanus","Passeriformes","Motacillidae","Anthus","sylvanus",NA
"Anthus berthelotii","Passeriformes","Motacillidae","Anthus","berthelotii",NA
"Anthus lineiventris","Passeriformes","Motacillidae","Anthus","lineiventris",NA
"Anthus crenatus","Passeriformes","Motacillidae","Anthus","crenatus",0
"Anthus brachyurus","Passeriformes","Motacillidae","Anthus","brachyurus",0
"Anthus caffer","Passeriformes","Motacillidae","Anthus","caffer",0
"Anthus sokokensis","Passeriformes","Motacillidae","Anthus","sokokensis",NA
"Anthus melindae","Passeriformes","Motacillidae","Anthus","melindae",1
"Anthus chloris","Passeriformes","Motacillidae","Hemimacronyx","chloris",0
"Anthus gutturalis","Passeriformes","Motacillidae","Anthus","gutturalis",1
"Anthus ruficollis","Passeriformes","Motacillidae","Madanga","ruficollis",NA
"Anthus spragueii","Passeriformes","Motacillidae","Anthus","spragueii",1
"Anthus chii","Passeriformes","Motacillidae","Anthus","chii",0
"Anthus peruvianus","Passeriformes","Motacillidae","Anthus","peruvianus",NA
"Anthus furcatus","Passeriformes","Motacillidae","Anthus","furcatus",1
"Anthus brevirostris","Passeriformes","Motacillidae","Anthus","brevirostris",NA
"Anthus chacoensis","Passeriformes","Motacillidae","Anthus","chacoensis",NA
"Anthus correndera","Passeriformes","Motacillidae","Anthus","correndera",0
"Anthus antarcticus","Passeriformes","Motacillidae","Anthus","antarcticus",NA
"Anthus nattereri","Passeriformes","Motacillidae","Anthus","nattereri",NA
"Anthus hellmayri","Passeriformes","Motacillidae","Anthus","hellmayri",NA
"Anthus bogotensis","Passeriformes","Motacillidae","Anthus","bogotensis",0
"Urocynchramus pylzowi","Passeriformes","Urocynchramidae","Urocynchramus","pylzowi",NA
"Fringilla coelebs","Passeriformes","Fringillidae","Fringilla","coelebs",1
"Fringilla spodiogenys","Passeriformes","Fringillidae","Fringilla","spodiogenys",NA
"Fringilla moreletti","Passeriformes","Fringillidae","Fringilla","moreletti",NA
"Fringilla maderensis","Passeriformes","Fringillidae","Fringilla","maderensis",NA
"Fringilla canariensis","Passeriformes","Fringillidae","Fringilla","canariensis",NA
"Fringilla teydea","Passeriformes","Fringillidae","Fringilla","teydea",NA
"Fringilla polatzeki","Passeriformes","Fringillidae","Fringilla","polatzeki",NA
"Fringilla montifringilla","Passeriformes","Fringillidae","Fringilla","montifringilla",NA
"Mycerobas icterioides","Passeriformes","Fringillidae","Mycerobas","icterioides",NA
"Mycerobas affinis","Passeriformes","Fringillidae","Mycerobas","affinis",NA
"Mycerobas melanozanthos","Passeriformes","Fringillidae","Mycerobas","melanozanthos",NA
"Mycerobas carnipes","Passeriformes","Fringillidae","Mycerobas","carnipes",NA
"Hesperiphona vespertina","Passeriformes","Fringillidae","Hesperiphona","vespertina",NA
"Hesperiphona abeillei","Passeriformes","Fringillidae","Hesperiphona","abeillei",NA
"Coccothraustes coccothraustes","Passeriformes","Fringillidae","Coccothraustes","coccothraustes",1
"Eophona migratoria","Passeriformes","Fringillidae","Eophona","migratoria",NA
"Eophona personata","Passeriformes","Fringillidae","Eophona","personata",NA
"Pinicola enucleator","Passeriformes","Fringillidae","Pinicola","enucleator",NA
"Pyrrhula nipalensis","Passeriformes","Fringillidae","Pyrrhula","nipalensis",NA
NA,"Passeriformes",NA,"Pyrrhula","waterstradti",NA
"Pyrrhula aurantiaca","Passeriformes","Fringillidae","Pyrrhula","aurantiaca",NA
"Pyrrhula erythrocephala","Passeriformes","Fringillidae","Pyrrhula","erythrocephala",1
"Pyrrhula erythaca","Passeriformes","Fringillidae","Pyrrhula","erythaca",NA
"Pyrrhula owstoni","Passeriformes","Fringillidae","Pyrrhula","owstoni",NA
"Pyrrhula leucogenis","Passeriformes","Fringillidae","Pyrrhula","leucogenis",NA
"Pyrrhula pyrrhula","Passeriformes","Fringillidae","Pyrrhula","pyrrhula",NA
"Pyrrhula murina","Passeriformes","Fringillidae","Pyrrhula","murina",NA
"Rhodopechys sanguineus","Passeriformes","Fringillidae","Rhodopechys","sanguineus",1
NA,"Passeriformes",NA,"Rhodopechys","alienus",0
"Bucanetes githagineus","Passeriformes","Fringillidae","Bucanetes","githagineus",1
"Bucanetes mongolicus","Passeriformes","Fringillidae","Bucanetes","mongolicus",1
"Agraphospiza rubescens","Passeriformes","Fringillidae","Agraphospiza","rubescens",NA
"Callacanthis burtoni","Passeriformes","Fringillidae","Callacanthis","burtoni",NA
"Pyrrhoplectes epauletta","Passeriformes","Fringillidae","Pyrrhoplectes","epauletta",NA
"Procarduelis nipalensis","Passeriformes","Fringillidae","Procarduelis","nipalensis",NA
"Leucosticte nemoricola","Passeriformes","Fringillidae","Leucosticte","nemoricola",1
"Leucosticte brandti","Passeriformes","Fringillidae","Leucosticte","brandti",1
"Leucosticte arctoa","Passeriformes","Fringillidae","Leucosticte","arctoa",1
"Leucosticte tephrocotis","Passeriformes","Fringillidae","Leucosticte","tephrocotis",NA
"Leucosticte atrata","Passeriformes","Fringillidae","Leucosticte","atrata",NA
"Leucosticte australis","Passeriformes","Fringillidae","Leucosticte","australis",NA
"Carpodacus erythrinus","Passeriformes","Fringillidae","Carpodacus","erythrinus",1
"Carpodacus sipahi","Passeriformes","Fringillidae","Carpodacus","sipahi",NA
"Carpodacus ferreorostris","Passeriformes","Fringillidae","Carpodacus","ferreorostris",NA
"Carpodacus rubicilloides","Passeriformes","Fringillidae","Carpodacus","rubicilloides",NA
"Carpodacus rubicilla","Passeriformes","Fringillidae","Carpodacus","rubicilla",1
"Carpodacus grandis","Passeriformes","Fringillidae","Carpodacus","grandis",1
"Carpodacus rhodochlamys","Passeriformes","Fringillidae","Carpodacus","rhodochlamys",NA
"Carpodacus pulcherrimus","Passeriformes","Fringillidae","Carpodacus","pulcherrimus",0
"Carpodacus davidianus","Passeriformes","Fringillidae","Carpodacus","davidianus",0
"Carpodacus waltoni","Passeriformes","Fringillidae","Carpodacus","waltoni",NA
"Carpodacus rodochroa","Passeriformes","Fringillidae","Carpodacus","rodochroa",NA
"Carpodacus edwardsii","Passeriformes","Fringillidae","Carpodacus","edwardsii",NA
"Carpodacus rodopeplus","Passeriformes","Fringillidae","Carpodacus","rodopeplus",NA
"Carpodacus verreauxii","Passeriformes","Fringillidae","Carpodacus","verreauxii",NA
"Carpodacus vinaceus","Passeriformes","Fringillidae","Carpodacus","vinaceus",NA
"Carpodacus formosanus","Passeriformes","Fringillidae","Carpodacus","formosanus",NA
"Carpodacus synoicus","Passeriformes","Fringillidae","Carpodacus","synoicus",1
"Carpodacus stoliczkae","Passeriformes","Fringillidae","Carpodacus","stoliczkae",1
"Carpodacus roborowskii","Passeriformes","Fringillidae","Carpodacus","roborowskii",NA
"Carpodacus sillemi","Passeriformes","Fringillidae","Carpodacus","sillemi",NA
"Carpodacus sibiricus","Passeriformes","Fringillidae","Carpodacus","sibiricus",1
"Carpodacus lepidus","Passeriformes","Fringillidae","Carpodacus","lepidus",1
"Carpodacus roseus","Passeriformes","Fringillidae","Carpodacus","roseus",1
"Carpodacus trifasciatus","Passeriformes","Fringillidae","Carpodacus","trifasciatus",NA
"Carpodacus thura","Passeriformes","Fringillidae","Carpodacus","thura",0
"Carpodacus dubius","Passeriformes","Fringillidae","Carpodacus","dubius",1
"Carpodacus puniceus","Passeriformes","Fringillidae","Carpodacus","puniceus",NA
"Carpodacus subhimachalus","Passeriformes","Fringillidae","Carpodacus","subhimachalus",NA
"Melamprosops phaeosoma","Passeriformes","Fringillidae","Melamprosops","phaeosoma",NA
"Paroreomyza maculata","Passeriformes","Fringillidae","Paroreomyza","maculata",NA
"Paroreomyza flammea","Passeriformes","Fringillidae","Paroreomyza","flammea",NA
"Paroreomyza montana","Passeriformes","Fringillidae","Paroreomyza","montana",NA
"Oreomystis bairdi","Passeriformes","Fringillidae","Oreomystis","bairdi",NA
"Telespiza cantans","Passeriformes","Fringillidae","Telespiza","cantans",NA
"Telespiza ultima","Passeriformes","Fringillidae","Telespiza","ultima",NA
"Loxioides bailleui","Passeriformes","Fringillidae","Loxioides","bailleui",NA
"Rhodacanthis flaviceps","Passeriformes","Fringillidae","Rhodacanthis","flaviceps",NA
"Rhodacanthis palmeri","Passeriformes","Fringillidae","Rhodacanthis","palmeri",NA
"Chloridops kona","Passeriformes","Fringillidae","Chloridops","kona",NA
"Psittirostra psittacea","Passeriformes","Fringillidae","Psittirostra","psittacea",NA
"Dysmorodrepanis munroi","Passeriformes","Fringillidae","Dysmorodrepanis","munroi",NA
"Drepanis coccinea","Passeriformes","Fringillidae","Drepanis","coccinea",0
"Drepanis pacifica","Passeriformes","Fringillidae","Drepanis","pacifica",NA
"Drepanis funerea","Passeriformes","Fringillidae","Drepanis","funerea",NA
"Ciridops anna","Passeriformes","Fringillidae","Ciridops","anna",NA
"Palmeria dolei","Passeriformes","Fringillidae","Palmeria","dolei",0
"Himatione sanguinea","Passeriformes","Fringillidae","Himatione","sanguinea",1
"Himatione fraithii","Passeriformes","Fringillidae","Himatione","fraithii",NA
"Viridonia sagittirostris","Passeriformes","Fringillidae","Viridonia","sagittirostris",NA
"Akialoa obscura","Passeriformes","Fringillidae","Akialoa","obscura",NA
"Akialoa ellisiana","Passeriformes","Fringillidae","Akialoa","ellisiana",NA
"Akialoa stejnegeri","Passeriformes","Fringillidae","Akialoa","stejnegeri",NA
"Akialoa lanaiensis","Passeriformes","Fringillidae","Akialoa","lanaiensis",NA
"Hemignathus lucidus","Passeriformes","Fringillidae","Hemignathus","lucidus",NA
"Hemignathus hanapepe","Passeriformes","Fringillidae","Hemignathus","hanapepe",NA
"Hemignathus affinis","Passeriformes","Fringillidae","Hemignathus","affinis",NA
"Hemignathus wilsoni","Passeriformes","Fringillidae","Hemignathus","wilsoni",1
"Pseudonestor xanthophrys","Passeriformes","Fringillidae","Pseudonestor","xanthophrys",NA
"Magumma parva","Passeriformes","Fringillidae","Magumma","parva",NA
"Loxops mana","Passeriformes","Fringillidae","Manucerthia","mana",1
"Loxops caeruleirostris","Passeriformes","Fringillidae","Loxops","caeruleirostris",NA
"Loxops coccineus","Passeriformes","Fringillidae","Loxops","coccineus",1
"Loxops wolstenholmei","Passeriformes","Fringillidae","Loxops","wolstenholmei",NA
"Loxops ochraceus","Passeriformes","Fringillidae","Loxops","ochraceus",NA
"Chlorodrepanis virens","Passeriformes","Fringillidae","Chlorodrepanis","virens",NA
"Chlorodrepanis flava","Passeriformes","Fringillidae","Chlorodrepanis","flava",NA
"Chlorodrepanis stejnegeri","Passeriformes","Fringillidae","Chlorodrepanis","stejnegeri",NA
"Haemorhous purpureus","Passeriformes","Fringillidae","Haemorhous","purpureus",NA
"Haemorhous cassinii","Passeriformes","Fringillidae","Haemorhous","cassinii",NA
"Haemorhous mexicanus","Passeriformes","Fringillidae","Haemorhous","mexicanus",NA
"Chloris chloris","Passeriformes","Fringillidae","Chloris","chloris",1
"Chloris sinica","Passeriformes","Fringillidae","Chloris","sinica",1
"Chloris kittlitzi","Passeriformes","Fringillidae","Chloris","kittlitzi",1
"Chloris spinoides","Passeriformes","Fringillidae","Chloris","spinoides",1
"Chloris monguilloti","Passeriformes","Fringillidae","Chloris","monguilloti",NA
"Chloris ambigua","Passeriformes","Fringillidae","Chloris","ambigua",NA
"Rhodospiza obsoleta","Passeriformes","Fringillidae","Rhodospiza","obsoleta",1
"Rhynchostruthus socotranus","Passeriformes","Fringillidae","Rhynchostruthus","socotranus",NA
"Rhynchostruthus percivali","Passeriformes","Fringillidae","Rhynchostruthus","percivali",0
"Rhynchostruthus louisae","Passeriformes","Fringillidae","Rhynchostruthus","louisae",0
"Linurgus olivaceus","Passeriformes","Fringillidae","Linurgus","olivaceus",0
"Crithagra rufobrunnea","Passeriformes","Fringillidae","Crithagra","rufobrunnea",NA
"Crithagra concolor","Passeriformes","Fringillidae","Crithagra","concolor",NA
"Crithagra citrinelloides","Passeriformes","Fringillidae","Crithagra","citrinelloides",NA
"Crithagra frontalis","Passeriformes","Fringillidae","Crithagra","frontalis",NA
"Crithagra hyposticta","Passeriformes","Fringillidae","Crithagra","hyposticta",NA
"Crithagra capistrata","Passeriformes","Fringillidae","Crithagra","capistrata",NA
"Crithagra koliensis","Passeriformes","Fringillidae","Crithagra","koliensis",NA
"Crithagra scotops","Passeriformes","Fringillidae","Crithagra","scotops",NA
"Crithagra leucopygia","Passeriformes","Fringillidae","Crithagra","leucopygia",NA
"Crithagra atrogularis","Passeriformes","Fringillidae","Crithagra","atrogularis",1
"Crithagra xanthopygia","Passeriformes","Fringillidae","Crithagra","xanthopygia",NA
"Crithagra reichenowi","Passeriformes","Fringillidae","Crithagra","reichenowi",1
"Crithagra rothschildi","Passeriformes","Fringillidae","Crithagra","rothschildi",0
"Crithagra flavigula","Passeriformes","Fringillidae","Crithagra","flavigula",NA
"Crithagra xantholaema","Passeriformes","Fringillidae","Crithagra","xantholaema",NA
"Crithagra citrinipectus","Passeriformes","Fringillidae","Crithagra","citrinipectus",1
"Crithagra mozambica","Passeriformes","Fringillidae","Crithagra","mozambica",1
"Crithagra dorsostriata","Passeriformes","Fringillidae","Crithagra","dorsostriata",NA
"Crithagra ankoberensis","Passeriformes","Fringillidae","Crithagra","ankoberensis",NA
"Crithagra menachensis","Passeriformes","Fringillidae","Crithagra","menachensis",1
"Crithagra totta","Passeriformes","Fringillidae","Crithagra","totta",1
"Crithagra symonsi","Passeriformes","Fringillidae","Crithagra","symonsi",NA
"Crithagra donaldsoni","Passeriformes","Fringillidae","Crithagra","donaldsoni",0
"Crithagra buchanani","Passeriformes","Fringillidae","Crithagra","buchanani",0
"Crithagra flaviventris","Passeriformes","Fringillidae","Crithagra","flaviventris",1
"Crithagra sulphurata","Passeriformes","Fringillidae","Crithagra","sulphurata",1
"Crithagra striatipectus","Passeriformes","Fringillidae","Crithagra","striatipectus",0
"Crithagra reichardi","Passeriformes","Fringillidae","Crithagra","reichardi",0
"Crithagra gularis","Passeriformes","Fringillidae","Crithagra","gularis",1
"Crithagra canicapilla","Passeriformes","Fringillidae","Crithagra","canicapilla",NA
"Crithagra mennelli","Passeriformes","Fringillidae","Crithagra","mennelli",1
"Crithagra tristriata","Passeriformes","Fringillidae","Crithagra","tristriata",0
"Crithagra albogularis","Passeriformes","Fringillidae","Crithagra","albogularis",1
"Crithagra burtoni","Passeriformes","Fringillidae","Crithagra","burtoni",0
"Crithagra striolata","Passeriformes","Fringillidae","Crithagra","striolata",1
"Crithagra whytii","Passeriformes","Fringillidae","Crithagra","whytii",NA
"Crithagra melanochroa","Passeriformes","Fringillidae","Crithagra","melanochroa",NA
"Crithagra leucoptera","Passeriformes","Fringillidae","Crithagra","leucoptera",1
"Linaria flavirostris","Passeriformes","Fringillidae","Linaria","flavirostris",1
"Linaria cannabina","Passeriformes","Fringillidae","Linaria","cannabina",1
"Linaria yemenensis","Passeriformes","Fringillidae","Linaria","yemenensis",NA
"Linaria johannis","Passeriformes","Fringillidae","Linaria","johannis",NA
"Acanthis flammea","Passeriformes","Fringillidae","Acanthis","flammea",1
"Loxia pytyopsittacus","Passeriformes","Fringillidae","Loxia","pytyopsittacus",1
"Loxia scotica","Passeriformes","Fringillidae","Loxia","scotica",0
"Loxia curvirostra","Passeriformes","Fringillidae","Loxia","curvirostra",NA
"Loxia sinesciuris","Passeriformes","Fringillidae","Loxia","sinesciuris",NA
"Loxia leucoptera","Passeriformes","Fringillidae","Loxia","leucoptera",NA
"Loxia megaplaga","Passeriformes","Fringillidae","Loxia","megaplaga",1
"Chrysocorythus estherae","Passeriformes","Fringillidae","Chrysocorythus","estherae",0
"Chrysocorythus mindanensis","Passeriformes","Fringillidae","Chrysocorythus","mindanensis",0
"Carduelis carduelis","Passeriformes","Fringillidae","Carduelis","carduelis",1
"Carduelis caniceps","Passeriformes","Fringillidae","Carduelis","caniceps",NA
"Carduelis citrinella","Passeriformes","Fringillidae","Carduelis","citrinella",NA
"Carduelis corsicana","Passeriformes","Fringillidae","Carduelis","corsicana",NA
"Serinus pusillus","Passeriformes","Fringillidae","Serinus","pusillus",1
"Serinus serinus","Passeriformes","Fringillidae","Serinus","serinus",1
"Serinus syriacus","Passeriformes","Fringillidae","Serinus","syriacus",1
"Serinus canaria","Passeriformes","Fringillidae","Serinus","canaria",NA
"Serinus canicollis","Passeriformes","Fringillidae","Serinus","canicollis",0
"Serinus flavivertex","Passeriformes","Fringillidae","Serinus","flavivertex",1
"Serinus nigriceps","Passeriformes","Fringillidae","Serinus","nigriceps",NA
"Serinus alario","Passeriformes","Fringillidae","Serinus","alario",1
"Spinus thibetanus","Passeriformes","Fringillidae","Spinus","thibetanus",NA
"Spinus lawrencei","Passeriformes","Fringillidae","Spinus","lawrencei",1
"Spinus tristis","Passeriformes","Fringillidae","Spinus","tristis",NA
"Spinus psaltria","Passeriformes","Fringillidae","Spinus","psaltria",1
"Spinus spinus","Passeriformes","Fringillidae","Spinus","spinus",1
"Spinus dominicensis","Passeriformes","Fringillidae","Spinus","dominicensis",0
"Spinus pinus","Passeriformes","Fringillidae","Spinus","pinus",NA
"Spinus atriceps","Passeriformes","Fringillidae","Spinus","atriceps",NA
"Spinus notatus","Passeriformes","Fringillidae","Spinus","notatus",NA
"Spinus barbatus","Passeriformes","Fringillidae","Spinus","barbatus",1
"Spinus xanthogastrus","Passeriformes","Fringillidae","Spinus","xanthogastrus",NA
"Spinus olivaceus","Passeriformes","Fringillidae","Spinus","olivaceus",NA
"Spinus magellanicus","Passeriformes","Fringillidae","Spinus","magellanicus",1
"Spinus siemiradzkii","Passeriformes","Fringillidae","Spinus","siemiradzkii",NA
"Spinus yarrellii","Passeriformes","Fringillidae","Spinus","yarrellii",NA
"Spinus cucullatus","Passeriformes","Fringillidae","Spinus","cucullatus",1
"Spinus atratus","Passeriformes","Fringillidae","Spinus","atratus",1
"Spinus uropygialis","Passeriformes","Fringillidae","Spinus","uropygialis",1
"Spinus crassirostris","Passeriformes","Fringillidae","Spinus","crassirostris",1
"Spinus spinescens","Passeriformes","Fringillidae","Spinus","spinescens",NA
"Chlorophonia elegantissima","Passeriformes","Fringillidae","Euphonia","elegantissima",NA
"Chlorophonia musica","Passeriformes","Fringillidae","Euphonia","musica",1
"Chlorophonia sclateri","Passeriformes","Fringillidae","Euphonia","sclateri",1
"Chlorophonia flavifrons","Passeriformes","Fringillidae","Euphonia","flavifrons",1
"Chlorophonia cyanocephala","Passeriformes","Fringillidae","Euphonia","cyanocephala",1
"Chlorophonia cyanea","Passeriformes","Fringillidae","Chlorophonia","cyanea",1
"Chlorophonia pyrrhophrys","Passeriformes","Fringillidae","Chlorophonia","pyrrhophrys",NA
"Chlorophonia flavirostris","Passeriformes","Fringillidae","Chlorophonia","flavirostris",NA
"Chlorophonia occipitalis","Passeriformes","Fringillidae","Chlorophonia","occipitalis",NA
"Chlorophonia callophrys","Passeriformes","Fringillidae","Chlorophonia","callophrys",NA
"Euphonia jamaica","Passeriformes","Fringillidae","Euphonia","jamaica",1
"Euphonia saturata","Passeriformes","Fringillidae","Euphonia","saturata",NA
"Euphonia plumbea","Passeriformes","Fringillidae","Euphonia","plumbea",1
"Euphonia chlorotica","Passeriformes","Fringillidae","Euphonia","chlorotica",1
"Euphonia finschi","Passeriformes","Fringillidae","Euphonia","finschi",NA
"Euphonia concinna","Passeriformes","Fringillidae","Euphonia","concinna",NA
"Euphonia trinitatis","Passeriformes","Fringillidae","Euphonia","trinitatis",NA
"Euphonia godmani","Passeriformes","Fringillidae","Euphonia","godmani",1
"Euphonia affinis","Passeriformes","Fringillidae","Euphonia","affinis",1
"Euphonia luteicapilla","Passeriformes","Fringillidae","Euphonia","luteicapilla",NA
"Euphonia chrysopasta","Passeriformes","Fringillidae","Euphonia","chrysopasta",1
"Euphonia minuta","Passeriformes","Fringillidae","Euphonia","minuta",1
"Euphonia chalybea","Passeriformes","Fringillidae","Euphonia","chalybea",1
"Euphonia violacea","Passeriformes","Fringillidae","Euphonia","violacea",1
"Euphonia hirundinacea","Passeriformes","Fringillidae","Euphonia","hirundinacea",NA
"Euphonia laniirostris","Passeriformes","Fringillidae","Euphonia","laniirostris",0
"Euphonia imitans","Passeriformes","Fringillidae","Euphonia","imitans",NA
"Euphonia gouldi","Passeriformes","Fringillidae","Euphonia","gouldi",NA
"Euphonia fulvicrissa","Passeriformes","Fringillidae","Euphonia","fulvicrissa",NA
"Euphonia anneae","Passeriformes","Fringillidae","Euphonia","anneae",NA
"Euphonia xanthogaster","Passeriformes","Fringillidae","Euphonia","xanthogaster",1
"Euphonia mesochrysa","Passeriformes","Fringillidae","Euphonia","mesochrysa",NA
"Euphonia cayennensis","Passeriformes","Fringillidae","Euphonia","cayennensis",1
"Euphonia rufiventris","Passeriformes","Fringillidae","Euphonia","rufiventris",1
"Euphonia pectoralis","Passeriformes","Fringillidae","Euphonia","pectoralis",1
"Rhynchophanes mccownii","Passeriformes","Calcariidae","Rhynchophanes","mccownii",NA
"Calcarius lapponicus","Passeriformes","Calcariidae","Calcarius","lapponicus",NA
"Calcarius pictus","Passeriformes","Calcariidae","Calcarius","pictus",NA
"Calcarius ornatus","Passeriformes","Calcariidae","Calcarius","ornatus",NA
"Plectrophenax nivalis","Passeriformes","Calcariidae","Plectrophenax","nivalis",NA
"Plectrophenax hyperboreus","Passeriformes","Calcariidae","Plectrophenax","hyperboreus",NA
"Rhodinocichla rosea","Passeriformes","Rhodinocichlidae","Rhodinocichla","rosea",NA
"Emberiza lathami","Passeriformes","Emberizidae","Emberiza","lathami",NA
"Emberiza siemsseni","Passeriformes","Emberizidae","Emberiza","siemsseni",NA
"Emberiza calandra","Passeriformes","Emberizidae","Emberiza","calandra",NA
"Emberiza citrinella","Passeriformes","Emberizidae","Emberiza","citrinella",NA
"Emberiza leucocephalos","Passeriformes","Emberizidae","Emberiza","leucocephalos",NA
"Emberiza cia","Passeriformes","Emberizidae","Emberiza","cia",NA
"Emberiza godlewskii","Passeriformes","Emberizidae","Emberiza","godlewskii",NA
"Emberiza cioides","Passeriformes","Emberizidae","Emberiza","cioides",NA
"Emberiza stewarti","Passeriformes","Emberizidae","Emberiza","stewarti",NA
"Emberiza jankowskii","Passeriformes","Emberizidae","Emberiza","jankowskii",0
"Emberiza buchanani","Passeriformes","Emberizidae","Emberiza","buchanani",NA
"Emberiza cineracea","Passeriformes","Emberizidae","Emberiza","cineracea",NA
"Emberiza hortulana","Passeriformes","Emberizidae","Emberiza","hortulana",NA
"Emberiza caesia","Passeriformes","Emberizidae","Emberiza","caesia",NA
"Emberiza cirlus","Passeriformes","Emberizidae","Emberiza","cirlus",NA
"Emberiza striolata","Passeriformes","Emberizidae","Emberiza","striolata",NA
"Emberiza sahari","Passeriformes","Emberizidae","Emberiza","sahari",NA
"Emberiza impetuani","Passeriformes","Emberizidae","Emberiza","impetuani",NA
"Emberiza tahapisi","Passeriformes","Emberizidae","Emberiza","tahapisi",0
"Emberiza goslingi","Passeriformes","Emberizidae","Emberiza","goslingi",0
"Emberiza socotrana","Passeriformes","Emberizidae","Emberiza","socotrana",0
"Emberiza capensis","Passeriformes","Emberizidae","Emberiza","capensis",NA
"Emberiza tristrami","Passeriformes","Emberizidae","Emberiza","tristrami",NA
"Emberiza fucata","Passeriformes","Emberizidae","Emberiza","fucata",NA
"Emberiza pusilla","Passeriformes","Emberizidae","Emberiza","pusilla",NA
"Emberiza chrysophrys","Passeriformes","Emberizidae","Emberiza","chrysophrys",NA
"Emberiza rustica","Passeriformes","Emberizidae","Emberiza","rustica",NA
"Emberiza elegans","Passeriformes","Emberizidae","Emberiza","elegans",NA
"Emberiza aureola","Passeriformes","Emberizidae","Emberiza","aureola",NA
"Emberiza poliopleura","Passeriformes","Emberizidae","Emberiza","poliopleura",NA
"Emberiza flaviventris","Passeriformes","Emberizidae","Emberiza","flaviventris",NA
"Emberiza affinis","Passeriformes","Emberizidae","Emberiza","affinis",NA
"Emberiza cabanisi","Passeriformes","Emberizidae","Emberiza","cabanisi",NA
"Emberiza rutila","Passeriformes","Emberizidae","Emberiza","rutila",NA
"Emberiza koslowi","Passeriformes","Emberizidae","Emberiza","koslowi",NA
"Emberiza melanocephala","Passeriformes","Emberizidae","Emberiza","melanocephala",NA
"Emberiza bruniceps","Passeriformes","Emberizidae","Emberiza","bruniceps",NA
"Emberiza sulphurata","Passeriformes","Emberizidae","Emberiza","sulphurata",NA
"Emberiza spodocephala","Passeriformes","Emberizidae","Emberiza","spodocephala",NA
"Emberiza personata","Passeriformes","Emberizidae","Emberiza","personata",NA
"Emberiza variabilis","Passeriformes","Emberizidae","Emberiza","variabilis",NA
"Emberiza pallasi","Passeriformes","Emberizidae","Emberiza","pallasi",NA
"Emberiza yessoensis","Passeriformes","Emberizidae","Emberiza","yessoensis",NA
"Emberiza schoeniclus","Passeriformes","Emberizidae","Emberiza","schoeniclus",1
"Oreothraupis arremonops","Passeriformes","Passerellidae","Oreothraupis","arremonops",NA
"Chlorospingus flavigularis","Passeriformes","Passerellidae","Chlorospingus","flavigularis",NA
NA,"Passeriformes",NA,"Chlorospingus","hypophaeus",NA
"Chlorospingus parvirostris","Passeriformes","Passerellidae","Chlorospingus","parvirostris",NA
"Chlorospingus canigularis","Passeriformes","Passerellidae","Chlorospingus","canigularis",NA
"Chlorospingus pileatus","Passeriformes","Passerellidae","Chlorospingus","pileatus",NA
"Chlorospingus flavopectus","Passeriformes","Passerellidae","Chlorospingus","flavopectus",NA
"Chlorospingus tacarcunae","Passeriformes","Passerellidae","Chlorospingus","tacarcunae",NA
"Chlorospingus inornatus","Passeriformes","Passerellidae","Chlorospingus","inornatus",NA
"Chlorospingus semifuscus","Passeriformes","Passerellidae","Chlorospingus","semifuscus",1
"Rhynchospiza stolzmanni","Passeriformes","Passerellidae","Rhynchospiza","stolzmanni",NA
"Rhynchospiza dabbenei","Passeriformes","Passerellidae","Rhynchospiza","dabbenei",1
"Rhynchospiza strigiceps","Passeriformes","Passerellidae","Rhynchospiza","strigiceps",NA
"Peucaea carpalis","Passeriformes","Passerellidae","Peucaea","carpalis",NA
"Peucaea sumichrasti","Passeriformes","Passerellidae","Peucaea","sumichrasti",NA
"Peucaea ruficauda","Passeriformes","Passerellidae","Peucaea","ruficauda",NA
"Peucaea humeralis","Passeriformes","Passerellidae","Peucaea","humeralis",0
"Peucaea mystacalis","Passeriformes","Passerellidae","Peucaea","mystacalis",NA
"Peucaea botterii","Passeriformes","Passerellidae","Peucaea","botterii",NA
"Peucaea cassinii","Passeriformes","Passerellidae","Peucaea","cassinii",NA
"Peucaea aestivalis","Passeriformes","Passerellidae","Peucaea","aestivalis",NA
"Ammodramus savannarum","Passeriformes","Passerellidae","Ammodramus","savannarum",NA
"Ammodramus humeralis","Passeriformes","Passerellidae","Ammodramus","humeralis",NA
"Ammodramus aurifrons","Passeriformes","Passerellidae","Ammodramus","aurifrons",NA
"Arremonops rufivirgatus","Passeriformes","Passerellidae","Arremonops","rufivirgatus",NA
"Arremonops chloronotus","Passeriformes","Passerellidae","Arremonops","chloronotus",NA
"Arremonops conirostris","Passeriformes","Passerellidae","Arremonops","conirostris",0
"Arremonops tocuyensis","Passeriformes","Passerellidae","Arremonops","tocuyensis",NA
"Amphispizopsis quinquestriata","Passeriformes","Passerellidae","Amphispiza","quinquestriata",NA
"Amphispiza bilineata","Passeriformes","Passerellidae","Amphispiza","bilineata",NA
"Chondestes grammacus","Passeriformes","Passerellidae","Chondestes","grammacus",NA
"Calamospiza melanocorys","Passeriformes","Passerellidae","Calamospiza","melanocorys",NA
"Spizella passerina","Passeriformes","Passerellidae","Spizella","passerina",NA
"Spizella pallida","Passeriformes","Passerellidae","Spizella","pallida",NA
"Spizella atrogularis","Passeriformes","Passerellidae","Spizella","atrogularis",1
"Spizella pusilla","Passeriformes","Passerellidae","Spizella","pusilla",NA
"Spizella breweri","Passeriformes","Passerellidae","Spizella","breweri",NA
"Spizella wortheni","Passeriformes","Passerellidae","Spizella","wortheni",NA
"Arremon basilicus","Passeriformes","Passerellidae","Arremon","basilicus",NA
"Arremon perijanus","Passeriformes","Passerellidae","Arremon","perijanus",NA
"Arremon costaricensis","Passeriformes","Passerellidae","Arremon","costaricensis",NA
"Arremon atricapillus","Passeriformes","Passerellidae","Arremon","atricapillus",NA
"Arremon phaeopleurus","Passeriformes","Passerellidae","Arremon","phaeopleurus",NA
"Arremon phygas","Passeriformes","Passerellidae","Arremon","phygas",NA
"Arremon assimilis","Passeriformes","Passerellidae","Arremon","assimilis",NA
"Arremon torquatus","Passeriformes","Passerellidae","Arremon","torquatus",NA
"Arremon aurantiirostris","Passeriformes","Passerellidae","Arremon","aurantiirostris",NA
"Arremon abeillei","Passeriformes","Passerellidae","Arremon","abeillei",0
"Arremon nigriceps","Passeriformes","Passerellidae","Arremon","nigriceps",0
"Arremon schlegeli","Passeriformes","Passerellidae","Arremon","schlegeli",NA
"Arremon axillaris","Passeriformes","Passerellidae","Arremon","axillaris",NA
"Arremon taciturnus","Passeriformes","Passerellidae","Arremon","taciturnus",0
"Arremon franciscanus","Passeriformes","Passerellidae","Arremon","franciscanus",0
"Arremon semitorquatus","Passeriformes","Passerellidae","Arremon","semitorquatus",0
"Arremon dorbignii","Passeriformes","Passerellidae","Arremon","dorbignii",1
"Arremon flavirostris","Passeriformes","Passerellidae","Arremon","flavirostris",1
"Arremon virenticeps","Passeriformes","Passerellidae","Arremon","virenticeps",NA
"Arremon brunneinucha","Passeriformes","Passerellidae","Arremon","brunneinucha",NA
"Arremon crassirostris","Passeriformes","Passerellidae","Arremon","crassirostris",NA
"Arremon castaneiceps","Passeriformes","Passerellidae","Arremon","castaneiceps",NA
"Passerella unalaschcensis","Passeriformes","Passerellidae","Passerella","unalaschcensis",NA
"Passerella schistacea","Passeriformes","Passerellidae","Passerella","schistacea",NA
"Passerella megarhyncha","Passeriformes","Passerellidae","Passerella","megarhyncha",NA
"Passerella iliaca","Passeriformes","Passerellidae","Passerella","iliaca",NA
"Spizelloides arborea","Passeriformes","Passerellidae","Passerella","arborea",NA
"Junco vulcani","Passeriformes","Passerellidae","Junco","vulcani",0
"Junco insularis","Passeriformes","Passerellidae","Junco","insularis",NA
"Junco hyemalis","Passeriformes","Passerellidae","Junco","hyemalis",NA
"Junco phaeonotus","Passeriformes","Passerellidae","Junco","phaeonotus",NA
"Junco bairdi","Passeriformes","Passerellidae","Junco","bairdi",NA
"Zonotrichia capensis","Passeriformes","Passerellidae","Zonotrichia","capensis",0
"Zonotrichia leucophrys","Passeriformes","Passerellidae","Zonotrichia","leucophrys",NA
"Zonotrichia atricapilla","Passeriformes","Passerellidae","Zonotrichia","atricapilla",1
"Zonotrichia querula","Passeriformes","Passerellidae","Zonotrichia","querula",NA
"Zonotrichia albicollis","Passeriformes","Passerellidae","Zonotrichia","albicollis",NA
"Artemisiospiza nevadensis","Passeriformes","Passerellidae","Artemisiospiza","nevadensis",1
"Artemisiospiza belli","Passeriformes","Passerellidae","Artemisiospiza","belli",NA
"Oriturus superciliosus","Passeriformes","Passerellidae","Oriturus","superciliosus",NA
"Pooecetes gramineus","Passeriformes","Passerellidae","Pooecetes","gramineus",NA
"Ammospiza leconteii","Passeriformes","Passerellidae","Ammospiza","leconteii",NA
"Ammospiza maritima","Passeriformes","Passerellidae","Ammospiza","maritima",NA
"Ammospiza nelsoni","Passeriformes","Passerellidae","Ammospiza","nelsoni",NA
"Ammospiza caudacuta","Passeriformes","Passerellidae","Ammospiza","caudacuta",NA
"Centronyx bairdii","Passeriformes","Passerellidae","Passerculus","bairdii",NA
"Centronyx henslowii","Passeriformes","Passerellidae","Passerculus","henslowii",NA
"Passerculus sandwichensis","Passeriformes","Passerellidae","Passerculus","sandwichensis",NA
NA,"Passeriformes",NA,"Passerculus","guttatus",NA
NA,"Passeriformes",NA,"Passerculus","sanctorum",NA
NA,"Passeriformes",NA,"Passerculus","rostratus",NA
"Xenospiza baileyi","Passeriformes","Passerellidae","Xenospiza","baileyi",NA
"Melospiza melodia","Passeriformes","Passerellidae","Melospiza","melodia",NA
"Melospiza lincolnii","Passeriformes","Passerellidae","Melospiza","lincolnii",NA
"Melospiza georgiana","Passeriformes","Passerellidae","Melospiza","georgiana",NA
"Pezopetes capitalis","Passeriformes","Passerellidae","Pezopetes","capitalis",NA
"Torreornis inexpectata","Passeriformes","Passerellidae","Torreornis","inexpectata",1
"Melozone kieneri","Passeriformes","Passerellidae","Melozone","kieneri",NA
"Melozone fusca","Passeriformes","Passerellidae","Melozone","fusca",NA
"Melozone albicollis","Passeriformes","Passerellidae","Melozone","albicollis",NA
"Melozone aberti","Passeriformes","Passerellidae","Melozone","aberti",NA
"Melozone crissalis","Passeriformes","Passerellidae","Melozone","crissalis",NA
"Melozone leucotis","Passeriformes","Passerellidae","Melozone","leucotis",NA
NA,"Passeriformes",NA,"Melozone","occipitalis",NA
"Melozone biarcuata","Passeriformes","Passerellidae","Melozone","biarcuata",NA
"Melozone cabanisi","Passeriformes","Passerellidae","Melozone","cabanisi",NA
"Aimophila rufescens","Passeriformes","Passerellidae","Aimophila","rufescens",NA
"Aimophila ruficeps","Passeriformes","Passerellidae","Aimophila","ruficeps",NA
"Aimophila notosticta","Passeriformes","Passerellidae","Aimophila","notosticta",NA
"Pipilo chlorurus","Passeriformes","Passerellidae","Pipilo","chlorurus",NA
"Pipilo maculatus","Passeriformes","Passerellidae","Pipilo","maculatus",NA
NA,"Passeriformes",NA,"Pipilo","socorroensis",NA
"Pipilo erythrophthalmus","Passeriformes","Passerellidae","Pipilo","erythrophthalmus",1
"Pipilo naufragus","Passeriformes","Passerellidae","Pipilo","naufragus",NA
"Pipilo ocai","Passeriformes","Passerellidae","Pipilo","ocai",NA
"Atlapetes pileatus","Passeriformes","Passerellidae","Atlapetes","pileatus",NA
"Atlapetes albinucha","Passeriformes","Passerellidae","Atlapetes","albinucha",NA
"Atlapetes tibialis","Passeriformes","Passerellidae","Pselliophorus","tibialis",NA
"Atlapetes luteoviridis","Passeriformes","Passerellidae","Pselliophorus","luteoviridis",NA
"Atlapetes albofrenatus","Passeriformes","Passerellidae","Atlapetes","albofrenatus",NA
"Atlapetes meridae","Passeriformes","Passerellidae","Atlapetes","meridae",NA
"Atlapetes personatus","Passeriformes","Passerellidae","Atlapetes","personatus",NA
"Atlapetes melanocephalus","Passeriformes","Passerellidae","Atlapetes","melanocephalus",NA
"Atlapetes semirufus","Passeriformes","Passerellidae","Atlapetes","semirufus",NA
"Atlapetes flaviceps","Passeriformes","Passerellidae","Atlapetes","flaviceps",NA
"Atlapetes fuscoolivaceus","Passeriformes","Passerellidae","Atlapetes","fuscoolivaceus",NA
"Atlapetes leucopis","Passeriformes","Passerellidae","Atlapetes","leucopis",NA
"Atlapetes albiceps","Passeriformes","Passerellidae","Atlapetes","albiceps",NA
"Atlapetes rufigenis","Passeriformes","Passerellidae","Atlapetes","rufigenis",NA
"Atlapetes crassus","Passeriformes","Passerellidae","Atlapetes","crassus",1
"Atlapetes tricolor","Passeriformes","Passerellidae","Atlapetes","tricolor",1
"Atlapetes schistaceus","Passeriformes","Passerellidae","Atlapetes","schistaceus",0
"Atlapetes taczanowskii","Passeriformes","Passerellidae","Atlapetes","taczanowskii",NA
"Atlapetes pallidinucha","Passeriformes","Passerellidae","Atlapetes","pallidinucha",NA
"Atlapetes blancae","Passeriformes","Passerellidae","Atlapetes","blancae",NA
"Atlapetes latinuchus","Passeriformes","Passerellidae","Atlapetes","latinuchus",NA
"Atlapetes nigrifrons","Passeriformes","Passerellidae","Atlapetes","nigrifrons",NA
"Atlapetes leucopterus","Passeriformes","Passerellidae","Atlapetes","leucopterus",NA
NA,"Passeriformes",NA,"Atlapetes","paynteri",NA
"Atlapetes pallidiceps","Passeriformes","Passerellidae","Atlapetes","pallidiceps",NA
"Atlapetes seebohmi","Passeriformes","Passerellidae","Atlapetes","seebohmi",NA
"Atlapetes nationi","Passeriformes","Passerellidae","Atlapetes","nationi",NA
"Atlapetes forbesi","Passeriformes","Passerellidae","Atlapetes","forbesi",NA
"Atlapetes melanopsis","Passeriformes","Passerellidae","Atlapetes","melanopsis",NA
"Atlapetes terborghi","Passeriformes","Passerellidae","Atlapetes","terborghi",NA
"Atlapetes canigenis","Passeriformes","Passerellidae","Atlapetes","canigenis",NA
"Atlapetes melanolaemus","Passeriformes","Passerellidae","Atlapetes","melanolaemus",NA
"Atlapetes rufinucha","Passeriformes","Passerellidae","Atlapetes","rufinucha",NA
"Atlapetes fulviceps","Passeriformes","Passerellidae","Atlapetes","fulviceps",NA
"Atlapetes citrinellus","Passeriformes","Passerellidae","Atlapetes","citrinellus",NA
"Calyptophilus tertius","Passeriformes","Calyptophilidae","Calyptophilus","tertius",0
"Calyptophilus frugivorus","Passeriformes","Calyptophilidae","Calyptophilus","frugivorus",0
"Phaenicophilus palmarum","Passeriformes","Phaenicophilidae","Phaenicophilus","palmarum",NA
"Phaenicophilus poliocephalus","Passeriformes","Phaenicophilidae","Phaenicophilus","poliocephalus",1
"Microligea palustris","Passeriformes","Phaenicophilidae","Microligea","palustris",1
"Xenoligea montana","Passeriformes","Phaenicophilidae","Xenoligea","montana",1
"Nesospingus speculiferus","Passeriformes","Nesospingidae","Nesospingus","speculiferus",1
"Spindalis zena","Passeriformes","Spindalidae","Spindalis","zena",1
"Spindalis dominicensis","Passeriformes","Spindalidae","Spindalis","dominicensis",0
"Spindalis portoricensis","Passeriformes","Spindalidae","Spindalis","portoricensis",0
"Spindalis nigricephala","Passeriformes","Spindalidae","Spindalis","nigricephala",1
"Zeledonia coronata","Passeriformes","Zeledoniidae","Zeledonia","coronata",NA
"Teretistris fernandinae","Passeriformes","Teretistridae","Teretistris","fernandinae",1
"Teretistris fornsi","Passeriformes","Teretistridae","Teretistris","fornsi",1
"Icteria virens","Passeriformes","Icteriidae","Icteria","virens",NA
"Xanthocephalus xanthocephalus","Passeriformes","Icteridae","Xanthocephalus","xanthocephalus",NA
"Dolichonyx oryzivorus","Passeriformes","Icteridae","Dolichonyx","oryzivorus",NA
"Sturnella neglecta","Passeriformes","Icteridae","Sturnella","neglecta",NA
"Sturnella magna","Passeriformes","Icteridae","Sturnella","magna",1
"Sturnella lilianae","Passeriformes","Icteridae","Sturnella","lilianae",NA
"Leistes militaris","Passeriformes","Icteridae","Leistes","militaris",1
"Leistes superciliaris","Passeriformes","Icteridae","Leistes","superciliaris",1
"Leistes bellicosus","Passeriformes","Icteridae","Leistes","bellicosus",NA
"Leistes loyca","Passeriformes","Icteridae","Leistes","loyca",NA
"Leistes defilippii","Passeriformes","Icteridae","Leistes","defilippii",1
"Amblycercus holosericeus","Passeriformes","Icteridae","Amblycercus","holosericeus",NA
"Cassiculus melanicterus","Passeriformes","Icteridae","Cassiculus","melanicterus",1
"Psarocolius wagleri","Passeriformes","Icteridae","Psarocolius","wagleri",0
"Psarocolius angustifrons","Passeriformes","Icteridae","Psarocolius","angustifrons",1
NA,"Passeriformes",NA,"Psarocolius","oleagineus",0
"Psarocolius atrovirens","Passeriformes","Icteridae","Psarocolius","atrovirens",NA
"Psarocolius decumanus","Passeriformes","Icteridae","Psarocolius","decumanus",1
"Psarocolius viridis","Passeriformes","Icteridae","Psarocolius","viridis",0
"Psarocolius bifasciatus","Passeriformes","Icteridae","Psarocolius","bifasciatus",1
"Psarocolius montezuma","Passeriformes","Icteridae","Psarocolius","montezuma",1
"Psarocolius guatimozinus","Passeriformes","Icteridae","Psarocolius","guatimozinus",0
"Psarocolius cassini","Passeriformes","Icteridae","Psarocolius","cassini",1
"Cacicus solitarius","Passeriformes","Icteridae","Cacicus","solitarius",1
"Cacicus chrysopterus","Passeriformes","Icteridae","Cacicus","chrysopterus",1
"Cacicus koepckeae","Passeriformes","Icteridae","Cacicus","koepckeae",0
"Cacicus sclateri","Passeriformes","Icteridae","Cacicus","sclateri",0
"Cacicus cela","Passeriformes","Icteridae","Cacicus","cela",1
NA,"Passeriformes",NA,"Cacicus","flavicrissus",0
"Cacicus microrhynchus","Passeriformes","Icteridae","Cacicus","microrhynchus",1
NA,"Passeriformes",NA,"Cacicus","pacificus",0
"Cacicus uropygialis","Passeriformes","Icteridae","Cacicus","uropygialis",NA
"Cacicus chrysonotus","Passeriformes","Icteridae","Cacicus","chrysonotus",1
"Cacicus latirostris","Passeriformes","Icteridae","Cacicus","latirostris",1
"Cacicus oseryi","Passeriformes","Icteridae","Cacicus","oseryi",1
"Cacicus haemorrhous","Passeriformes","Icteridae","Cacicus","haemorrhous",1
"Icterus parisorum","Passeriformes","Icteridae","Icterus","parisorum",NA
"Icterus chrysater","Passeriformes","Icteridae","Icterus","chrysater",NA
"Icterus graduacauda","Passeriformes","Icteridae","Icterus","graduacauda",NA
"Icterus leucopteryx","Passeriformes","Icteridae","Icterus","leucopteryx",0
"Icterus auratus","Passeriformes","Icteridae","Icterus","auratus",0
"Icterus gularis","Passeriformes","Icteridae","Icterus","gularis",NA
"Icterus nigrogularis","Passeriformes","Icteridae","Icterus","nigrogularis",0
"Icterus bullockii","Passeriformes","Icteridae","Icterus","bullockiorum",0
"Icterus pustulatus","Passeriformes","Icteridae","Icterus","pustulatus",1
"Icterus abeillei","Passeriformes","Icteridae","Icterus","abeillei",0
"Icterus galbula","Passeriformes","Icteridae","Icterus","galbula",1
"Icterus mesomelas","Passeriformes","Icteridae","Icterus","mesomelas",1
"Icterus pectoralis","Passeriformes","Icteridae","Icterus","pectoralis",1
"Icterus graceannae","Passeriformes","Icteridae","Icterus","graceannae",0
"Icterus jamacaii","Passeriformes","Icteridae","Icterus","jamacaii",0
"Icterus icterus","Passeriformes","Icteridae","Icterus","icterus",0
"Icterus croconotus","Passeriformes","Icteridae","Icterus","croconotus",0
"Icterus maculialatus","Passeriformes","Icteridae","Icterus","maculialatus",0
"Icterus wagleri","Passeriformes","Icteridae","Icterus","wagleri",0
"Icterus cucullatus","Passeriformes","Icteridae","Icterus","cucullatus",0
"Icterus prosthemelas","Passeriformes","Icteridae","Icterus","prosthemelas",0
"Icterus spurius","Passeriformes","Icteridae","Icterus","spurius",1
NA,"Passeriformes",NA,"Icterus","fuertesi",0
"Icterus melanopsis","Passeriformes","Icteridae","Icterus","melanopsis",0
"Icterus northropi","Passeriformes","Icteridae","Icterus","northropi",NA
"Icterus bonana","Passeriformes","Icteridae","Icterus","bonana",0
"Icterus portoricensis","Passeriformes","Icteridae","Icterus","portoricensis",0
"Icterus oberi","Passeriformes","Icteridae","Icterus","oberi",0
"Icterus laudabilis","Passeriformes","Icteridae","Icterus","laudabilis",0
"Icterus dominicensis","Passeriformes","Icteridae","Icterus","dominicensis",1
"Icterus auricapillus","Passeriformes","Icteridae","Icterus","auricapillus",0
"Icterus pyrrhopterus","Passeriformes","Icteridae","Icterus","pyrrhopterus",1
"Icterus cayanensis","Passeriformes","Icteridae","Icterus","cayanensis",1
NA,"Passeriformes",NA,"Icterus","chrysocephalus",0
"Nesopsar nigerrimus","Passeriformes","Icteridae","Nesopsar","nigerrimus",NA
"Agelaius xanthomus","Passeriformes","Icteridae","Agelaius","xanthomus",NA
"Agelaius humeralis","Passeriformes","Icteridae","Agelaius","humeralis",1
"Agelaius tricolor","Passeriformes","Icteridae","Agelaius","tricolor",1
"Agelaius phoeniceus","Passeriformes","Icteridae","Agelaius","phoeniceus",NA
"Agelaius assimilis","Passeriformes","Icteridae","Agelaius","assimilis",1
"Molothrus rufoaxillaris","Passeriformes","Icteridae","Molothrus","rufoaxillaris",1
"Molothrus oryzivorus","Passeriformes","Icteridae","Molothrus","oryzivorus",1
"Molothrus bonariensis","Passeriformes","Icteridae","Molothrus","bonariensis",1
"Molothrus aeneus","Passeriformes","Icteridae","Molothrus","aeneus",NA
"Molothrus armenti","Passeriformes","Icteridae","Molothrus","armenti",NA
"Molothrus ater","Passeriformes","Icteridae","Molothrus","ater",NA
"Dives warczewiczi","Passeriformes","Icteridae","Dives","warczewiczi",NA
"Dives dives","Passeriformes","Icteridae","Dives","dives",NA
"Ptiloxena atroviolacea","Passeriformes","Icteridae","Ptiloxena","atroviolacea",NA
"Euphagus carolinus","Passeriformes","Icteridae","Euphagus","carolinus",NA
"Euphagus cyanocephalus","Passeriformes","Icteridae","Euphagus","cyanocephalus",1
"Quiscalus quiscula","Passeriformes","Icteridae","Quiscalus","quiscula",1
"Quiscalus nicaraguensis","Passeriformes","Icteridae","Quiscalus","nicaraguensis",NA
"Quiscalus lugubris","Passeriformes","Icteridae","Quiscalus","lugubris",1
"Quiscalus niger","Passeriformes","Icteridae","Quiscalus","niger",1
"Quiscalus major","Passeriformes","Icteridae","Quiscalus","major",NA
"Quiscalus mexicanus","Passeriformes","Icteridae","Quiscalus","mexicanus",NA
"Quiscalus palustris","Passeriformes","Icteridae","Quiscalus","palustris",1
"Hypopyrrhus pyrohypogaster","Passeriformes","Icteridae","Hypopyrrhus","pyrohypogaster",NA
"Lampropsar tanagrinus","Passeriformes","Icteridae","Lampropsar","tanagrinus",1
"Gymnomystax mexicanus","Passeriformes","Icteridae","Gymnomystax","mexicanus",1
"Macroagelaius subalaris","Passeriformes","Icteridae","Macroagelaius","subalaris",NA
"Macroagelaius imthurni","Passeriformes","Icteridae","Macroagelaius","imthurni",NA
"Curaeus curaeus","Passeriformes","Icteridae","Curaeus","curaeus",NA
"Amblyramphus holosericeus","Passeriformes","Icteridae","Amblyramphus","holosericeus",1
"Anumara forbesi","Passeriformes","Icteridae","Anumara","forbesi",1
"Gnorimopsar chopi","Passeriformes","Icteridae","Gnorimopsar","chopi",1
"Oreopsar bolivianus","Passeriformes","Icteridae","Oreopsar","bolivianus",NA
"Agelaioides badius","Passeriformes","Icteridae","Agelaioides","badius",1
"Agelaioides fringillarius","Passeriformes","Icteridae","Agelaioides","fringillarius",0
"Agelasticus thilius","Passeriformes","Icteridae","Agelasticus","thilius",1
"Agelasticus xanthophthalmus","Passeriformes","Icteridae","Agelasticus","xanthophthalmus",NA
"Agelasticus cyanopus","Passeriformes","Icteridae","Agelasticus","cyanopus",1
"Chrysomus ruficapillus","Passeriformes","Icteridae","Chrysomus","ruficapillus",1
"Chrysomus icterocephalus","Passeriformes","Icteridae","Chrysomus","icterocephalus",1
"Xanthopsar flavus","Passeriformes","Icteridae","Xanthopsar","flavus",1
"Pseudoleistes virescens","Passeriformes","Icteridae","Pseudoleistes","virescens",1
"Pseudoleistes guirahuro","Passeriformes","Icteridae","Pseudoleistes","guirahuro",1
"Seiurus aurocapilla","Passeriformes","Parulidae","Seiurus","aurocapilla",0
"Helmitheros vermivorum","Passeriformes","Parulidae","Helmitheros","vermivorum",1
"Parkesia motacilla","Passeriformes","Parulidae","Parkesia","motacilla",0
"Parkesia noveboracensis","Passeriformes","Parulidae","Parkesia","noveboracensis",1
"Vermivora bachmanii","Passeriformes","Parulidae","Vermivora","bachmanii",1
"Vermivora chrysoptera","Passeriformes","Parulidae","Vermivora","chrysoptera",1
"Vermivora cyanoptera","Passeriformes","Parulidae","Vermivora","cyanoptera",1
"Mniotilta varia","Passeriformes","Parulidae","Mniotilta","varia",1
"Protonotaria citrea","Passeriformes","Parulidae","Protonotaria","citrea",1
"Limnothlypis swainsonii","Passeriformes","Parulidae","Limnothlypis","swainsonii",0
"Oreothlypis superciliosa","Passeriformes","Parulidae","Oreothlypis","superciliosa",1
"Oreothlypis gutturalis","Passeriformes","Parulidae","Oreothlypis","gutturalis",1
"Leiothlypis peregrina","Passeriformes","Parulidae","Leiothlypis","peregrina",1
"Leiothlypis celata","Passeriformes","Parulidae","Leiothlypis","celata",1
"Leiothlypis crissalis","Passeriformes","Parulidae","Leiothlypis","crissalis",1
"Leiothlypis luciae","Passeriformes","Parulidae","Leiothlypis","luciae",0
"Leiothlypis ruficapilla","Passeriformes","Parulidae","Leiothlypis","ruficapilla",1
"Leiothlypis virginiae","Passeriformes","Parulidae","Leiothlypis","virginiae",1
"Leucopeza semperi","Passeriformes","Parulidae","Leucopeza","semperi",NA
"Oporornis agilis","Passeriformes","Parulidae","Oporornis","agilis",1
"Geothlypis poliocephala","Passeriformes","Parulidae","Geothlypis","poliocephala",NA
"Geothlypis aequinoctialis","Passeriformes","Parulidae","Geothlypis","aequinoctialis",1
"Geothlypis chiriquensis","Passeriformes","Parulidae","Geothlypis","chiriquensis",NA
"Geothlypis auricularis","Passeriformes","Parulidae","Geothlypis","auricularis",1
"Geothlypis velata","Passeriformes","Parulidae","Geothlypis","velata",0
"Geothlypis tolmiei","Passeriformes","Parulidae","Geothlypis","tolmiei",0
"Geothlypis philadelphia","Passeriformes","Parulidae","Geothlypis","philadelphia",0
"Geothlypis formosa","Passeriformes","Parulidae","Geothlypis","formosa",1
"Geothlypis semiflava","Passeriformes","Parulidae","Geothlypis","semiflava",NA
NA,"Passeriformes",NA,"Geothlypis","bairdi",0
"Geothlypis speciosa","Passeriformes","Parulidae","Geothlypis","speciosa",0
"Geothlypis beldingi","Passeriformes","Parulidae","Geothlypis","beldingi",0
"Geothlypis rostrata","Passeriformes","Parulidae","Geothlypis","rostrata",NA
"Geothlypis flavovelata","Passeriformes","Parulidae","Geothlypis","flavovelata",NA
"Geothlypis trichas","Passeriformes","Parulidae","Geothlypis","trichas",1
"Geothlypis nelsoni","Passeriformes","Parulidae","Geothlypis","nelsoni",NA
"Catharopeza bishopi","Passeriformes","Parulidae","Catharopeza","bishopi",1
"Setophaga plumbea","Passeriformes","Parulidae","Setophaga","plumbea",NA
"Setophaga angelae","Passeriformes","Parulidae","Setophaga","angelae",1
"Setophaga pharetra","Passeriformes","Parulidae","Setophaga","pharetra",NA
"Setophaga citrina","Passeriformes","Parulidae","Setophaga","citrina",1
"Setophaga ruticilla","Passeriformes","Parulidae","Setophaga","ruticilla",1
"Setophaga kirtlandii","Passeriformes","Parulidae","Setophaga","kirtlandii",0
"Setophaga tigrina","Passeriformes","Parulidae","Setophaga","tigrina",1
"Setophaga cerulea","Passeriformes","Parulidae","Setophaga","cerulea",1
"Setophaga americana","Passeriformes","Parulidae","Setophaga","americana",1
"Setophaga pitiayumi","Passeriformes","Parulidae","Setophaga","pitiayumi",1
NA,"Passeriformes",NA,"Setophaga","graysoni",NA
"Setophaga magnolia","Passeriformes","Parulidae","Setophaga","magnolia",1
"Setophaga castanea","Passeriformes","Parulidae","Setophaga","castanea",1
"Setophaga fusca","Passeriformes","Parulidae","Setophaga","fusca",1
"Setophaga aestiva","Passeriformes","Parulidae","Setophaga","aestiva",1
"Setophaga petechia","Passeriformes","Parulidae","Setophaga","petechia",1
"Setophaga pensylvanica","Passeriformes","Parulidae","Setophaga","pensylvanica",1
"Setophaga striata","Passeriformes","Parulidae","Setophaga","striata",1
"Setophaga caerulescens","Passeriformes","Parulidae","Setophaga","caerulescens",1
"Setophaga palmarum","Passeriformes","Parulidae","Setophaga","palmarum",1
"Setophaga pityophila","Passeriformes","Parulidae","Setophaga","pityophila",NA
"Setophaga pinus","Passeriformes","Parulidae","Setophaga","pinus",1
"Setophaga coronata","Passeriformes","Parulidae","Setophaga","coronata",1
"Setophaga auduboni","Passeriformes","Parulidae","Setophaga","auduboni",1
"Setophaga goldmani","Passeriformes","Parulidae","Setophaga","goldmani",1
"Setophaga dominica","Passeriformes","Parulidae","Setophaga","dominica",1
"Setophaga flavescens","Passeriformes","Parulidae","Setophaga","flavescens",NA
"Setophaga vitellina","Passeriformes","Parulidae","Setophaga","vitellina",NA
"Setophaga discolor","Passeriformes","Parulidae","Setophaga","discolor",1
"Setophaga adelaidae","Passeriformes","Parulidae","Setophaga","adelaidae",1
"Setophaga subita","Passeriformes","Parulidae","Setophaga","subita",0
"Setophaga delicata","Passeriformes","Parulidae","Setophaga","delicata",NA
"Setophaga graciae","Passeriformes","Parulidae","Setophaga","graciae",1
"Setophaga nigrescens","Passeriformes","Parulidae","Setophaga","nigrescens",1
"Setophaga townsendi","Passeriformes","Parulidae","Setophaga","townsendi",1
"Setophaga occidentalis","Passeriformes","Parulidae","Setophaga","occidentalis",1
"Setophaga chrysoparia","Passeriformes","Parulidae","Setophaga","chrysoparia",1
"Setophaga virens","Passeriformes","Parulidae","Setophaga","virens",1
"Myiothlypis luteoviridis","Passeriformes","Parulidae","Myiothlypis","luteoviridis",1
NA,"Passeriformes",NA,"Myiothlypis","striaticeps",NA
NA,"Passeriformes",NA,"Myiothlypis","euophrys",NA
"Myiothlypis basilica","Passeriformes","Parulidae","Myiothlypis","basilica",1
"Myiothlypis leucophrys","Passeriformes","Parulidae","Myiothlypis","leucophrys",1
"Myiothlypis flaveola","Passeriformes","Parulidae","Myiothlypis","flaveola",1
"Myiothlypis leucoblephara","Passeriformes","Parulidae","Myiothlypis","leucoblephara",1
"Myiothlypis signata","Passeriformes","Parulidae","Myiothlypis","signata",1
"Myiothlypis nigrocristata","Passeriformes","Parulidae","Myiothlypis","nigrocristata",1
"Myiothlypis fulvicauda","Passeriformes","Parulidae","Myiothlypis","fulvicauda",0
"Myiothlypis rivularis","Passeriformes","Parulidae","Myiothlypis","rivularis",0
NA,"Passeriformes",NA,"Myiothlypis","mesoleuca",NA
"Myiothlypis bivittata","Passeriformes","Parulidae","Myiothlypis","bivittata",NA
"Myiothlypis roraimae","Passeriformes","Parulidae","Myiothlypis","roraimae",NA
"Myiothlypis chlorophrys","Passeriformes","Parulidae","Myiothlypis","chlorophrys",1
"Myiothlypis chrysogaster","Passeriformes","Parulidae","Myiothlypis","chrysogaster",1
"Myiothlypis conspicillata","Passeriformes","Parulidae","Myiothlypis","conspicillata",1
"Myiothlypis cinereicollis","Passeriformes","Parulidae","Myiothlypis","cinereicollis",NA
"Myiothlypis fraseri","Passeriformes","Parulidae","Myiothlypis","fraseri",1
"Myiothlypis coronata","Passeriformes","Parulidae","Myiothlypis","coronata",1
"Myiothlypis griseiceps","Passeriformes","Parulidae","Basileuterus","griseiceps",NA
"Basileuterus lachrymosus","Passeriformes","Parulidae","Basileuterus","lachrymosus",1
"Basileuterus rufifrons","Passeriformes","Parulidae","Basileuterus","rufifrons",1
"Basileuterus delattrii","Passeriformes","Parulidae","Basileuterus","delattrii",NA
"Basileuterus melanogenys","Passeriformes","Parulidae","Basileuterus","melanogenys",1
"Basileuterus ignotus","Passeriformes","Parulidae","Basileuterus","ignotus",1
"Basileuterus belli","Passeriformes","Parulidae","Basileuterus","belli",1
"Basileuterus culicivorus","Passeriformes","Parulidae","Basileuterus","culicivorus",1
NA,"Passeriformes",NA,"Basileuterus","cabanisi",NA
NA,"Passeriformes",NA,"Basileuterus","auricapilla",1
NA,"Passeriformes",NA,"Basileuterus","hypoleucus",NA
"Basileuterus melanotis","Passeriformes","Parulidae","Basileuterus","melanotis",1
"Basileuterus tacarcunae","Passeriformes","Parulidae","Basileuterus","tacarcunae",1
"Basileuterus trifasciatus","Passeriformes","Parulidae","Basileuterus","trifasciatus",1
"Basileuterus punctipectus","Passeriformes","Parulidae","Basileuterus","punctipectus",1
"Basileuterus tristriatus","Passeriformes","Parulidae","Basileuterus","tristriatus",1
"Cardellina canadensis","Passeriformes","Parulidae","Cardellina","canadensis",1
"Cardellina pusilla","Passeriformes","Parulidae","Cardellina","pusilla",1
"Cardellina rubrifrons","Passeriformes","Parulidae","Cardellina","rubrifrons",1
"Cardellina rubra","Passeriformes","Parulidae","Cardellina","rubra",1
"Cardellina versicolor","Passeriformes","Parulidae","Cardellina","versicolor",1
"Myioborus pictus","Passeriformes","Parulidae","Myioborus","pictus",1
"Myioborus miniatus","Passeriformes","Parulidae","Myioborus","miniatus",1
"Myioborus brunniceps","Passeriformes","Parulidae","Myioborus","brunniceps",1
"Myioborus flavivertex","Passeriformes","Parulidae","Myioborus","flavivertex",1
"Myioborus albifrons","Passeriformes","Parulidae","Myioborus","albifrons",1
"Myioborus ornatus","Passeriformes","Parulidae","Myioborus","ornatus",NA
NA,"Passeriformes",NA,"Myioborus","chrysops",NA
"Myioborus melanocephalus","Passeriformes","Parulidae","Myioborus","melanocephalus",1
"Myioborus torquatus","Passeriformes","Parulidae","Myioborus","torquatus",1
"Myioborus pariae","Passeriformes","Parulidae","Myioborus","pariae",1
"Myioborus albifacies","Passeriformes","Parulidae","Myioborus","albifacies",NA
"Myioborus cardonai","Passeriformes","Parulidae","Myioborus","cardonai",NA
"Myioborus castaneocapilla","Passeriformes","Parulidae","Myioborus","castaneocapilla",1
"Mitrospingus cassinii","Passeriformes","Mitrospingidae","Mitrospingus","cassinii",1
"Mitrospingus oleagineus","Passeriformes","Mitrospingidae","Mitrospingus","oleagineus",1
"Orthogonys chloricterus","Passeriformes","Mitrospingidae","Orthogonys","chloricterus",1
"Lamprospiza melanoleuca","Passeriformes","Mitrospingidae","Lamprospiza","melanoleuca",1
"Piranga bidentata","Passeriformes","Cardinalidae","Piranga","bidentata",1
"Piranga lutea","Passeriformes","Cardinalidae","Piranga","lutea",NA
"Piranga flava","Passeriformes","Cardinalidae","Piranga","flava",0
"Piranga hepatica","Passeriformes","Cardinalidae","Piranga","hepatica",0
"Piranga rubra","Passeriformes","Cardinalidae","Piranga","rubra",1
"Piranga roseogularis","Passeriformes","Cardinalidae","Piranga","roseogularis",1
"Piranga olivacea","Passeriformes","Cardinalidae","Piranga","olivacea",1
"Piranga ludoviciana","Passeriformes","Cardinalidae","Piranga","ludoviciana",1
"Piranga leucoptera","Passeriformes","Cardinalidae","Piranga","leucoptera",1
"Piranga erythrocephala","Passeriformes","Cardinalidae","Piranga","erythrocephala",1
"Piranga rubriceps","Passeriformes","Cardinalidae","Piranga","rubriceps",1
"Habia rubica","Passeriformes","Cardinalidae","Habia","rubica",1
"Driophlox fuscicauda","Passeriformes","Cardinalidae","Habia","fuscicauda",0
"Driophlox atrimaxillaris","Passeriformes","Cardinalidae","Habia","atrimaxillaris",1
"Driophlox gutturalis","Passeriformes","Cardinalidae","Habia","gutturalis",0
"Driophlox cristata","Passeriformes","Cardinalidae","Habia","cristata",1
"Chlorothraupis carmioli","Passeriformes","Cardinalidae","Habia","carmioli",1
"Chlorothraupis frenata","Passeriformes","Cardinalidae","Habia","frenata",1
"Chlorothraupis olivacea","Passeriformes","Cardinalidae","Habia","olivacea",1
"Chlorothraupis stolzmanni","Passeriformes","Cardinalidae","Habia","stolzmanni",1
"Pheucticus chrysopeplus","Passeriformes","Cardinalidae","Pheucticus","chrysopeplus",1
"Pheucticus tibialis","Passeriformes","Cardinalidae","Pheucticus","tibialis",0
"Pheucticus chrysogaster","Passeriformes","Cardinalidae","Pheucticus","chrysogaster",NA
"Pheucticus aureoventris","Passeriformes","Cardinalidae","Pheucticus","aureoventris",0
"Pheucticus ludovicianus","Passeriformes","Cardinalidae","Pheucticus","ludovicianus",1
"Pheucticus melanocephalus","Passeriformes","Cardinalidae","Pheucticus","melanocephalus",0
"Granatellus venustus","Passeriformes","Cardinalidae","Granatellus","venustus",1
NA,"Passeriformes",NA,"Granatellus","francescae",NA
"Granatellus sallaei","Passeriformes","Cardinalidae","Granatellus","sallaei",0
"Granatellus pelzelni","Passeriformes","Cardinalidae","Granatellus","pelzelni",1
NA,"Passeriformes",NA,"Granatellus","paraensis",NA
"Cardinalis cardinalis","Passeriformes","Cardinalidae","Cardinalis","cardinalis",1
"Cardinalis phoeniceus","Passeriformes","Cardinalidae","Cardinalis","phoeniceus",0
"Cardinalis sinuatus","Passeriformes","Cardinalidae","Cardinalis","sinuatus",1
"Caryothraustes poliogaster","Passeriformes","Cardinalidae","Caryothraustes","poliogaster",1
"Caryothraustes canadensis","Passeriformes","Cardinalidae","Caryothraustes","canadensis",1
"Periporphyrus celaeno","Passeriformes","Cardinalidae","Caryothraustes","celaeno",1
"Periporphyrus erythromelas","Passeriformes","Cardinalidae","Caryothraustes","erythromelas",0
"Amaurospiza concolor","Passeriformes","Cardinalidae","Amaurospiza","concolor",0
NA,"Passeriformes",NA,"Amaurospiza","relicta",NA
"Amaurospiza aequatorialis","Passeriformes","Cardinalidae","Amaurospiza","aequatorialis",0
"Amaurospiza moesta","Passeriformes","Cardinalidae","Amaurospiza","moesta",0
"Amaurospiza carrizalensis","Passeriformes","Cardinalidae","Amaurospiza","carrizalensis",NA
"Spiza americana","Passeriformes","Cardinalidae","Spiza","americana",1
"Cyanoloxia glaucocaerulea","Passeriformes","Cardinalidae","Cyanoloxia","glaucocaerulea",0
"Cyanoloxia cyanoides","Passeriformes","Cardinalidae","Cyanoloxia","cyanoides",0
"Cyanoloxia rothschildii","Passeriformes","Cardinalidae","Cyanoloxia","rothschildii",0
"Cyanoloxia brissonii","Passeriformes","Cardinalidae","Cyanoloxia","brissonii",0
"Cyanocompsa parellina","Passeriformes","Cardinalidae","Cyanocompsa","parellina",0
"Passerina caerulea","Passeriformes","Cardinalidae","Passerina","caerulea",1
"Passerina cyanea","Passeriformes","Cardinalidae","Passerina","cyanea",1
"Passerina amoena","Passeriformes","Cardinalidae","Passerina","amoena",1
"Passerina versicolor","Passeriformes","Cardinalidae","Passerina","versicolor",1
"Passerina ciris","Passeriformes","Cardinalidae","Passerina","ciris",1
"Passerina rositae","Passeriformes","Cardinalidae","Passerina","rositae",0
"Passerina leclancherii","Passeriformes","Cardinalidae","Passerina","leclancherii",0
"Catamblyrhynchus diadema","Passeriformes","Thraupidae","Catamblyrhynchus","diadema",1
"Charitospiza eucosma","Passeriformes","Thraupidae","Charitospiza","eucosma",1
"Orchesticus abeillei","Passeriformes","Thraupidae","Orchesticus","abeillei",1
"Parkerthraustes humeralis","Passeriformes","Thraupidae","Parkerthraustes","humeralis",1
"Nemosia pileata","Passeriformes","Thraupidae","Nemosia","pileata",1
"Nemosia rourei","Passeriformes","Thraupidae","Nemosia","rourei",1
"Cyanicterus cyanicterus","Passeriformes","Thraupidae","Cyanicterus","cyanicterus",1
"Sericossypha albocristata","Passeriformes","Thraupidae","Sericossypha","albocristata",1
"Compsothraupis loricata","Passeriformes","Thraupidae","Compsothraupis","loricata",1
"Coryphaspiza melanotis","Passeriformes","Thraupidae","Coryphaspiza","melanotis",1
"Embernagra platensis","Passeriformes","Thraupidae","Embernagra","platensis",0
"Embernagra longicauda","Passeriformes","Thraupidae","Embernagra","longicauda",0
"Emberizoides ypiranganus","Passeriformes","Thraupidae","Emberizoides","ypiranganus",0
"Emberizoides herbicola","Passeriformes","Thraupidae","Emberizoides","herbicola",0
"Emberizoides duidae","Passeriformes","Thraupidae","Emberizoides","duidae",NA
"Incaspiza pulchra","Passeriformes","Thraupidae","Incaspiza","pulchra",0
"Incaspiza personata","Passeriformes","Thraupidae","Incaspiza","personata",0
"Incaspiza ortizi","Passeriformes","Thraupidae","Incaspiza","ortizi",0
"Incaspiza laeta","Passeriformes","Thraupidae","Incaspiza","laeta",0
"Incaspiza watkinsi","Passeriformes","Thraupidae","Incaspiza","watkinsi",0
"Rhopospina fruticeti","Passeriformes","Thraupidae","Rhopospina","fruticeti",1
"Rhopospina caerulescens","Passeriformes","Thraupidae","Porphyrospiza","caerulescens",0
"Rhopospina alaudina","Passeriformes","Thraupidae","Corydospiza","alaudina",1
"Rhopospina carbonaria","Passeriformes","Thraupidae","Corydospiza","carbonaria",0
"Chlorophanes spiza","Passeriformes","Thraupidae","Chlorophanes","spiza",1
"Iridophanes pulcherrimus","Passeriformes","Thraupidae","Iridophanes","pulcherrimus",1
"Chrysothlypis salmoni","Passeriformes","Thraupidae","Chrysothlypis","salmoni",1
"Chrysothlypis chrysomelas","Passeriformes","Thraupidae","Chrysothlypis","chrysomelas",0
"Heterospingus rubrifrons","Passeriformes","Thraupidae","Heterospingus","rubrifrons",1
"Heterospingus xanthopygius","Passeriformes","Thraupidae","Heterospingus","xanthopygius",1
"Hemithraupis flavicollis","Passeriformes","Thraupidae","Hemithraupis","flavicollis",1
"Hemithraupis guira","Passeriformes","Thraupidae","Hemithraupis","guira",1
"Hemithraupis ruficapilla","Passeriformes","Thraupidae","Hemithraupis","ruficapilla",1
"Tersina viridis","Passeriformes","Thraupidae","Tersina","viridis",1
"Cyanerpes caeruleus","Passeriformes","Thraupidae","Cyanerpes","caeruleus",1
"Cyanerpes cyaneus","Passeriformes","Thraupidae","Cyanerpes","cyaneus",1
"Cyanerpes nitidus","Passeriformes","Thraupidae","Cyanerpes","nitidus",1
"Cyanerpes lucidus","Passeriformes","Thraupidae","Cyanerpes","lucidus",1
"Dacnis berlepschi","Passeriformes","Thraupidae","Dacnis","berlepschi",1
"Dacnis venusta","Passeriformes","Thraupidae","Dacnis","venusta",1
"Dacnis cayana","Passeriformes","Thraupidae","Dacnis","cayana",1
"Dacnis flaviventer","Passeriformes","Thraupidae","Dacnis","flaviventer",1
"Dacnis hartlaubi","Passeriformes","Thraupidae","Dacnis","hartlaubi",1
"Dacnis lineata","Passeriformes","Thraupidae","Dacnis","lineata",1
"Dacnis egregia","Passeriformes","Thraupidae","Dacnis","egregia",1
"Dacnis viguieri","Passeriformes","Thraupidae","Dacnis","viguieri",1
"Dacnis nigripes","Passeriformes","Thraupidae","Dacnis","nigripes",1
"Dacnis albiventris","Passeriformes","Thraupidae","Dacnis","albiventris",1
"Saltatricula multicolor","Passeriformes","Thraupidae","Saltator","multicolor",1
"Saltatricula atricollis","Passeriformes","Thraupidae","Saltator","atricollis",1
"Saltator orenocensis","Passeriformes","Thraupidae","Saltator","orenocensis",0
"Saltator similis","Passeriformes","Thraupidae","Saltator","similis",1
"Saltator grandis","Passeriformes","Thraupidae","Saltator","grandis",1
"Saltator olivascens","Passeriformes","Thraupidae","Saltator","olivascens",NA
"Saltator coerulescens","Passeriformes","Thraupidae","Saltator","coerulescens",1
"Saltator striatipectus","Passeriformes","Thraupidae","Saltator","striatipectus",0
"Saltator albicollis","Passeriformes","Thraupidae","Saltator","albicollis",0
"Saltator maximus","Passeriformes","Thraupidae","Saltator","maximus",1
"Saltator atripennis","Passeriformes","Thraupidae","Saltator","atripennis",1
"Saltator atriceps","Passeriformes","Thraupidae","Saltator","atriceps",1
"Saltator nigriceps","Passeriformes","Thraupidae","Saltator","nigriceps",1
"Saltator fuliginosus","Passeriformes","Thraupidae","Saltator","fuliginosus",NA
"Saltator grossus","Passeriformes","Thraupidae","Saltator","grossus",1
"Saltator cinctus","Passeriformes","Thraupidae","Saltator","cinctus",NA
"Saltator maxillosus","Passeriformes","Thraupidae","Saltator","maxillosus",1
"Saltator aurantiirostris","Passeriformes","Thraupidae","Saltator","aurantiirostris",0
"Coereba flaveola","Passeriformes","Thraupidae","Coereba","flaveola",1
"Tiaris olivaceus","Passeriformes","Thraupidae","Tiaris","olivaceus",1
"Euneornis campestris","Passeriformes","Thraupidae","Euneornis","campestris",1
"Melopyrrha portoricensis","Passeriformes","Thraupidae","Melopyrrha","portoricensis",1
"Melopyrrha grandis","Passeriformes","Thraupidae","Melopyrrha","grandis",NA
"Melopyrrha violacea","Passeriformes","Thraupidae","Melopyrrha","violacea",NA
"Melopyrrha nigra","Passeriformes","Thraupidae","Melopyrrha","nigra",1
"Melopyrrha taylori","Passeriformes","Thraupidae","Melopyrrha","taylori",0
"Loxipasser anoxanthus","Passeriformes","Thraupidae","Loxipasser","anoxanthus",0
"Phonipara canora","Passeriformes","Thraupidae","Phonipara","canora",1
"Loxigilla barbadensis","Passeriformes","Thraupidae","Loxigilla","barbadensis",1
"Loxigilla noctis","Passeriformes","Thraupidae","Loxigilla","noctis",1
"Melanospiza richardsoni","Passeriformes","Thraupidae","Melanospiza","richardsoni",0
"Melanospiza bicolor","Passeriformes","Thraupidae","Melanospiza","bicolor",1
"Asemospiza fuliginosa","Passeriformes","Thraupidae","Asemospiza","fuliginosa",0
"Asemospiza obscura","Passeriformes","Thraupidae","Asemospiza","obscura",0
"Certhidea olivacea","Passeriformes","Thraupidae","Certhidea","olivacea",0
"Certhidea fusca","Passeriformes","Thraupidae","Certhidea","fusca",1
"Platyspiza crassirostris","Passeriformes","Thraupidae","Platyspiza","crassirostris",NA
"Pinaroloxias inornata","Passeriformes","Thraupidae","Pinaroloxias","inornata",NA
"Camarhynchus heliobates","Passeriformes","Thraupidae","Geospiza","heliobates",NA
"Camarhynchus pauper","Passeriformes","Thraupidae","Geospiza","pauper",NA
"Camarhynchus pallidus","Passeriformes","Thraupidae","Geospiza","pallida",0
"Camarhynchus parvulus","Passeriformes","Thraupidae","Geospiza","parvula",NA
"Camarhynchus psittacula","Passeriformes","Thraupidae","Geospiza","psittacula",NA
"Geospiza fuliginosa","Passeriformes","Thraupidae","Geospiza","fuliginosa",NA
"Geospiza difficilis","Passeriformes","Thraupidae","Geospiza","difficilis",NA
"Geospiza acutirostris","Passeriformes","Thraupidae","Geospiza","acutirostris",NA
"Geospiza septentrionalis","Passeriformes","Thraupidae","Geospiza","septentrionalis",NA
"Geospiza conirostris","Passeriformes","Thraupidae","Geospiza","conirostris",NA
"Geospiza propinqua","Passeriformes","Thraupidae","Geospiza","propinqua",0
"Geospiza magnirostris","Passeriformes","Thraupidae","Geospiza","magnirostris",0
"Geospiza scandens","Passeriformes","Thraupidae","Geospiza","scandens",NA
"Geospiza fortis","Passeriformes","Thraupidae","Geospiza","fortis",NA
"Volatinia jacarina","Passeriformes","Thraupidae","Volatinia","jacarina",1
"Conothraupis speculigera","Passeriformes","Thraupidae","Conothraupis","speculigera",1
"Conothraupis mesoleuca","Passeriformes","Thraupidae","Conothraupis","mesoleuca",0
"Creurgops verticalis","Passeriformes","Thraupidae","Creurgops","verticalis",1
"Creurgops dentatus","Passeriformes","Thraupidae","Creurgops","dentatus",1
"Eucometis penicillata","Passeriformes","Thraupidae","Eucometis","penicillata",0
"Trichothraupis melanops","Passeriformes","Thraupidae","Trichothraupis","melanops",1
"Heliothraupis oneilli","Passeriformes","Thraupidae","Heliothraupis","oneilli",NA
"Loriotus cristatus","Passeriformes","Thraupidae","Islerothraupis","cristata",1
"Loriotus luctuosus","Passeriformes","Thraupidae","Islerothraupis","luctuosa",1
"Loriotus rufiventer","Passeriformes","Thraupidae","Islerothraupis","rufiventer",1
"Coryphospingus pileatus","Passeriformes","Thraupidae","Coryphospingus","pileatus",1
"Coryphospingus cucullatus","Passeriformes","Thraupidae","Coryphospingus","cucullatus",1
"Tachyphonus surinamus","Passeriformes","Thraupidae","Maschalethraupis","surinama",1
"Tachyphonus delatrii","Passeriformes","Thraupidae","Chrysocorypha","delatrii",NA
"Tachyphonus rufus","Passeriformes","Thraupidae","Tachyphonus","rufus",0
"Tachyphonus phoenicius","Passeriformes","Thraupidae","Tachyphonus","phoenicius",0
"Tachyphonus coronatus","Passeriformes","Thraupidae","Tachyphonus","coronatus",0
"Rhodospingus cruentus","Passeriformes","Thraupidae","Rhodospingus","cruentus",1
"Lanio versicolor","Passeriformes","Thraupidae","Lanio","versicolor",1
"Lanio fulvus","Passeriformes","Thraupidae","Lanio","fulvus",1
"Lanio aurantius","Passeriformes","Thraupidae","Lanio","aurantius",1
"Lanio leucothorax","Passeriformes","Thraupidae","Lanio","leucothorax",1
"Ramphocelus sanguinolentus","Passeriformes","Thraupidae","Ramphocelus","sanguinolentus",0
"Ramphocelus flammigerus","Passeriformes","Thraupidae","Ramphocelus","flammigerus",1
"Ramphocelus icteronotus","Passeriformes","Thraupidae","Ramphocelus","icteronotus",NA
"Ramphocelus passerinii","Passeriformes","Thraupidae","Ramphocelus","passerinii",1
"Ramphocelus bresilia","Passeriformes","Thraupidae","Ramphocelus","bresilius",1
"Ramphocelus dimidiatus","Passeriformes","Thraupidae","Ramphocelus","dimidiatus",1
"Ramphocelus nigrogularis","Passeriformes","Thraupidae","Ramphocelus","nigrogularis",1
"Ramphocelus melanogaster","Passeriformes","Thraupidae","Ramphocelus","melanogaster",0
"Ramphocelus carbo","Passeriformes","Thraupidae","Ramphocelus","carbo",1
"Sporophila bouvronides","Passeriformes","Thraupidae","Sporophila","bouvronides",1
"Sporophila lineola","Passeriformes","Thraupidae","Sporophila","lineola",1
"Sporophila torqueola","Passeriformes","Thraupidae","Sporophila","torqueola",1
"Sporophila morelleti","Passeriformes","Thraupidae","Sporophila","morelleti",1
"Sporophila corvina","Passeriformes","Thraupidae","Sporophila","corvina",0
NA,"Passeriformes",NA,"Sporophila","ophthalmica",NA
"Sporophila intermedia","Passeriformes","Thraupidae","Sporophila","intermedia",0
"Sporophila americana","Passeriformes","Thraupidae","Sporophila","americana",1
NA,"Passeriformes",NA,"Sporophila","murallae",1
"Sporophila fringilloides","Passeriformes","Thraupidae","Sporophila","fringilloides",0
"Sporophila luctuosa","Passeriformes","Thraupidae","Sporophila","luctuosa",0
"Sporophila caerulescens","Passeriformes","Thraupidae","Sporophila","caerulescens",1
"Sporophila nigricollis","Passeriformes","Thraupidae","Sporophila","nigricollis",1
"Sporophila ardesiaca","Passeriformes","Thraupidae","Sporophila","ardesiaca",0
"Sporophila funerea","Passeriformes","Thraupidae","Sporophila","funerea",1
"Sporophila angolensis","Passeriformes","Thraupidae","Sporophila","angolensis",0
"Sporophila nuttingi","Passeriformes","Thraupidae","Sporophila","nuttingi",1
"Sporophila maximiliani","Passeriformes","Thraupidae","Sporophila","maximiliani",0
"Sporophila crassirostris","Passeriformes","Thraupidae","Sporophila","crassirostris",0
"Sporophila atrirostris","Passeriformes","Thraupidae","Sporophila","atrirostris",0
"Sporophila schistacea","Passeriformes","Thraupidae","Sporophila","schistacea",0
"Sporophila falcirostris","Passeriformes","Thraupidae","Sporophila","falcirostris",1
"Sporophila frontalis","Passeriformes","Thraupidae","Sporophila","frontalis",1
"Sporophila plumbea","Passeriformes","Thraupidae","Sporophila","plumbea",1
"Sporophila beltoni","Passeriformes","Thraupidae","Sporophila","beltoni",1
"Sporophila collaris","Passeriformes","Thraupidae","Sporophila","collaris",0
"Sporophila albogularis","Passeriformes","Thraupidae","Sporophila","albogularis",1
"Sporophila leucoptera","Passeriformes","Thraupidae","Sporophila","leucoptera",0
"Sporophila peruviana","Passeriformes","Thraupidae","Sporophila","peruviana",1
"Sporophila telasco","Passeriformes","Thraupidae","Sporophila","telasco",1
"Sporophila simplex","Passeriformes","Thraupidae","Sporophila","simplex",1
"Sporophila castaneiventris","Passeriformes","Thraupidae","Sporophila","castaneiventris",1
"Sporophila minuta","Passeriformes","Thraupidae","Sporophila","minuta",1
"Sporophila bouvreuil","Passeriformes","Thraupidae","Sporophila","bouvreuil",1
"Sporophila nigrorufa","Passeriformes","Thraupidae","Sporophila","nigrorufa",1
"Sporophila hypoxantha","Passeriformes","Thraupidae","Sporophila","hypoxantha",1
"Sporophila ruficollis","Passeriformes","Thraupidae","Sporophila","ruficollis",1
"Sporophila iberaensis","Passeriformes","Thraupidae","Sporophila","iberaensis",1
"Sporophila pileata","Passeriformes","Thraupidae","Sporophila","pileata",1
"Sporophila hypochroma","Passeriformes","Thraupidae","Sporophila","hypochroma",1
"Sporophila cinnamomea","Passeriformes","Thraupidae","Sporophila","cinnamomea",1
"Sporophila palustris","Passeriformes","Thraupidae","Sporophila","palustris",1
"Sporophila melanogaster","Passeriformes","Thraupidae","Sporophila","melanogaster",1
"Piezorina cinerea","Passeriformes","Thraupidae","Piezorina","cinerea",0
"Xenospingus concolor","Passeriformes","Thraupidae","Xenospingus","concolor",0
"Cnemoscopus rubrirostris","Passeriformes","Thraupidae","Cnemoscopus","rubrirostris",1
NA,"Passeriformes",NA,"Cnemoscopus","chrysogaster",NA
"Pseudospingus verticalis","Passeriformes","Thraupidae","Pseudospingus","verticalis",1
"Pseudospingus xanthophthalmus","Passeriformes","Thraupidae","Pseudospingus","xanthophthalmus",1
"Poospiza boliviana","Passeriformes","Thraupidae","Poospiza","boliviana",0
"Poospiza ornata","Passeriformes","Thraupidae","Poospiza","ornata",1
"Poospiza nigrorufa","Passeriformes","Thraupidae","Poospiza","nigrorufa",0
"Poospiza whitii","Passeriformes","Thraupidae","Poospiza","whitii",1
"Poospiza hispaniolensis","Passeriformes","Thraupidae","Poospiza","hispaniolensis",0
"Poospiza rubecula","Passeriformes","Thraupidae","Poospiza","rubecula",1
"Poospiza baeri","Passeriformes","Thraupidae","Poospiza","baeri",1
"Poospiza garleppi","Passeriformes","Thraupidae","Poospiza","garleppi",NA
"Poospiza goeringi","Passeriformes","Thraupidae","Poospiza","goeringi",1
"Poospiza rufosuperciliaris","Passeriformes","Thraupidae","Poospiza","rufosuperciliaris",1
"Kleinothraupis reyi","Passeriformes","Thraupidae","Kleinothraupis","reyi",1
"Kleinothraupis atropileus","Passeriformes","Thraupidae","Kleinothraupis","atropileus",NA
"Kleinothraupis auricularis","Passeriformes","Thraupidae","Kleinothraupis","auricularis",NA
"Kleinothraupis calophrys","Passeriformes","Thraupidae","Kleinothraupis","calophrys",1
"Kleinothraupis parodii","Passeriformes","Thraupidae","Kleinothraupis","parodii",1
"Sphenopsis frontalis","Passeriformes","Thraupidae","Sphenopsis","frontalis",1
"Sphenopsis melanotis","Passeriformes","Thraupidae","Sphenopsis","melanotis",1
"Sphenopsis ochracea","Passeriformes","Thraupidae","Sphenopsis","ochracea",NA
"Sphenopsis piurae","Passeriformes","Thraupidae","Sphenopsis","piurae",NA
"Thlypopsis fulviceps","Passeriformes","Thraupidae","Thlypopsis","fulviceps",1
"Thlypopsis inornata","Passeriformes","Thraupidae","Thlypopsis","inornata",0
"Thlypopsis sordida","Passeriformes","Thraupidae","Thlypopsis","sordida",1
"Thlypopsis pyrrhocoma","Passeriformes","Thraupidae","Thlypopsis","pyrrhocoma",0
"Thlypopsis ruficeps","Passeriformes","Thraupidae","Thlypopsis","ruficeps",1
"Thlypopsis superciliaris","Passeriformes","Thraupidae","Thlypopsis","superciliaris",1
"Thlypopsis ornata","Passeriformes","Thraupidae","Thlypopsis","ornata",1
"Thlypopsis pectoralis","Passeriformes","Thraupidae","Thlypopsis","pectoralis",1
"Castanozoster thoracicus","Passeriformes","Thraupidae","Castanozoster","thoracicus",1
"Donacospiza albifrons","Passeriformes","Thraupidae","Donacospiza","albifrons",0
"Cypsnagra hirundinacea","Passeriformes","Thraupidae","Cypsnagra","hirundinacea",1
"Poospizopsis hypocondria","Passeriformes","Thraupidae","Poospizopsis","hypocondria",1
"Poospizopsis caesar","Passeriformes","Thraupidae","Poospizopsis","caesar",1
"Urothraupis stolzmanni","Passeriformes","Thraupidae","Urothraupis","stolzmanni",1
"Nephelornis oneilli","Passeriformes","Thraupidae","Nephelornis","oneilli",1
"Microspingus lateralis","Passeriformes","Thraupidae","Microspingus","lateralis",1
"Microspingus cabanisi","Passeriformes","Thraupidae","Microspingus","cabanisi",0
"Microspingus erythrophrys","Passeriformes","Thraupidae","Microspingus","erythrophrys",1
"Microspingus alticola","Passeriformes","Thraupidae","Microspingus","alticola",0
"Microspingus torquatus","Passeriformes","Thraupidae","Microspingus","torquatus",1
NA,"Passeriformes",NA,"Microspingus","pectoralis",NA
"Microspingus trifasciatus","Passeriformes","Thraupidae","Microspingus","trifasciatus",1
"Microspingus melanoleucus","Passeriformes","Thraupidae","Microspingus","melanoleucus",0
"Microspingus cinereus","Passeriformes","Thraupidae","Microspingus","cinereus",0
"Conirostrum margaritae","Passeriformes","Thraupidae","Conirostrum","margaritae",1
"Conirostrum bicolor","Passeriformes","Thraupidae","Conirostrum","bicolor",0
"Conirostrum speciosum","Passeriformes","Thraupidae","Conirostrum","speciosum",1
"Conirostrum leucogenys","Passeriformes","Thraupidae","Conirostrum","leucogenys",1
"Conirostrum albifrons","Passeriformes","Thraupidae","Conirostrum","albifrons",1
"Conirostrum binghami","Passeriformes","Thraupidae","Conirostrum","binghami",1
"Conirostrum sitticolor","Passeriformes","Thraupidae","Conirostrum","sitticolor",1
"Conirostrum ferrugineiventre","Passeriformes","Thraupidae","Conirostrum","ferrugineiventre",1
"Conirostrum tamarugense","Passeriformes","Thraupidae","Conirostrum","tamarugense",1
"Conirostrum rufum","Passeriformes","Thraupidae","Conirostrum","rufum",1
"Conirostrum cinereum","Passeriformes","Thraupidae","Conirostrum","cinereum",0
"Sicalis citrina","Passeriformes","Thraupidae","Sicalis","citrina",1
"Sicalis taczanowskii","Passeriformes","Thraupidae","Sicalis","taczanowskii",1
"Sicalis uropigyalis","Passeriformes","Thraupidae","Sicalis","uropigyalis",1
"Sicalis flaveola","Passeriformes","Thraupidae","Sicalis","flaveola",0
"Sicalis columbiana","Passeriformes","Thraupidae","Sicalis","columbiana",1
"Sicalis luteola","Passeriformes","Thraupidae","Sicalis","luteola",1
"Sicalis luteocephala","Passeriformes","Thraupidae","Sicalis","luteocephala",1
"Sicalis lebruni","Passeriformes","Thraupidae","Sicalis","lebruni",0
"Sicalis olivascens","Passeriformes","Thraupidae","Sicalis","olivascens",1
"Sicalis mendozae","Passeriformes","Thraupidae","Sicalis","mendozae",1
"Sicalis auriventris","Passeriformes","Thraupidae","Sicalis","auriventris",1
"Sicalis raimondii","Passeriformes","Thraupidae","Sicalis","raimondii",1
"Sicalis lutea","Passeriformes","Thraupidae","Sicalis","lutea",0
"Phrygilus gayi","Passeriformes","Thraupidae","Phrygilus","gayi",1
"Phrygilus patagonicus","Passeriformes","Thraupidae","Phrygilus","patagonicus",1
"Phrygilus atriceps","Passeriformes","Thraupidae","Phrygilus","atriceps",1
"Phrygilus punensis","Passeriformes","Thraupidae","Phrygilus","punensis",1
"Nesospiza acunhae","Passeriformes","Thraupidae","Nesospiza","acunhae",0
"Nesospiza wilkinsi","Passeriformes","Thraupidae","Nesospiza","wilkinsi",0
"Nesospiza questi","Passeriformes","Thraupidae","Nesospiza","questi",0
"Rowettia goughensis","Passeriformes","Thraupidae","Rowettia","goughensis",0
"Melanodera melanodera","Passeriformes","Thraupidae","Melanodera","melanodera",1
"Melanodera xanthogramma","Passeriformes","Thraupidae","Melanodera","xanthogramma",0
"Geospizopsis plebejus","Passeriformes","Thraupidae","Geospizopsis","plebejus",1
"Geospizopsis unicolor","Passeriformes","Thraupidae","Geospizopsis","unicolor",1
"Haplospiza unicolor","Passeriformes","Thraupidae","Haplospiza","unicolor",NA
"Haplospiza rustica","Passeriformes","Thraupidae","Spodiornis","rusticus",0
"Acanthidops bairdi","Passeriformes","Thraupidae","Acanthidops","bairdi",0
"Xenodacnis petersi","Passeriformes","Thraupidae","Xenodacnis","petersi",NA
"Xenodacnis parina","Passeriformes","Thraupidae","Xenodacnis","parina",0
"Idiopsar dorsalis","Passeriformes","Thraupidae","Ephippiospingus","dorsalis",0
"Idiopsar erythronotus","Passeriformes","Thraupidae","Ephippiospingus","erythronotus",0
"Idiopsar speculifer","Passeriformes","Thraupidae","Chionodacryon","speculiferum",0
"Idiopsar brachyurus","Passeriformes","Thraupidae","Idiopsar","brachyurus",0
"Catamenia analis","Passeriformes","Thraupidae","Catamenia","analis",1
"Catamenia inornata","Passeriformes","Thraupidae","Catamenia","inornata",1
"Catamenia homochroa","Passeriformes","Thraupidae","Catamenia","homochroa",1
"Diglossa glauca","Passeriformes","Thraupidae","Diglossa","glauca",1
"Diglossa caerulescens","Passeriformes","Thraupidae","Diglossa","caerulescens",1
"Diglossa cyanea","Passeriformes","Thraupidae","Diglossa","cyanea",1
"Diglossa indigotica","Passeriformes","Thraupidae","Diglossa","indigotica",1
"Diglossa sittoides","Passeriformes","Thraupidae","Diglossa","sittoides",1
"Diglossa plumbea","Passeriformes","Thraupidae","Diglossa","plumbea",0
"Diglossa baritula","Passeriformes","Thraupidae","Diglossa","baritula",0
"Diglossa mystacalis","Passeriformes","Thraupidae","Diglossa","mystacalis",1
"Diglossa lafresnayii","Passeriformes","Thraupidae","Diglossa","lafresnayii",1
"Diglossa gloriosissima","Passeriformes","Thraupidae","Diglossa","gloriosissima",1
"Diglossa duidae","Passeriformes","Thraupidae","Diglossa","duidae",NA
"Diglossa major","Passeriformes","Thraupidae","Diglossa","major",1
"Diglossa venezuelensis","Passeriformes","Thraupidae","Diglossa","venezuelensis",1
"Diglossa albilatera","Passeriformes","Thraupidae","Diglossa","albilatera",1
"Diglossa carbonaria","Passeriformes","Thraupidae","Diglossa","carbonaria",0
"Diglossa brunneiventris","Passeriformes","Thraupidae","Diglossa","brunneiventris",1
"Diglossa gloriosa","Passeriformes","Thraupidae","Diglossa","gloriosa",1
"Diglossa humeralis","Passeriformes","Thraupidae","Diglossa","humeralis",1
"Calochaetes coccineus","Passeriformes","Thraupidae","Calochaetes","coccineus",1
"Iridosornis porphyrocephalus","Passeriformes","Thraupidae","Iridosornis","porphyrocephalus",1
"Iridosornis analis","Passeriformes","Thraupidae","Iridosornis","analis",1
"Iridosornis jelskii","Passeriformes","Thraupidae","Iridosornis","jelskii",1
"Iridosornis reinhardti","Passeriformes","Thraupidae","Iridosornis","reinhardti",1
"Iridosornis rufivertex","Passeriformes","Thraupidae","Iridosornis","rufivertex",1
"Pipraeidea melanonota","Passeriformes","Thraupidae","Pipraeidea","melanonota",0
"Rauenia bonariensis","Passeriformes","Thraupidae","Pipraeidea","bonariensis",1
NA,"Passeriformes",NA,"Pipraeidea","darwinii",NA
"Pseudosaltator rufiventris","Passeriformes","Thraupidae","Pseudosaltator","rufiventris",0
"Dubusia carrikeri","Passeriformes","Thraupidae","Dubusia","carrikeri",NA
"Dubusia taeniata","Passeriformes","Thraupidae","Dubusia","taeniata",1
"Dubusia stictocephala","Passeriformes","Thraupidae","Dubusia","stictocephala",NA
"Dubusia castaneoventris","Passeriformes","Thraupidae","Dubusia","castaneoventris",1
"Buthraupis montana","Passeriformes","Thraupidae","Buthraupis","montana",1
"Sporathraupis cyanocephala","Passeriformes","Thraupidae","Sporathraupis","cyanocephala",1
"Tephrophilus wetmorei","Passeriformes","Thraupidae","Tephrophilus","wetmorei",1
"Chlorornis riefferii","Passeriformes","Thraupidae","Chlorornis","riefferii",1
"Cnemathraupis eximia","Passeriformes","Thraupidae","Cnemathraupis","eximia",1
"Cnemathraupis aureodorsalis","Passeriformes","Thraupidae","Cnemathraupis","aureodorsalis",1
"Anisognathus somptuosus","Passeriformes","Thraupidae","Anisognathus","somptuosus",1
NA,"Passeriformes",NA,"Anisognathus","flavinucha",NA
"Anisognathus notabilis","Passeriformes","Thraupidae","Anisognathus","notabilis",1
"Anisognathus melanogenys","Passeriformes","Thraupidae","Anisognathus","melanogenys",1
"Anisognathus igniventris","Passeriformes","Thraupidae","Anisognathus","igniventris",1
NA,"Passeriformes",NA,"Anisognathus","lunulatus",1
"Anisognathus lacrymosus","Passeriformes","Thraupidae","Anisognathus","lacrymosus",1
"Chlorochrysa phoenicotis","Passeriformes","Thraupidae","Chlorochrysa","phoenicotis",1
"Chlorochrysa nitidissima","Passeriformes","Thraupidae","Chlorochrysa","nitidissima",1
"Chlorochrysa calliparaea","Passeriformes","Thraupidae","Chlorochrysa","calliparaea",NA
NA,"Passeriformes",NA,"Chlorochrysa","fulgentissima",NA
"Wetmorethraupis sterrhopteron","Passeriformes","Thraupidae","Wetmorethraupis","sterrhopteron",1
"Bangsia flavovirens","Passeriformes","Thraupidae","Bangsia","flavovirens",1
"Bangsia arcaei","Passeriformes","Thraupidae","Bangsia","arcaei",1
"Bangsia aureocincta","Passeriformes","Thraupidae","Bangsia","aureocincta",1
"Bangsia edwardsi","Passeriformes","Thraupidae","Bangsia","edwardsi",1
"Bangsia rothschildi","Passeriformes","Thraupidae","Bangsia","rothschildi",1
"Bangsia melanochlamys","Passeriformes","Thraupidae","Bangsia","melanochlamys",1
"Lophospingus griseocristatus","Passeriformes","Thraupidae","Lophospingus","griseocristatus",1
"Lophospingus pusillus","Passeriformes","Thraupidae","Lophospingus","pusillus",0
"Neothraupis fasciata","Passeriformes","Thraupidae","Neothraupis","fasciata",1
"Diuca diuca","Passeriformes","Thraupidae","Diuca","diuca",0
"Gubernatrix cristata","Passeriformes","Thraupidae","Gubernatrix","cristata",0
"Stephanophorus diadematus","Passeriformes","Thraupidae","Stephanophorus","diadematus",1
"Cissopis leverianus","Passeriformes","Thraupidae","Cissopis","leverianus",1
"Schistochlamys melanopis","Passeriformes","Thraupidae","Schistochlamys","melanopis",0
"Schistochlamys ruficapillus","Passeriformes","Thraupidae","Schistochlamys","ruficapillus",0
"Paroaria coronata","Passeriformes","Thraupidae","Paroaria","coronata",1
"Paroaria dominicana","Passeriformes","Thraupidae","Paroaria","dominicana",0
"Paroaria baeri","Passeriformes","Thraupidae","Paroaria","baeri",NA
"Paroaria capitata","Passeriformes","Thraupidae","Paroaria","capitata",1
"Paroaria nigrogenis","Passeriformes","Thraupidae","Paroaria","nigrogenis",0
"Paroaria gularis","Passeriformes","Thraupidae","Paroaria","gularis",1
"Ixothraupis varia","Passeriformes","Thraupidae","Tangara","varia",1
"Ixothraupis rufigula","Passeriformes","Thraupidae","Tangara","rufigula",1
"Ixothraupis punctata","Passeriformes","Thraupidae","Tangara","punctata",1
"Ixothraupis guttata","Passeriformes","Thraupidae","Tangara","guttata",1
"Ixothraupis xanthogastra","Passeriformes","Thraupidae","Tangara","xanthogastra",1
"Chalcothraupis ruficervix","Passeriformes","Thraupidae","Tangara","ruficervix",1
NA,"Passeriformes",NA,"Tangara","fulvicervix",NA
"Poecilostreptus cabanisi","Passeriformes","Thraupidae","Tangara","cabanisi",1
"Poecilostreptus palmeri","Passeriformes","Thraupidae","Tangara","palmeri",NA
"Thraupis episcopus","Passeriformes","Thraupidae","Tangara","episcopus",NA
"Thraupis sayaca","Passeriformes","Thraupidae","Tangara","sayaca",1
"Thraupis glaucocolpa","Passeriformes","Thraupidae","Tangara","glaucocolpa",0
"Thraupis cyanoptera","Passeriformes","Thraupidae","Tangara","cyanoptera",1
"Thraupis abbas","Passeriformes","Thraupidae","Tangara","abbas",1
"Thraupis ornata","Passeriformes","Thraupidae","Tangara","ornata",1
"Thraupis palmarum","Passeriformes","Thraupidae","Tangara","palmarum",1
"Stilpnia cyanoptera","Passeriformes","Thraupidae","Tangara","argentea",NA
"Stilpnia whitelyi","Passeriformes","Thraupidae","Tangara","whitelyi",NA
"Stilpnia viridicollis","Passeriformes","Thraupidae","Tangara","viridicollis",NA
"Stilpnia phillipsi","Passeriformes","Thraupidae","Tangara","phillipsi",1
"Stilpnia argyrofenges","Passeriformes","Thraupidae","Tangara","argyrofenges",NA
"Stilpnia heinei","Passeriformes","Thraupidae","Tangara","heinei",1
"Stilpnia larvata","Passeriformes","Thraupidae","Tangara","larvata",1
"Stilpnia cyanicollis","Passeriformes","Thraupidae","Tangara","cyanicollis",0
"Stilpnia nigrocincta","Passeriformes","Thraupidae","Tangara","nigrocincta",0
"Stilpnia peruviana","Passeriformes","Thraupidae","Tangara","peruviana",0
"Stilpnia preciosa","Passeriformes","Thraupidae","Tangara","preciosa",1
"Stilpnia meyerdeschauenseei","Passeriformes","Thraupidae","Tangara","meyerdeschauenseei",0
"Stilpnia vitriolina","Passeriformes","Thraupidae","Tangara","vitriolina",0
"Stilpnia cayana","Passeriformes","Thraupidae","Tangara","cayana",0
NA,"Passeriformes",NA,"Tangara","flava",NA
"Stilpnia cucullata","Passeriformes","Thraupidae","Tangara","cucullata",NA
NA,"Passeriformes",NA,"Tangara","versicolor",NA
"Tangara vassorii","Passeriformes","Thraupidae","Tangara","vassorii",1
NA,"Passeriformes",NA,"Tangara","atrocoerulea",NA
"Tangara nigroviridis","Passeriformes","Thraupidae","Tangara","nigroviridis",1
"Tangara dowii","Passeriformes","Thraupidae","Tangara","dowii",1
"Tangara fucosa","Passeriformes","Thraupidae","Tangara","fucosa",1
"Tangara cyanotis","Passeriformes","Thraupidae","Tangara","cyanotis",1
"Tangara rufigenis","Passeriformes","Thraupidae","Tangara","rufigenis",1
"Tangara labradorides","Passeriformes","Thraupidae","Tangara","labradorides",1
"Tangara gyrola","Passeriformes","Thraupidae","Tangara","gyrola",1
"Tangara lavinia","Passeriformes","Thraupidae","Tangara","lavinia",1
"Tangara chrysotis","Passeriformes","Thraupidae","Tangara","chrysotis",1
"Tangara xanthocephala","Passeriformes","Thraupidae","Tangara","xanthocephala",1
"Tangara parzudakii","Passeriformes","Thraupidae","Tangara","parzudakii",1
NA,"Passeriformes",NA,"Tangara","lunigera",NA
"Tangara johannae","Passeriformes","Thraupidae","Tangara","johannae",1
"Tangara schrankii","Passeriformes","Thraupidae","Tangara","schrankii",1
"Tangara arthus","Passeriformes","Thraupidae","Tangara","arthus",1
NA,"Passeriformes",NA,"Tangara","aurulenta",1
"Tangara florida","Passeriformes","Thraupidae","Tangara","florida",1
"Tangara icterocephala","Passeriformes","Thraupidae","Tangara","icterocephala",1
"Tangara fastuosa","Passeriformes","Thraupidae","Tangara","fastuosa",1
"Tangara seledon","Passeriformes","Thraupidae","Tangara","seledon",1
"Tangara cyanocephala","Passeriformes","Thraupidae","Tangara","cyanocephala",1
"Tangara desmaresti","Passeriformes","Thraupidae","Tangara","desmaresti",1
"Tangara cyanoventris","Passeriformes","Thraupidae","Tangara","cyanoventris",1
"Tangara inornata","Passeriformes","Thraupidae","Tangara","inornata",1
"Tangara mexicana","Passeriformes","Thraupidae","Tangara","mexicana",1
"Tangara brasiliensis","Passeriformes","Thraupidae","Tangara","brasiliensis",NA
"Tangara chilensis","Passeriformes","Thraupidae","Tangara","chilensis",1
"Tangara callophrys","Passeriformes","Thraupidae","Tangara","callophrys",1
"Tangara velia","Passeriformes","Thraupidae","Tangara","velia",1
NA,"Passeriformes",NA,"Tangara","cyanomelas",NA
