"scientific_name","social"
"Struthio camelus",0
"Struthio molybdophanes",1
"Rhea americana",1
"Rhea pennata",1
"Apteryx australis",0
"Apteryx mantelli",0
"Apteryx rowi",0
"Apteryx owenii",0
"Apteryx haastii",0
"Casuarius casuarius",0
"Casuarius bennetti",0
"Casuarius unappendiculatus",0
"Dromaius novaehollandiae",0
"Dromaius minor",0
"Tinamus tao",0
"Tinamus solitarius",0
"Tinamus osgoodi",0
"Tinamus major",0
"Tinamus guttatus",0
"Nothocercus bonapartei",0
"Nothocercus julius",0
"Nothocercus nigrocapillus",0
"Crypturellus berlepschi",0
"Crypturellus soui",0
"Crypturellus ptaritepui",0
"Crypturellus obsoletus",0
"Crypturellus transfasciatus",0
"Crypturellus erythropus",0
"Crypturellus noctivagus",0
"Crypturellus cinnamomeus",0
"Crypturellus boucardi",0
"Crypturellus kerriae",0
"Crypturellus variegatus",0
"Crypturellus parvirostris",0
"Crypturellus tataupa",0
"Nothoprocta ornata",0
"Nothoprocta perdicaria",0
"Nothoprocta cinerascens",0
"Nothoprocta pentlandii",0
"Nothoprocta curvirostris",0
"Nothura boraquira",1
"Nothura darwinii",0
"Nothura maculosa",0
"Taoniscus nanus",0
"Eudromia elegans",1
"Eudromia formosa",1
"Tinamotis pentlandii",1
"Tinamotis ingoufi",1
"Anhima cornuta",0
"Chauna chavaria",0
"Chauna torquata",1
"Anseranas semipalmata",0
"Dendrocygna viduata",1
"Dendrocygna autumnalis",1
"Dendrocygna arborea",1
"Dendrocygna bicolor",1
"Dendrocygna eytoni",0
"Dendrocygna arcuata",0
"Dendrocygna javanica",0
"Thalassornis leuconotus",0
"Cereopsis novaehollandiae",1
"Branta bernicla",0
"Branta ruficollis",0
"Branta sandvicensis",0
"Branta canadensis",0
"Branta leucopsis",0
"Branta hutchinsii",0
"Anser indicus",0
"Anser canagicus",1
"Anser rossii",0
"Anser caerulescens",1
"Anser anser",0
"Anser cygnoid",0
"Anser fabalis",0
"Anser brachyrhynchus",0
"Anser albifrons",0
"Anser erythropus",0
"Coscoroba coscoroba",1
"Cygnus atratus",0
"Cygnus melancoryphus",1
"Cygnus olor",0
"Cygnus buccinator",1
"Cygnus columbianus",0
"Cygnus cygnus",1
"Hymenolaimus malacorhynchos",0
"Tachyeres patachonicus",0
"Tachyeres pteneres",0
"Tachyeres brachypterus",0
"Tachyeres leucocephalus",1
"Merganetta armata",0
"Plectropterus gambensis",0
"Sarkidiornis sylvicola",1
"Sarkidiornis melanotos",0
"Cyanochen cyanoptera",0
"Alopochen aegyptiaca",0
"Neochen jubata",0
"Chloephaga melanoptera",1
"Chloephaga picta",1
"Chloephaga hybrida",1
"Chloephaga poliocephala",1
"Chloephaga rubidiceps",1
"Radjah radjah",0
"Tadorna tadorna",0
"Tadorna ferruginea",1
"Tadorna cana",1
"Tadorna tadornoides",0
"Tadorna variegata",0
"Tadorna cristata",0
"Malacorhynchus membranaceus",0
"Salvadorina waigiuensis",0
"Cairina moschata",0
"Asarcornis scutulata",0
"Pteronetta hartlaubii",0
"Aix sponsa",0
"Aix galericulata",0
"Chenonetta jubata",0
"Nettapus coromandelianus",1
"Nettapus pulchellus",0
"Amazonetta brasiliensis",1
"Callonetta leucophrys",0
"Lophonetta specularioides",0
"Speculanas specularis",1
"Sibirionetta formosa",1
"Spatula querquedula",0
"Spatula hottentota",1
"Spatula puna",1
"Spatula versicolor",0
"Spatula platalea",1
"Spatula cyanoptera",1
"Spatula discors",1
"Spatula smithii",1
"Spatula rhynchotis",0
"Spatula clypeata",0
"Mareca strepera",0
"Mareca falcata",0
"Mareca penelope",0
"Mareca sibilatrix",0
"Mareca americana",1
"Anas sparsa",0
"Anas undulata",1
"Anas melleri",1
"Anas superciliosa",0
"Anas laysanensis",0
"Anas wyvilliana",0
"Anas luzonica",1
"Anas poecilorhyncha",1
"Anas zonorhyncha",0
"Anas platyrhynchos",0
"Anas fulvigula",1
"Anas rubripes",1
"Anas diazi",0
"Anas capensis",1
"Anas bahamensis",0
"Anas erythrorhyncha",1
"Anas georgica",0
"Anas eatoni",0
"Anas acuta",0
"Anas crecca",1
"Anas flavirostris",0
"Anas andium",0
"Anas gibberifrons",0
"Anas albogularis",0
"Anas gracilis",0
"Anas castanea",1
"Anas bernieri",0
"Anas chlorotis",0
"Anas aucklandica",0
"Marmaronetta angustirostris",0
"Rhodonessa caryophyllacea",0
"Netta rufina",0
"Netta peposaca",0
"Netta erythrophthalma",1
"Aythya valisineria",0
"Aythya americana",1
"Aythya ferina",0
"Aythya australis",0
"Aythya innotata",0
"Aythya baeri",1
"Aythya nyroca",1
"Aythya novaeseelandiae",0
"Aythya collaris",0
"Aythya fuligula",0
"Aythya marila",0
"Aythya affinis",0
"Polysticta stelleri",1
"Camptorhynchus labradorius",0
"Somateria fischeri",0
"Somateria spectabilis",1
"Somateria mollissima",0
"Histrionicus histrionicus",1
"Melanitta perspicillata",0
"Melanitta fusca",0
"Melanitta deglandi",1
"Melanitta stejnegeri",0
"Melanitta nigra",1
"Melanitta americana",1
"Clangula hyemalis",0
"Bucephala albeola",0
"Bucephala clangula",0
"Bucephala islandica",0
"Mergellus albellus",1
"Lophodytes cucullatus",0
"Mergus australis",0
"Mergus octosetaceus",0
"Mergus merganser",1
"Mergus serrator",1
"Mergus squamatus",0
"Heteronetta atricapilla",1
"Nomonyx dominicus",1
"Oxyura jamaicensis",0
"Oxyura ferruginea",0
"Oxyura vittata",0
"Oxyura australis",0
"Oxyura maccoa",1
"Oxyura leucocephala",0
"Biziura lobata",0
"Aepypodius arfakianus",0
"Talegalla fuscirostris",0
"Macrocephalon maleo",0
"Eulipoa wallacei",0
"Megapodius pritchardii",0
"Megapodius laperouse",0
"Megapodius nicobariensis",0
"Megapodius bernsteinii",0
"Megapodius tenimberensis",0
"Megapodius freycinet",0
"Megapodius eremita",0
"Megapodius layardi",0
"Megapodius reinwardt",0
"Ortalis vetula",1
"Ortalis cinereiceps",0
"Ortalis garrula",1
"Ortalis ruficauda",1
"Ortalis erythroptera",0
"Ortalis wagleri",0
"Ortalis poliocephala",1
"Ortalis canicollis",1
"Ortalis leucogastra",0
"Ortalis guttata",1
"Ortalis araucuan",1
"Ortalis squamata",0
"Ortalis columbiana",1
"Ortalis motmot",0
"Ortalis ruficeps",1
"Ortalis superciliaris",1
"Penelope argyrotis",0
"Penelope barbata",0
"Penelope ortoni",0
"Penelope montagnii",0
"Penelope marail",0
"Penelope superciliaris",0
"Penelope dabbenei",0
"Penelope purpurascens",0
"Penelope perspicax",1
"Penelope albipennis",1
"Penelope jacquacu",0
"Penelope obscura",1
"Penelope bridgesi",0
"Penelope jacucaca",1
"Pipile pipile",0
"Pipile cumanensis",1
"Pipile grayi",1
"Pipile cujubi",1
"Pipile jacutinga",0
"Aburria aburri",0
"Chamaepetes unicolor",0
"Chamaepetes goudotii",0
"Penelopina nigra",1
"Nothocrax urumutum",1
"Mitu tomentosum",0
"Mitu salvini",1
"Mitu tuberosum",0
"Mitu mitu",1
"Pauxi pauxi",0
"Pauxi unicornis",0
"Pauxi koepckeae",0
"Crax rubra",1
"Crax daubentoni",1
"Crax alector",0
"Crax globulosa",1
"Crax fasciolata",0
"Crax blumenbachii",0
"Agelastes meleagrides",1
"Agelastes niger",0
"Numida meleagris",1
"Guttera plumifera",1
"Guttera verreauxi",1
"Guttera pucherani",1
"Guttera edouardi",1
"Acryllium vulturinum",1
"Ptilopachus petrosus",1
"Ptilopachus nahani",0
"Dendrortyx leucophrys",0
"Dendrortyx macroura",0
"Dendrortyx barbatus",0
"Oreortyx pictus",1
"Callipepla squamata",1
"Callipepla douglasii",1
"Callipepla californica",1
"Callipepla gambelii",1
"Philortyx fasciatus",1
"Colinus virginianus",1
"Colinus nigrogularis",1
"Colinus leucopogon",0
"Colinus cristatus",1
"Odontophorus gujanensis",0
"Odontophorus capueira",0
"Odontophorus melanotis",1
"Odontophorus erythrops",0
"Odontophorus atrifrons",0
"Odontophorus hyperythrus",0
"Odontophorus melanonotus",0
"Odontophorus dialeucos",0
"Odontophorus strophium",0
"Odontophorus columbianus",0
"Odontophorus leucolaemus",0
"Odontophorus stellatus",1
"Odontophorus guttatus",1
"Dactylortyx thoracicus",0
"Cyrtonyx montezumae",0
"Cyrtonyx sallei",1
"Cyrtonyx ocellatus",0
"Rhynchortyx cinctus",0
"Xenoperdix udzungwensis",0
"Caloperdix oculeus",0
"Rollulus rouloul",0
"Melanoperdix niger",0
"Arborophila torqueola",1
"Arborophila rufogularis",0
"Arborophila rubrirostris",0
"Arborophila cambodiana",0
"Arborophila ardens",0
"Arborophila crudigularis",0
"Arborophila atrogularis",0
"Arborophila brunneopectus",1
"Arborophila hyperythra",0
"Arborophila campbelli",0
"Arborophila javanica",0
"Lerwa lerwa",0
"Ithaginis cruentus",1
"Tragopan melanocephalus",0
"Tragopan blythii",1
"Tragopan caboti",1
"Tetraophasis obscurus",1
"Tetraophasis szechenyii",0
"Lophophorus sclateri",0
"Lophophorus lhuysii",0
"Pucrasia macrolopha",1
"Meleagris gallopavo",1
"Meleagris ocellata",1
"Bonasa umbellus",1
"Tetrastes bonasia",1
"Centrocercus urophasianus",1
"Centrocercus minimus",1
"Dendragapus obscurus",1
"Dendragapus fuliginosus",1
"Tympanuchus phasianellus",1
"Tympanuchus cupido",1
"Tympanuchus pallidicinctus",1
"Lagopus leucura",1
"Lagopus lagopus",1
"Lagopus muta",1
"Falcipennis falcipennis",1
"Canachites canadensis",1
"Canachites franklinii",1
"Tetrao urogallus",1
"Tetrao urogalloides",1
"Lyrurus tetrix",1
"Lyrurus mlokosiewiczi",0
"Perdix hodgsoniae",0
"Perdix perdix",1
"Perdix dauurica",1
"Syrmaticus soemmerringii",0
"Syrmaticus reevesii",0
"Syrmaticus mikado",0
"Syrmaticus ellioti",0
"Syrmaticus humiae",0
"Chrysolophus pictus",1
"Chrysolophus amherstiae",1
"Phasianus colchicus",1
"Phasianus versicolor",1
"Catreus wallichii",0
"Crossoptilon harmani",0
"Crossoptilon crossoptilon",0
"Crossoptilon mantchuricum",0
"Crossoptilon auritum",0
"Lophura swinhoii",1
"Lophura leucomelanos",1
"Lophura erythrophthalma",1
"Lophura pyronota",0
"Lophura diardi",0
"Lophura rufa",0
"Lophura ignita",1
"Rheinardia ocellata",0
"Rheinardia nigrescens",0
"Argusianus argus",0
"Afropavo congensis",0
"Pavo cristatus",0
"Pavo muticus",0
"Tropicoperdix chloropus",0
"Galloperdix spadicea",0
"Galloperdix lunulata",0
"Galloperdix bicalcarata",0
"Polyplectron bicalcaratum",0
"Bambusicola fytchii",0
"Bambusicola sonorivox",0
"Gallus varius",0
"Gallus gallus",0
"Gallus sonneratii",0
"Gallus lafayettii",0
"Ortygornis sephaena",1
"Ortygornis pondicerianus",0
"Ortygornis gularis",1
"Francolinus pintadeanus",0
"Francolinus francolinus",0
"Francolinus pictus",0
"Campocolinus schlegelii",0
"Scleroptila streptophora",0
"Scleroptila levaillantii",1
"Scleroptila finschi",0
"Scleroptila psilolaema",0
"Scleroptila elgonensis",0
"Scleroptila afra",1
"Scleroptila gutturalis",0
"Scleroptila shelleyi",0
"Scleroptila whytei",0
"Tetraogallus tibetanus",1
"Tetraogallus altaicus",1
"Tetraogallus caucasicus",0
"Tetraogallus caspius",1
"Tetraogallus himalayensis",0
"Ammoperdix griseogularis",1
"Synoicus ypsilophorus",0
"Synoicus chinensis",0
"Synoicus adansonii",0
"Margaroperdix madagarensis",0
"Coturnix delegorguei",1
"Coturnix coromandelica",1
"Coturnix pectoralis",0
"Alectoris barbara",1
"Alectoris melanocephala",1
"Alectoris rufa",1
"Alectoris chukar",1
"Alectoris philbyi",1
"Perdicula asiatica",1
"Perdicula erythrorhyncha",0
"Perdicula manipurensis",1
"Ophrysia superciliosa",0
"Pternistis hartlaubi",0
"Pternistis nobilis",0
"Pternistis castaneicollis",0
"Pternistis erckelii",1
"Pternistis ochropectus",1
"Pternistis ahantensis",0
"Pternistis jacksoni",0
"Pternistis adspersus",1
"Pternistis natalensis",0
"Pternistis bicalcaratus",1
"Pternistis squamatus",0
"Pternistis icterorhynchus",0
"Pternistis clappertoni",1
"Pternistis harwoodi",0
"Pternistis swainsonii",1
"Pternistis leucoscepus",1
"Pternistis rufopictus",0
"Pternistis afer",0
"Eurostopodus mystacalis",1
"Lyncornis macrotis",0
"Chordeiles nacunda",0
"Chordeiles pusillus",0
"Chordeiles rupestris",1
"Chordeiles acutipennis",1
"Chordeiles minor",0
"Chordeiles gundlachii",1
"Lurocalis semitorquatus",0
"Lurocalis rufiventris",0
"Nyctiprogne leucopyga",1
"Nyctiprogne vielliardi",1
"Nyctipolus nigrescens",0
"Nyctipolus hirundinaceus",0
"Nyctidromus albicollis",0
"Nyctidromus anthonyi",0
"Setopagis parvula",0
"Setopagis whitelyi",0
"Eleothreptus anomalus",0
"Eleothreptus candicans",0
"Systellura longirostris",0
"Uropsalis segmentata",0
"Uropsalis lyra",0
"Hydropsalis cayennensis",0
"Hydropsalis maculicaudus",0
"Hydropsalis climacocerca",0
"Hydropsalis torquata",0
"Siphonorhis americana",0
"Nyctiphrynus rosenbergi",0
"Nyctiphrynus yucatanicus",0
"Phalaenoptilus nuttallii",0
"Antrostomus carolinensis",1
"Antrostomus rufus",0
"Antrostomus cubanensis",0
"Antrostomus ekmani",0
"Antrostomus salvini",0
"Antrostomus badius",0
"Antrostomus ridgwayi",0
"Antrostomus vociferus",1
"Antrostomus arizonae",0
"Antrostomus noctitherus",0
"Antrostomus saturatus",0
"Caprimulgus ruficollis",0
"Caprimulgus indicus",0
"Caprimulgus europaeus",0
"Caprimulgus aegyptius",1
"Caprimulgus mahrattensis",1
"Caprimulgus macrurus",0
"Caprimulgus madagascariensis",1
"Caprimulgus natalensis",0
"Caprimulgus affinis",1
"Caprimulgus longipennis",1
"Caprimulgus vexillarius",1
"Steatornis caripensis",0
"Nyctibius grandis",0
"Nyctibius jamaicensis",0
"Nyctibius griseus",0
"Nyctibius maculosus",0
"Batrachostomus moniliger",0
"Aegotheles crinifrons",0
"Hemiprocne coronata",0
"Hemiprocne longipennis",0
"Hemiprocne comata",0
"Hemiprocne mystacea",0
"Cypseloides cherriei",1
"Cypseloides cryptus",1
"Cypseloides fumigatus",0
"Cypseloides niger",0
"Cypseloides lemosi",1
"Cypseloides senex",0
"Streptoprocne phelpsi",1
"Streptoprocne rutila",1
"Streptoprocne zonaris",0
"Streptoprocne biscutata",1
"Streptoprocne semicollaris",0
"Hydrochous gigas",0
"Collocalia affinis",0
"Collocalia marginata",1
"Collocalia isonota",1
"Collocalia sumbawae",1
"Collocalia neglecta",1
"Collocalia esculenta",0
"Collocalia uropygialis",1
"Collocalia dodgei",0
"Collocalia linchi",0
"Collocalia natalis",0
"Collocalia troglodytes",1
"Aerodramus elaphrus",0
"Aerodramus francicus",0
"Aerodramus unicolor",0
"Aerodramus mearnsi",0
"Aerodramus infuscatus",1
"Aerodramus hirundinaceus",0
"Aerodramus spodiopygius",0
"Aerodramus terraereginae",0
"Aerodramus brevirostris",0
"Aerodramus vulcanorum",0
"Aerodramus salangana",0
"Aerodramus vanikorensis",0
"Aerodramus amelis",0
"Aerodramus pelewensis",0
"Aerodramus bartschi",0
"Aerodramus inquietus",0
"Aerodramus leucophaeus",0
"Aerodramus sawtelli",0
"Aerodramus ocistus",0
"Aerodramus maximus",0
"Aerodramus fuciphagus",1
"Schoutedenapus myoptilus",1
"Mearnsia picina",1
"Mearnsia novaeguineae",1
"Zoonavena grandidieri",1
"Zoonavena thomensis",0
"Zoonavena sylvatica",0
"Telacanthura ussheri",1
"Telacanthura melanopygia",0
"Rhaphidura leucopygialis",0
"Rhaphidura sabini",0
"Neafrapus cassini",1
"Neafrapus boehmi",0
"Hirundapus caudacutus",0
"Hirundapus cochinchinensis",1
"Hirundapus giganteus",0
"Hirundapus celebensis",1
"Chaetura cinereiventris",0
"Chaetura spinicaudus",0
"Chaetura martinica",1
"Chaetura fumosa",1
"Chaetura pelagica",0
"Chaetura vauxi",0
"Chaetura meridionalis",1
"Chaetura brachyura",0
"Aeronautes saxatalis",1
"Aeronautes montivagus",0
"Aeronautes andecolus",1
"Tachornis phoenicobia",0
"Tachornis furcata",0
"Tachornis squamata",0
"Panyptila sanctihieronymi",1
"Panyptila cayennensis",0
"Cypsiurus parvus",0
"Cypsiurus gracilis",1
"Cypsiurus balasiensis",0
"Tachymarptis melba",0
"Tachymarptis aequatorialis",0
"Apus alexandri",1
"Apus apus",0
"Apus unicolor",1
"Apus niansae",0
"Apus pallidus",0
"Apus barbatus",0
"Apus balstoni",1
"Apus berliozi",1
"Apus bradfieldi",0
"Apus pacificus",0
"Apus leuconyx",1
"Apus cooki",1
"Apus acuticauda",0
"Apus affinis",0
"Apus nipalensis",0
"Apus horus",0
"Apus caffer",0
"Apus batesi",0
"Florisuga fusca",1
"Eutoxeres aquila",0
"Anopetia gounellei",0
"Phaethornis longuemareus",0
"Phaethornis aethopygus",0
"Phaethornis idaliae",0
"Phaethornis striigularis",0
"Phaethornis griseogularis",0
"Phaethornis ruber",0
"Phaethornis subochraceus",0
"Phaethornis augusti",0
"Phaethornis hispidus",0
"Phaethornis yaruqui",0
"Phaethornis guy",0
"Phaethornis syrmatophorus",0
"Phaethornis koepckeae",0
"Phaethornis mexicanus",0
"Phaethornis longirostris",0
"Phaethornis superciliosus",0
"Doryfera johannae",0
"Colibri delphinae",0
"Colibri thalassinus",0
"Colibri cyanotus",0
"Androdon aequatorialis",0
"Heliothryx barroti",0
"Heliothryx auritus",0
"Polytmus guainumbi",0
"Polytmus milleri",0
"Polytmus theresiae",0
"Chrysolampis mosquitus",0
"Anthracothorax prevostii",0
"Eulampis holosericeus",0
"Eulampis jugularis",0
"Heliangelus amethysticollis",1
"Heliangelus clarisse",0
"Heliangelus strophianus",0
"Discosura conversii",1
"Discosura langsdorffi",0
"Lophornis ornatus",0
"Lophornis pavoninus",0
"Lophornis helenae",0
"Adelomyia melanogenys",0
"Aglaiocercus kingii",0
"Aglaiocercus coelestis",0
"Aglaiocercus berlepschi",0
"Sappho sparganurus",0
"Polyonymus caroli",0
"Taphrolesbia griseiventris",0
"Oreotrochilus estella",1
"Oreotrochilus cyanolaemus",0
"Oreotrochilus stolzmanni",0
"Opisthoprora euryptera",0
"Oreonympha nobilis",0
"Chalcostigma herrani",0
"Chalcostigma olivaceum",0
"Metallura odomae",0
"Metallura theresiae",0
"Metallura phoebe",0
"Haplophaedia lugens",0
"Eriocnemis luciani",0
"Eriocnemis mosquera",0
"Aglaeactis pamela",0
"Coeligena wilsoni",0
"Coeligena torquata",1
"Coeligena consita",0
"Coeligena bonapartei",0
"Coeligena eos",0
"Pterophanes cyanopterus",0
"Boissonneaua matthewsii",0
"Boissonneaua jardini",0
"Ocreatus underwoodii",0
"Ocreatus addae",0
"Urochroa bougueri",0
"Urosticte benjamini",0
"Heliodoxa branickii",0
"Heliodoxa aurescens",0
"Heliodoxa rubinoides",0
"Patagona gigas",0
"Eugenes spectabilis",0
"Panterpe insignis",1
"Heliomaster constantii",0
"Lampornis amethystinus",0
"Lampornis cinereicauda",0
"Lampornis castaneoventris",0
"Calliphlox amethystina",0
"Rhodopis vesper",0
"Myrmia micrura",0
"Philodice bryantae",0
"Microstilbon burmeisteri",0
"Tilmatura dupontii",0
"Doricha eliza",0
"Calothorax pulcher",0
"Archilochus colubris",0
"Mellisuga minima",0
"Selasphorus rufus",0
"Selasphorus heloisa",0
"Selasphorus ellioti",0
"Selasphorus flammula",0
"Phaeoptila sordida",0
"Cynanthus auriceps",0
"Cynanthus forficatus",0
"Cynanthus canivetii",0
"Chlorostilbon alice",0
"Basilinna leucotis",0
"Pampa curvipennis",0
"Pampa rufa",0
"Abeillia abeillei",0
"Klais guimeti",0
"Anthocephala floriceps",0
"Stephanoxis lalandi",0
"Stephanoxis loddigesii",0
"Campylopterus largipennis",0
"Campylopterus hyperythrus",0
"Campylopterus ensipennis",0
"Campylopterus falcatus",0
"Campylopterus hemileucurus",0
"Thalurania furcata",0
"Microchera albocoronata",0
"Microchera cupreiceps",0
"Microchera chionura",0
"Goldmania bella",0
"Eupherusa poliocerca",0
"Eupherusa eximia",0
"Eupherusa nigriventris",0
"Phaeochroa cuvierii",0
"Leucippus fallax",0
"Thaumasius baeri",0
"Thaumasius taczanowskii",0
"Eupetomena macroura",0
"Eupetomena cirrochloris",0
"Trochilus polytmus",0
"Trochilus scitulus",0
"Saucerottia cyanocephala",0
"Saucerottia cyanura",0
"Saucerottia edward",0
"Saucerottia cupreicauda",1
"Amazilia rutila",0
"Amazilia yucatanensis",0
"Amazilia tzacatl",0
"Amazilia luciae",0
"Chrysuronia oenone",0
"Chrysuronia humboldtii",0
"Polyerata amabilis",0
"Polyerata decora",0
"Chlorestes candida",0
"Chlorestes eliciae",0
"Chlorestes julie",0
"Corythaixoides leopoldi",0
"Crinifer zonurus",0
"Gallirex johnstoni",0
"Tauraco hartlaubi",1
"Otis tarda",1
"Ardeotis australis",0
"Neotis ludwigii",1
"Eupodotis senegalensis",0
"Eupodotis caerulescens",0
"Heterotetrax vigorsii",0
"Lophotis ruficrista",0
"Afrotis afra",0
"Afrotis afraoides",0
"Lissotis melanogaster",0
"Tetrax tetrax",0
"Guira guira",1
"Crotophaga major",1
"Crotophaga ani",1
"Crotophaga sulcirostris",1
"Tapera naevia",0
"Dromococcyx phasianellus",0
"Dromococcyx pavoninus",0
"Geococcyx californianus",0
"Neomorphus geoffroyi",0
"Neomorphus squamiger",0
"Neomorphus radiolosus",0
"Neomorphus rufipennis",0
"Neomorphus pucheranii",0
"Centropus ateralbus",0
"Centropus celebensis",0
"Centropus sinensis",0
"Centropus toulou",0
"Centropus bengalensis",0
"Coua verreauxi",0
"Coua caerulea",0
"Coua ruficeps",0
"Coua olivaceiceps",0
"Coua coquereli",0
"Coua gigas",0
"Rhinortha chlorophaea",1
"Ceuthmochares aereus",0
"Ceuthmochares australis",0
"Zanclostomus javanicus",0
"Phaenicophaeus curvirostris",1
"Phaenicophaeus pyrrhocephalus",0
"Phaenicophaeus viridirostris",0
"Piaya cayana",0
"Piaya melanogaster",0
"Coccyzus melacoryphus",0
"Coccyzus americanus",0
"Coccyzus euleri",0
"Coccyzus minor",0
"Coccyzus ferrugineus",0
"Coccyzus erythropthalmus",0
"Coccyzus vieilloti",0
"Pachycoccyx audeberti",0
"Microdynamis parva",0
"Eudynamys scolopaceus",1
"Eudynamys orientalis",1
"Urodynamis taitensis",0
"Chalcites lucidus",1
"Chalcites minutillus",0
"Surniculus dicruroides",0
"Hierococcyx sparverioides",0
"Cuculus optatus",1
"Cuculus canorus",0
"Mesitornis variegatus",0
"Mesitornis unicolor",0
"Monias benschi",1
"Syrrhaptes tibetanus",1
"Pterocles alchata",1
"Pterocles personatus",1
"Columba livia",0
"Columba rupestris",0
"Columba leuconota",0
"Columba guinea",1
"Columba bollii",1
"Columba arquatrix",1
"Columba sjostedti",1
"Columba hodgsonii",1
"Columba pulchricollis",1
"Columba punicea",1
"Columba palumboides",0
"Columba janthina",1
"Columba vitiensis",1
"Columba leucomela",0
"Columba iriditorques",0
"Columba malherbii",0
"Ectopistes migratorius",0
"Patagioenas leucocephala",1
"Patagioenas speciosa",1
"Patagioenas picazuro",1
"Patagioenas maculosa",1
"Patagioenas fasciata",1
"Patagioenas araucana",1
"Patagioenas cayennensis",1
"Patagioenas oenops",0
"Patagioenas subvinacea",1
"Nesoenas mayeri",0
"Streptopelia lugens",1
"Streptopelia hypopyrrha",1
"Streptopelia xanthocycla",0
"Streptopelia roseogrisea",1
"Streptopelia vinacea",1
"Streptopelia tranquebarica",0
"Spilopelia chinensis",1
"Spilopelia senegalensis",0
"Macropygia unchall",1
"Macropygia amboinensis",1
"Macropygia doreya",1
"Macropygia emiliana",0
"Macropygia magna",0
"Macropygia tenuirostris",0
"Macropygia nigrirostris",0
"Macropygia mackinlayi",0
"Macropygia ruficeps",1
"Reinwardtoena reinwardti",0
"Reinwardtoena browni",0
"Reinwardtoena crassirostris",0
"Turacoena manadensis",0
"Turacoena sulaensis",0
"Turacoena modesta",0
"Turtur afer",0
"Turtur tympanistria",1
"Turtur brehmeri",0
"Oena capensis",1
"Chalcophaps indica",0
"Chalcophaps stephani",0
"Henicophaps albifrons",0
"Ocyphaps lophotes",1
"Geophaps plumifera",1
"Geophaps smithii",1
"Trugon terrestris",0
"Leucosarcia melanoleuca",0
"Geopelia cuneata",1
"Geopelia striata",0
"Geopelia placida",0
"Geopelia maugeus",1
"Geopelia humeralis",1
"Columbina squammata",0
"Columbina passerina",0
"Columbina minuta",0
"Columbina talpacoti",1
"Columbina picui",1
"Columbina cyanopis",0
"Claravis pretiosa",0
"Paraclaravis geoffroyi",1
"Paraclaravis mondetoura",1
"Metriopelia ceciliae",0
"Metriopelia morenoi",1
"Metriopelia melanoptera",1
"Metriopelia aymara",1
"Uropelia campestris",0
"Starnoenas cyanocephala",0
"Geotrygon purpurata",0
"Geotrygon saphirina",0
"Geotrygon montana",0
"Geotrygon mystacea",0
"Leptotrygon veraguensis",0
"Leptotila verreauxi",0
"Leptotila megalura",0
"Leptotila pallida",0
"Leptotila battyi",0
"Leptotila wellsi",0
"Leptotila jamaicensis",0
"Leptotila cassinii",0
"Leptotila ochraceiventris",0
"Zentrygon carrikeri",0
"Zentrygon costaricensis",0
"Zentrygon lawrencii",0
"Zentrygon frenata",0
"Zentrygon linearis",0
"Zentrygon chiriquensis",0
"Zenaida graysoni",0
"Zenaida auriculata",1
"Zenaida aurita",1
"Zenaida galapagoensis",0
"Zenaida asiatica",0
"Zenaida meloda",0
"Caloenas nicobarica",0
"Gallicolumba tristigmata",0
"Gallicolumba rufigula",0
"Pampusana hoedtii",0
"Microgoura meeki",1
"Otidiphaps nobilis",0
"Goura cristata",1
"Goura scheepmakeri",1
"Goura victoria",1
"Treron fulvicollis",0
"Treron olax",1
"Treron vernans",1
"Treron bicinctus",1
"Treron pompadora",1
"Treron affinis",1
"Treron axillaris",1
"Treron aromaticus",0
"Treron curvirostra",1
"Treron griseicauda",1
"Treron teysmannii",1
"Treron floris",1
"Treron psittaceus",1
"Treron capellei",1
"Treron phoenicopterus",1
"Treron waalia",1
"Treron australis",1
"Treron calvus",1
"Treron pembaensis",1
"Treron apicauda",1
"Treron oxyurus",1
"Treron sphenurus",1
"Treron sieboldii",1
"Ptilinopus alligator",0
"Megaloprepia magnifica",0
"Ptilinopus perlatus",1
"Ptilinopus ornatus",1
"Ptilinopus gestroi",0
"Ptilinopus aurantiifrons",1
"Ptilinopus superbus",1
"Ptilinopus perousii",1
"Ptilinopus porphyraceus",1
"Ptilinopus regina",0
"Ptilinopus richardsii",1
"Ptilinopus coronulatus",1
"Ptilinopus pulchellus",0
"Ptilinopus monacha",0
"Ptilinopus rivoli",0
"Ptilinopus solomonensis",0
"Ptilinopus viridis",1
"Ptilinopus iozonus",1
"Ptilinopus insolitus",1
"Ptilinopus hyogastrus",1
"Alectroenas madagascariensis",1
"Alectroenas sganzini",1
"Ducula forsteni",1
"Ducula mindorensis",0
"Ducula radiata",1
"Ducula carola",1
"Ducula aenea",0
"Ducula nicobarica",0
"Ducula concinna",1
"Ducula pacifica",1
"Ducula rubricera",1
"Ducula rufigaster",0
"Ducula chalconota",0
"Ducula rosacea",1
"Ducula whartoni",1
"Ducula pickeringii",0
"Ducula latrans",0
"Ducula bakeri",0
"Ducula pinon",1
"Ducula melanochroa",1
"Ducula mullerii",0
"Ducula zoeae",0
"Ducula badia",0
"Ducula lacernulata",0
"Ducula cineracea",0
"Ducula bicolor",1
"Ducula luctuosa",1
"Ducula spilorrhoa",0
"Ducula subflavescens",0
"Lopholaimus antarcticus",1
"Hemiphaga novaeseelandiae",1
"Hemiphaga chathamensis",0
"Cryptophaps poecilorrhoa",0
"Gymnophaps albertisii",1
"Gymnophaps mada",1
"Gymnophaps solomonensis",1
"Heliornis fulica",0
"Mentocrex kioloides",0
"Sarothrura pulchra",0
"Sarothrura rufa",0
"Sarothrura affinis",0
"Rallicula forbesi",1
"Rufirallus castaneiceps",0
"Aramides cajaneus",0
"Aramides ypecaha",0
"Rallus tenuirostris",0
"Rallus wetmorei",0
"Rallus semiplumbeus",0
"Rallus aequatorialis",0
"Rallus aquaticus",0
"Crex egregia",0
"Hypotaenidia insignis",0
"Porzana fluminea",1
"Tribonyx ventralis",0
"Tribonyx mortierii",1
"Gallinula tenebrosa",1
"Gallinula galeata",0
"Gallinula comeri",0
"Fulica cornuta",0
"Fulica armillata",0
"Fulica leucoptera",1
"Porphyrio alleni",0
"Porphyrio martinicus",0
"Porphyrio porphyrio",1
"Porphyrio madagascariensis",0
"Porphyrio poliocephalus",0
"Porphyrio pulverulentus",0
"Porphyrio melanotus",0
"Porphyrio mantelli",0
"Porphyrio hochstetteri",0
"Laterallus leucopyrrhus",0
"Porzana fasciata",0
"Coturnicops noveboracensis",1
"Laterallus exilis",0
"Laterallus melanophaius",0
"Zapornia flavirostra",0
"Zapornia paykullii",0
"Zapornia bicolor",0
"Zapornia pusilla",0
"Zapornia tabuensis",0
"Zapornia monasa",0
"Zapornia atra",0
"Zapornia palmeri",0
"Gymnocrex plumbeiventris",0
"Himantornis haematopus",0
"Amaurornis phoenicurus",0
"Amaurornis moluccana",0
"Psophia crepitans",1
"Psophia ochroptera",1
"Psophia leucoptera",1
"Psophia viridis",1
"Psophia dextralis",0
"Psophia obscura",1
"Grus rubicunda",1
"Anthropoides virgo",1
"Aramus guarauna",0
"Tachybaptus rufolavatus",0
"Tachybaptus tricolor",0
"Tachybaptus novaehollandiae",0
"Tachybaptus pelzelnii",0
"Tachybaptus dominicus",0
"Podilymbus podiceps",0
"Podilymbus gigas",0
"Rollandia rolland",0
"Rollandia microptera",0
"Poliocephalus poliocephalus",1
"Poliocephalus rufopectus",1
"Podiceps major",1
"Podiceps grisegena",1
"Podiceps cristatus",0
"Podiceps auritus",0
"Podiceps nigricollis",0
"Podiceps occipitalis",0
"Podiceps juninensis",0
"Podiceps taczanowskii",0
"Podiceps gallardoi",0
"Aechmophorus occidentalis",0
"Aechmophorus clarkii",0
"Phoenicopterus roseus",0
"Phoenicopterus ruber",0
"Phoenicopterus chilensis",0
"Phoeniconaias minor",0
"Phoenicoparrus andinus",0
"Phoenicoparrus jamesi",0
"Turnix tanki",0
"Turnix maculosus",0
"Turnix suscitator",0
"Turnix sylvaticus",0
"Turnix velox",1
"Turnix pyrrhothorax",0
"Turnix hottentottus",0
"Turnix castanotus",0
"Turnix olivii",0
"Turnix varius",0
"Turnix melanogaster",0
"Turnix nigricollis",0
"Ortyxelos meiffrenii",0
"Burhinus bistriatus",0
"Burhinus superciliaris",1
"Esacus recurvirostris",0
"Esacus magnirostris",0
"Burhinus capensis",0
"Burhinus vermiculatus",0
"Burhinus grallarius",0
"Burhinus oedicnemus",0
"Burhinus senegalensis",0
"Pluvianellus socialis",0
"Chionis minor",0
"Haematopus palliatus",0
"Haematopus meadewaldoi",0
"Himantopus himantopus",0
"Himantopus leucocephalus",0
"Himantopus mexicanus",0
"Himantopus melanurus",1
"Cladorhynchus leucocephalus",0
"Recurvirostra avosetta",0
"Recurvirostra americana",0
"Recurvirostra novaehollandiae",0
"Recurvirostra andina",0
"Pluvialis squatarola",1
"Pluvialis apricaria",0
"Oreopholus ruficollis",1
"Charadrius modestus",1
"Eudromias morinellus",1
"Charadrius hiaticula",0
"Charadrius semipalmatus",1
"Charadrius melodus",1
"Thinornis cucullatus",0
"Charadrius forbesi",0
"Charadrius tricollaris",0
"Elseyornis melanops",0
"Charadrius dubius",0
"Vanellus vanellus",1
"Vanellus armatus",0
"Vanellus spinosus",1
"Vanellus tectus",1
"Vanellus albiceps",1
"Vanellus lugubris",1
"Vanellus melanopterus",1
"Vanellus coronatus",1
"Vanellus senegallus",1
"Vanellus indicus",0
"Vanellus tricolor",1
"Vanellus miles",1
"Vanellus gregarius",1
"Vanellus leucurus",1
"Vanellus chilensis",1
"Erythrogonys cinctus",1
"Peltohyas australis",1
"Charadrius asiaticus",1
"Charadrius veredus",0
"Charadrius atrifrons",1
"Charadrius mongolus",1
"Charadrius leschenaultii",0
"Charadrius bicinctus",0
"Anarhynchus frontalis",0
"Charadrius obscurus",0
"Charadrius aquilonius",0
"Charadrius wilsonia",1
"Charadrius collaris",1
"Charadrius alticola",0
"Charadrius falklandicus",0
"Charadrius pecuarius",1
"Charadrius sanctaehelenae",0
"Charadrius ruficapillus",1
"Charadrius nivosus",1
"Charadrius pallidus",0
"Charadrius peronii",1
"Charadrius marginatus",0
"Charadrius alexandrinus",0
"Pluvianus aegyptius",0
"Rostratula australis",1
"Nycticryphes semicollaris",0
"Pedionomus torquatus",0
"Attagis gayi",0
"Thinocorus orbignyianus",0
"Thinocorus rumicivorus",0
"Bartramia longicauda",1
"Numenius phaeopus",1
"Numenius minutus",1
"Numenius borealis",1
"Numenius madagascariensis",0
"Numenius tenuirostris",0
"Limosa lapponica",1
"Limosa limosa",0
"Limosa haemastica",1
"Limosa fedoa",1
"Limnodromus semipalmatus",0
"Coenocorypha pusilla",0
"Coenocorypha huegeli",0
"Coenocorypha aucklandica",0
"Gallinago media",0
"Gallinago megala",0
"Gallinago hardwickii",0
"Gallinago nigripennis",0
"Gallinago undulata",0
"Gallinago paraguaiae",0
"Phalaropus lobatus",1
"Xenus cinereus",1
"Actitis hypoleucos",0
"Actitis macularius",0
"Tringa stagnatilis",1
"Tringa glareola",0
"Tringa totanus",1
"Tringa guttifer",1
"Tringa semipalmata",1
"Arenaria interpres",1
"Arenaria melanocephala",1
"Calidris canutus",1
"Calidris pugnax",1
"Calidris falcinellus",1
"Calidris himantopus",1
"Calidris subminuta",0
"Calidris ruficollis",1
"Calidris pygmaea",1
"Calidris subruficollis",1
"Calidris alba",1
"Calidris alpina",0
"Calidris maritima",0
"Calidris bairdii",1
"Calidris minuta",1
"Calidris fuscicollis",0
"Calidris melanotos",0
"Calidris pusilla",1
"Dromas ardeola",0
"Cursorius coromandelicus",1
"Stiltia isabella",0
"Glareola nuchalis",0
"Glareola cinerea",1
"Glareola lactea",0
"Glareola maldivarum",0
"Glareola nordmanni",1
"Glareola pratincola",0
"Glareola ocularis",0
"Rynchops flavirostris",0
"Rynchops albicollis",0
"Rynchops niger",1
"Gygis alba",0
"Gygis candida",0
"Anous stolidus",1
"Anous tenuirostris",0
"Anous minutus",0
"Anous albivittus",0
"Anous ceruleus",0
"Onychoprion aleuticus",0
"Onychoprion fuscatus",0
"Onychoprion anaethetus",0
"Onychoprion lunatus",0
"Sternula albifrons",0
"Sternula saundersi",0
"Sternula antillarum",0
"Sternula superciliaris",0
"Sternula lorata",1
"Sternula nereis",0
"Sternula balaenarum",1
"Phaetusa simplex",1
"Gelochelidon nilotica",0
"Gelochelidon macrotarsa",0
"Hydroprogne caspia",1
"Larosterna inca",1
"Chlidonias hybrida",0
"Chlidonias albostriatus",0
"Chlidonias niger",0
"Chlidonias leucopterus",0
"Sterna aurantia",0
"Sterna forsteri",1
"Sterna trudeaui",0
"Sterna paradisaea",0
"Sterna hirundinacea",0
"Sterna vittata",1
"Sterna virgata",0
"Sterna hirundo",0
"Sterna repressa",0
"Sterna sumatrana",0
"Sterna dougallii",0
"Sterna striata",0
"Sterna acuticauda",1
"Thalasseus sandvicensis",0
"Thalasseus acuflavidus",0
"Thalasseus elegans",0
"Thalasseus bengalensis",0
"Thalasseus albididorsalis",1
"Thalasseus maximus",1
"Thalasseus bergii",0
"Creagrus furcatus",0
"Hydrocoloeus minutus",0
"Rhodostethia rosea",0
"Rissa tridactyla",0
"Rissa brevirostris",0
"Pagophila eburnea",0
"Xema sabini",0
"Saundersilarus saundersi",0
"Larus genei",0
"Larus philadelphia",1
"Larus novaehollandiae",0
"Larus bulleri",0
"Larus serranus",0
"Larus maculipennis",0
"Larus ridibundus",0
"Larus brunnicephalus",0
"Larus cirrocephalus",0
"Larus hartlaubii",0
"Larus modestus",0
"Larus scoresbii",0
"Larus atricilla",0
"Larus pipixcan",0
"Larus fuliginosus",0
"Larus ichthyaetus",0
"Larus relictus",0
"Larus audouinii",0
"Larus melanocephalus",1
"Larus hemprichii",0
"Larus leucophthalmus",1
"Larus pacificus",0
"Larus belcheri",0
"Larus crassirostris",0
"Larus atlanticus",0
"Larus heermanni",0
"Larus canus",1
"Larus brachyrhynchus",0
"Larus delawarensis",0
"Larus livens",0
"Larus cachinnans",0
"Larus dominicanus",0
"Larus argentatus",0
"Larus michahellis",0
"Larus armenicus",0
"Larus marinus",0
"Larus hyperboreus",0
"Larus fuscus",0
"Larus californicus",0
"Larus smithsonianus",0
"Larus glaucescens",0
"Larus schistisagus",0
"Larus glaucoides",0
"Stercorarius parasiticus",0
"Stercorarius pomarinus",1
"Catharacta skua",1
"Catharacta chilensis",0
"Catharacta antarctica",0
"Catharacta maccormicki",1
"Cerorhinca monocerata",0
"Fratercula cirrhata",0
"Fratercula arctica",0
"Fratercula corniculata",0
"Ptychoramphus aleuticus",0
"Aethia pusilla",0
"Aethia pygmaea",0
"Aethia cristatella",0
"Aethia psittacula",0
"Brachyramphus brevirostris",0
"Brachyramphus marmoratus",0
"Cepphus grylle",0
"Cepphus carbo",0
"Cepphus columba",0
"Alca torda",0
"Pinguinus impennis",0
"Alle alle",0
"Uria lomvia",0
"Uria aalge",0
"Synthliboramphus antiquus",0
"Synthliboramphus wumizusume",1
"Synthliboramphus scrippsi",0
"Synthliboramphus hypoleucus",0
"Synthliboramphus craveri",0
"Rhynochetos jubatus",0
"Eurypyga helias",0
"Phaethon aethereus",0
"Phaethon rubricauda",0
"Phaethon lepturus",0
"Gavia stellata",1
"Gavia arctica",0
"Gavia pacifica",0
"Gavia immer",0
"Gavia adamsii",0
"Aptenodytes patagonicus",0
"Aptenodytes forsteri",0
"Pygoscelis adeliae",0
"Pygoscelis antarcticus",0
"Pygoscelis papua",0
"Eudyptula minor",0
"Spheniscus mendiculus",0
"Spheniscus humboldti",0
"Spheniscus magellanicus",0
"Spheniscus demersus",0
"Megadyptes antipodes",1
"Eudyptes chrysolophus",0
"Eudyptes schlegeli",0
"Eudyptes moseleyi",0
"Eudyptes filholi",0
"Eudyptes chrysocome",0
"Eudyptes pachyrhynchus",0
"Eudyptes robustus",0
"Eudyptes sclateri",0
"Oceanites oceanicus",0
"Oceanites gracilis",0
"Oceanites pincoyae",0
"Garrodia nereis",0
"Pelagodroma marina",1
"Fregetta grallaria",0
"Fregetta tropica",0
"Fregetta lineata",1
"Fregetta maoriana",0
"Nesofregetta fuliginosa",0
"Diomedea sanfordi",0
"Diomedea epomophora",0
"Diomedea exulans",0
"Diomedea dabbenena",0
"Diomedea antipodensis",0
"Phoebastria irrorata",0
"Phoebastria immutabilis",0
"Phoebastria nigripes",0
"Phoebastria albatrus",0
"Phoebetria fusca",0
"Phoebetria palpebrata",0
"Thalassarche chlororhynchos",0
"Thalassarche carteri",0
"Thalassarche chrysostoma",0
"Thalassarche bulleri",0
"Thalassarche cauta",0
"Thalassarche steadi",0
"Thalassarche salvini",0
"Thalassarche eremita",0
"Thalassarche melanophris",0
"Thalassarche impavida",0
"Hydrobates pelagicus",0
"Hydrobates furcatus",0
"Hydrobates hornbyi",1
"Hydrobates monorhis",0
"Hydrobates matsudairae",0
"Hydrobates leucorhous",0
"Hydrobates socorroensis",0
"Hydrobates cheimomnestes",0
"Hydrobates homochroa",0
"Hydrobates castro",0
"Hydrobates jabejabe",0
"Hydrobates tethys",0
"Hydrobates melania",0
"Hydrobates markhami",0
"Hydrobates tristrami",0
"Hydrobates microsoma",0
"Macronectes giganteus",0
"Macronectes halli",0
"Fulmarus glacialis",0
"Fulmarus glacialoides",0
"Thalassoica antarctica",0
"Daption capense",0
"Pagodroma nivea",0
"Halobaena caerulea",0
"Pachyptila vittata",0
"Pachyptila salvini",0
"Pachyptila macgillivrayi",0
"Pachyptila desolata",0
"Pachyptila belcheri",0
"Pachyptila turtur",0
"Pachyptila crassirostris",0
"Aphrodroma brevirostris",0
"Pterodroma macroptera",0
"Pterodroma lessonii",1
"Pterodroma gouldi",0
"Pterodroma incerta",0
"Pterodroma solandri",0
"Pterodroma magentae",0
"Pterodroma ultima",0
"Pterodroma mollis",0
"Pterodroma madeira",0
"Pterodroma feae",0
"Pterodroma cahow",0
"Pterodroma hasitata",1
"Pterodroma externa",0
"Pterodroma neglecta",0
"Pterodroma heraldica",0
"Pterodroma arminjoniana",0
"Pterodroma atrata",0
"Pterodroma alba",0
"Pterodroma baraui",0
"Pterodroma sandwichensis",0
"Pterodroma phaeopygia",0
"Pterodroma inexpectata",0
"Pterodroma cervicalis",0
"Pterodroma nigripennis",0
"Pterodroma axillaris",0
"Pterodroma hypoleuca",0
"Pterodroma leucoptera",0
"Pterodroma brevipes",1
"Pterodroma cookii",0
"Pterodroma defilippiana",0
"Pterodroma longirostris",0
"Pterodroma pycrofti",0
"Pseudobulweria aterrima",0
"Pseudobulweria rostrata",0
"Pseudobulweria becki",0
"Procellaria cinerea",0
"Procellaria aequinoctialis",0
"Procellaria conspicillata",0
"Procellaria parkinsoni",0
"Procellaria westlandica",0
"Calonectris leucomelas",0
"Calonectris borealis",0
"Calonectris diomedea",0
"Calonectris edwardsii",0
"Ardenna pacifica",0
"Ardenna bulleri",0
"Ardenna grisea",0
"Ardenna tenuirostris",0
"Ardenna creatopus",1
"Ardenna carneipes",0
"Ardenna gravis",0
"Puffinus nativitatis",0
"Puffinus puffinus",0
"Puffinus yelkouan",0
"Puffinus opisthomelas",1
"Puffinus auricularis",0
"Puffinus newelli",0
"Puffinus myrtae",0
"Puffinus gavia",0
"Puffinus huttoni",0
"Puffinus lherminieri",0
"Puffinus bailloni",0
"Puffinus subalaris",0
"Puffinus assimilis",0
"Puffinus elegans",0
"Puffinus baroli",0
"Puffinus boydi",0
"Pelecanoides garnotii",1
"Pelecanoides magellani",0
"Pelecanoides georgicus",0
"Pelecanoides whenuahouensis",0
"Pelecanoides urinatrix",0
"Bulweria bulwerii",0
"Bulweria fallax",0
"Anastomus lamelligerus",0
"Anastomus oscitans",0
"Leptoptilos crumenifer",0
"Leptoptilos javanicus",0
"Leptoptilos dubius",0
"Mycteria americana",0
"Mycteria ibis",0
"Mycteria leucocephala",0
"Mycteria cinerea",0
"Jabiru mycteria",0
"Ephippiorhynchus senegalensis",0
"Ephippiorhynchus asiaticus",0
"Ciconia abdimii",0
"Ciconia microscelis",0
"Ciconia episcopus",0
"Ciconia stormi",0
"Ciconia nigra",1
"Ciconia maguari",0
"Ciconia ciconia",0
"Ciconia boyciana",0
"Fregata aquila",0
"Fregata magnificens",0
"Fregata ariel",0
"Fregata minor",0
"Fregata andrewsi",0
"Papasula abbotti",0
"Morus bassanus",1
"Morus capensis",0
"Morus serrator",0
"Sula sula",0
"Sula leucogaster",0
"Sula brewsteri",0
"Sula dactylatra",0
"Sula granti",0
"Sula nebouxii",0
"Sula variegata",0
"Anhinga anhinga",0
"Anhinga novaehollandiae",0
"Anhinga melanogaster",0
"Anhinga rufa",0
"Microcarbo pygmaeus",0
"Microcarbo africanus",0
"Microcarbo coronatus",1
"Microcarbo niger",0
"Microcarbo melanoleucos",0
"Poikilocarbo gaimardi",0
"Urile penicillatus",0
"Urile urile",0
"Urile pelagicus",0
"Phalacrocorax neglectus",0
"Phalacrocorax nigrogularis",0
"Phalacrocorax punctatus",0
"Phalacrocorax fuscescens",0
"Phalacrocorax varius",0
"Phalacrocorax sulcirostris",0
"Phalacrocorax fuscicollis",0
"Phalacrocorax capensis",0
"Phalacrocorax capillatus",0
"Phalacrocorax carbo",0
"Gulosus aristotelis",0
"Nannopterum harrisi",0
"Nannopterum brasilianum",0
"Nannopterum auritum",0
"Leucocarbo magellanicus",0
"Leucocarbo bougainvilliorum",0
"Leucocarbo ranfurlyi",0
"Leucocarbo carunculatus",0
"Leucocarbo onslowi",0
"Leucocarbo chalconotus",1
"Leucocarbo colensoi",0
"Leucocarbo campbelli",0
"Leucocarbo atriceps",0
"Leucocarbo georgianus",0
"Leucocarbo melanogenis",0
"Leucocarbo bransfieldensis",0
"Leucocarbo verrucosus",0
"Leucocarbo nivalis",0
"Leucocarbo purpurascens",0
"Threskiornis aethiopicus",0
"Threskiornis bernieri",0
"Threskiornis melanocephalus",0
"Threskiornis moluccus",0
"Threskiornis spinicollis",0
"Pseudibis papillosa",0
"Pseudibis davisoni",0
"Thaumatibis gigantea",0
"Geronticus eremita",0
"Geronticus calvus",0
"Nipponia nippon",1
"Bostrychia rara",0
"Bostrychia hagedash",1
"Bostrychia carunculata",0
"Theristicus caerulescens",0
"Theristicus caudatus",1
"Theristicus melanopis",1
"Cercibis oxycerca",0
"Mesembrinibis cayennensis",0
"Phimosus infuscatus",0
"Eudocimus albus",0
"Eudocimus ruber",1
"Plegadis falcinellus",0
"Plegadis chihi",0
"Plegadis ridgwayi",1
"Lophotibis cristata",0
"Platalea leucorodia",0
"Platalea minor",1
"Platalea alba",0
"Platalea regia",0
"Platalea flavipes",0
"Platalea ajaja",0
"Tigriornis leucolopha",0
"Tigrisoma lineatum",0
"Tigrisoma mexicanum",0
"Tigrisoma fasciatum",0
"Cochlearius cochlearius",1
"Agamia agami",0
"Zebrilus undulatus",0
"Botaurus stellaris",0
"Botaurus poiciloptilus",0
"Botaurus lentiginosus",0
"Botaurus pinnatus",0
"Ixobrychus involucris",0
"Ixobrychus exilis",1
"Ixobrychus flavicollis",0
"Ixobrychus cinnamomeus",0
"Ixobrychus eurhythmus",0
"Ixobrychus sturmii",0
"Ixobrychus minutus",0
"Ixobrychus sinensis",0
"Ixobrychus dubius",0
"Nyctanassa violacea",0
"Nycticorax nycticorax",0
"Nycticorax caledonicus",0
"Gorsachius melanolophus",0
"Gorsachius goisagi",0
"Pilherodius pileatus",0
"Syrigma sibilatrix",1
"Egretta caerulea",0
"Egretta tricolor",0
"Egretta rufescens",0
"Egretta vinaceigula",0
"Egretta ardesiaca",0
"Egretta sacra",1
"Egretta eulophotes",0
"Egretta thula",0
"Egretta garzetta",0
"Egretta gularis",0
"Egretta picata",0
"Egretta novaehollandiae",1
"Calherodius leuconotus",0
"Oroanassa magnifica",0
"Butorides atricapilla",0
"Butorides striata",0
"Butorides virescens",0
"Zonerodius heliosylus",0
"Ardeola rufiventris",0
"Ardeola ralloides",0
"Ardeola idae",0
"Ardeola grayii",1
"Ardeola bacchus",0
"Ardeola speciosa",0
"Ardea pacifica",0
"Ardea alba",0
"Ardea brachyrhyncha",0
"Ardea intermedia",0
"Ardea plumifera",0
"Bubulcus ibis",0
"Ardea coromanda",0
"Ardea cinerea",0
"Ardea herodias",0
"Ardea cocoi",1
"Ardea purpurea",1
"Ardea insignis",0
"Ardea sumatrana",0
"Ardea melanocephala",0
"Ardea goliath",0
"Scopus umbretta",0
"Balaeniceps rex",0
"Pelecanus onocrotalus",0
"Pelecanus rufescens",0
"Pelecanus philippensis",1
"Pelecanus crispus",0
"Pelecanus erythrorhynchos",0
"Pelecanus occidentalis",0
"Pelecanus thagus",0
"Opisthocomus hoazin",1
"Sarcoramphus papa",0
"Coragyps atratus",0
"Cathartes aura",1
"Cathartes burrovianus",0
"Cathartes melambrotus",0
"Pandion haliaetus",1
"Chelictinia riocourii",1
"Elanus axillaris",1
"Elanus scriptus",1
"Gypaetus barbatus",0
"Neophron percnopterus",0
"Chondrohierax uncinatus",0
"Elanoides forficatus",1
"Hamirostra melanosternon",0
"Lophoictinia isura",0
"Aegypius monachus",1
"Gyps himalayensis",1
"Gyps bengalensis",0
"Gyps africanus",1
"Gyps indicus",0
"Gyps coprotheres",0
"Gyps rueppelli",0
"Gyps fulvus",1
"Morphnus guianensis",0
"Harpia harpyja",0
"Spizaetus tyrannus",0
"Spizaetus melanoleucus",0
"Spizaetus ornatus",0
"Hieraaetus morphnoides",0
"Aquila heliaca",0
"Aquila audax",0
"Micronisus gabar",0
"Accipiter tachiro",0
"Accipiter cirrocephalus",0
"Accipiter poliocephalus",0
"Accipiter novaehollandiae",0
"Accipiter rufitorques",0
"Accipiter fasciatus",0
"Erythrotriorchis radiatus",0
"Accipiter striatus",0
"Accipiter bicolor",0
"Accipiter cooperii",0
"Accipiter gentilis",0
"Accipiter meyerianus",0
"Circus assimilis",0
"Circus macrourus",1
"Circus cyaneus",1
"Circus cinereus",0
"Circus pygargus",1
"Circus aeruginosus",1
"Circus approximans",0
"Accipiter superciliosus",0
"Milvus migrans",0
"Milvus aegyptius",0
"Haliastur indus",0
"Haliastur sphenurus",0
"Haliaeetus leucoryphus",0
"Haliaeetus albicilla",0
"Haliaeetus leucocephalus",0
"Haliaeetus vocifer",1
"Haliaeetus leucogaster",0
"Ictinia mississippiensis",1
"Ictinia plumbea",0
"Rostrhamus sociabilis",0
"Buteogallus anthracinus",1
"Buteogallus aequinoctialis",0
"Buteogallus lacernulatus",0
"Buteogallus urubitinga",0
"Buteogallus coronatus",0
"Rupornis magnirostris",0
"Parabuteo unicinctus",0
"Pseudastur albicollis",0
"Geranoaetus albicaudatus",0
"Geranoaetus melanoleucus",0
"Leucopternis kuhli",0
"Buteo platypterus",0
"Buteo lineatus",0
"Buteo ridgwayi",0
"Buteo albonotatus",0
"Buteo brachyurus",0
"Buteo swainsoni",0
"Buteo galapagoensis",0
"Buteo jamaicensis",0
"Tyto tenebricosa",0
"Tyto inexspectata",0
"Tyto nigrobrunnea",0
"Tyto aurantia",0
"Tyto novaehollandiae",0
"Tyto rosenbergii",0
"Tyto soumagnei",0
"Tyto alba",0
"Tyto furcata",0
"Tyto javanica",0
"Tyto glaucops",0
"Tyto capensis",0
"Tyto longimembris",1
"Ninox rudolfi",0
"Ninox scutulata",0
"Ninox natalis",0
"Ninox theomacha",0
"Ninox punctulata",0
"Ninox odiosa",0
"Athene cunicularia",0
"Athene brama",0
"Athene jacquinoti",0
"Glaucidium palmarum",0
"Glaucidium hardyi",0
"Glaucidium brasilianum",0
"Otus scops",0
"Otus cyprius",1
"Otus senegalensis",0
"Pyrroglaux podargina",0
"Ptilopsis leucotis",0
"Asio clamator",0
"Asio otus",1
"Asio abyssinicus",1
"Asio flammeus",0
"Bubo virginianus",0
"Bubo bubo",0
"Bubo milesi",0
"Psiloscops flammeolus",0
"Gymnasio nudipes",0
"Megascops choliba",0
"Megascops ingens",0
"Megascops centralis",0
"Megascops atricapilla",0
"Pulsatrix perspicillata",0
"Pulsatrix koeniswaldiana",0
"Lophostrix cristata",0
"Urocolius indicus",0
"Apaloderma narina",0
"Pharomachrus pavoninus",0
"Priotelus temnurus",0
"Trogon melanurus",0
"Trogon citreolus",0
"Trogon viridis",0
"Trogon ramonianus",0
"Trogon violaceus",1
"Trogon curucui",1
"Trogon tenellus",0
"Trogon cupreicauda",0
"Trogon rufus",1
"Trogon chrysochloros",1
"Trogon collaris",0
"Upupa epops",0
"Rhinopomastus castaneiceps",0
"Phoeniculus bollei",1
"Phoeniculus purpureus",1
"Phoeniculus somaliensis",1
"Phoeniculus damarensis",1
"Rhinopomastus aterrimus",0
"Rhinopomastus cyanomelas",0
"Rhinopomastus minor",0
"Bucorvus abyssinicus",1
"Bucorvus leadbeateri",1
"Tockus kempi",1
"Tockus erythrorhynchus",1
"Tockus deckeni",0
"Tockus leucomelas",0
"Tockus flavirostris",0
"Lophoceros fasciatus",1
"Lophoceros camurus",1
"Bycanistes fistulator",1
"Bycanistes cylindricus",0
"Ceratogymna atrata",0
"Horizocerus hartlaubi",0
"Horizocerus albocristatus",0
"Berenicornis comatus",0
"Buceros rhinoceros",0
"Buceros bicornis",1
"Rhinoplax vigil",0
"Anthracoceros albirostris",0
"Anthracoceros coronatus",1
"Anthracoceros montani",0
"Anthracoceros malayanus",0
"Ocyceros griseus",0
"Ocyceros gingalensis",0
"Ocyceros birostris",0
"Anorrhinus tickelli",0
"Anorrhinus austeni",1
"Anorrhinus galeritus",0
"Aceros nipalensis",0
"Rhyticeros plicatus",0
"Rhyticeros narcondami",0
"Rhyticeros undulatus",0
"Rhyticeros everetti",0
"Rhyticeros subruficollis",0
"Rhyticeros cassidix",0
"Rhabdotorrhinus waldeni",1
"Rhabdotorrhinus leucocephalus",0
"Rhabdotorrhinus exarhatus",0
"Rhabdotorrhinus corrugatus",0
"Penelopides manillae",0
"Penelopides mindorensis",0
"Penelopides affinis",0
"Penelopides panini",0
"Coracias garrulus",1
"Coracias cyanogaster",1
"Eurystomus orientalis",0
"Uratelornis chimaera",0
"Cittura cyanotis",0
"Dacelo tyro",1
"Dacelo novaeguineae",0
"Dacelo leachii",1
"Halcyon smyrnensis",0
"Halcyon chelicuti",0
"Todiramphus macleayii",0
"Todiramphus chloris",0
"Todiramphus pelewensis",0
"Todiramphus sanctus",0
"Todiramphus tutus",0
"Ispidina picta",0
"Alcedo meninting",0
"Alcedo atthis",0
"Ceyx rufidorsa",0
"Chloroceryle aenea",0
"Chloroceryle americana",0
"Megaceryle maxima",0
"Megaceryle torquata",0
"Ceryle rudis",0
"Todus multicolor",0
"Todus angustirostris",0
"Todus mexicanus",0
"Momotus bahamensis",1
"Momotus momota",0
"Baryphthengus martii",0
"Baryphthengus ruficapillus",0
"Electron platyrhynchum",0
"Eumomota superciliosa",0
"Nyctyornis amictus",0
"Nyctyornis athertoni",0
"Merops breweri",1
"Merops mentalis",0
"Merops gularis",0
"Merops hirundineus",1
"Merops variegatus",0
"Merops lafresnayii",1
"Merops oreobates",0
"Merops bulocki",0
"Merops bullockoides",0
"Merops revoilii",0
"Merops albicollis",1
"Merops boehmi",1
"Merops cyanophrys",0
"Merops orientalis",0
"Merops persicus",1
"Merops superciliosus",0
"Merops philippinus",0
"Merops ornatus",1
"Merops viridis",0
"Merops americanus",1
"Merops leschenaulti",1
"Merops malimbicus",0
"Merops nubicus",0
"Galbalcyrhynchus leucotis",0
"Galbalcyrhynchus purusianus",0
"Brachygalba salmoni",0
"Brachygalba goeringi",0
"Brachygalba lugubris",0
"Brachygalba albogularis",0
"Jacamaralcyon tridactyla",0
"Galbula albirostris",0
"Galbula cyanicollis",0
"Galbula ruficauda",0
"Galbula galbula",0
"Galbula tombacea",0
"Galbula chalcothorax",0
"Galbula leucogastra",0
"Galbula dea",0
"Jacamerops aureus",0
"Notharchus tectus",0
"Cyphos macrodactylus",0
"Bucco capensis",0
"Nystalus obamai",0
"Malacoptila striata",0
"Malacoptila fusca",0
"Malacoptila rufa",0
"Micromonacha lanceolata",0
"Nonnula rubecula",0
"Nonnula sclateri",0
"Monasa nigrifrons",0
"Monasa morphoeus",0
"Monasa flavirostris",0
"Chelidoptera tenebrosa",0
"Capito aurovirens",0
"Capito fitzpatricki",1
"Capito maculicoronatus",1
"Capito squamatus",0
"Capito hypoleucus",0
"Capito dayi",0
"Capito brunneipectus",0
"Capito niger",0
"Capito auratus",0
"Capito quinticolor",0
"Eubucco richardsoni",0
"Eubucco aurantiicollis",0
"Eubucco bourcierii",1
"Eubucco versicolor",0
"Eubucco steerii",0
"Eubucco glaucogularis",0
"Semnornis frantzii",0
"Semnornis ramphastinus",0
"Ramphastos toco",1
"Ramphastos ambiguus",0
"Ramphastos tucanus",1
"Ramphastos dicolorus",1
"Ramphastos brevis",0
"Ramphastos sulfuratus",1
"Ramphastos vitellinus",0
"Pteroglossus bailloni",0
"Pteroglossus viridis",0
"Pteroglossus inscriptus",0
"Pteroglossus humboldti",0
"Pteroglossus beauharnaisii",1
"Pteroglossus bitorquatus",0
"Pteroglossus sturmii",0
"Pteroglossus azara",0
"Pteroglossus castanotis",1
"Pteroglossus pluricinctus",0
"Pteroglossus aracari",0
"Pteroglossus frantzii",1
"Pteroglossus torquatus",1
"Pteroglossus sanguineus",1
"Andigena laminirostris",1
"Andigena nigrirostris",0
"Andigena cucullata",0
"Andigena hypoglauca",0
"Selenidera spectabilis",0
"Selenidera piperivora",0
"Selenidera reinwardtii",0
"Selenidera langsdorffii",0
"Selenidera maculirostris",0
"Selenidera gouldii",0
"Aulacorhynchus prasinus",0
"Aulacorhynchus atrogularis",1
"Aulacorhynchus cyanolaemus",1
"Aulacorhynchus huallagae",0
"Aulacorhynchus coeruleicinctis",0
"Aulacorhynchus haematopygus",0
"Aulacorhynchus whitelianus",0
"Aulacorhynchus derbianus",0
"Aulacorhynchus sulcatus",0
"Psilopogon pyrolophus",0
"Psilopogon viridis",0
"Psilopogon corvinus",0
"Psilopogon franklinii",1
"Psilopogon australis",1
"Psilopogon cyanotis",0
"Psilopogon duvaucelii",1
"Psilopogon rubricapillus",1
"Psilopogon haemacephalus",1
"Caloramphus fuliginosus",1
"Caloramphus hayii",1
"Trachylaemus goffinii",0
"Trachylaemus togoensis",0
"Trachyphonus erythrocephalus",1
"Trachyphonus margaritatus",1
"Trachyphonus darnaudii",1
"Trachyphonus emini",1
"Trachyphonus usambiro",1
"Cryptolybia olivacea",1
"Gymnobucco bonapartei",1
"Gymnobucco cinereiceps",0
"Gymnobucco sladeni",1
"Gymnobucco peli",0
"Gymnobucco calvus",1
"Gymnobucco vernayi",1
"Stactolaema leucotis",1
"Stactolaema whytii",1
"Stactolaema anchietae",1
"Pogoniulus scolopaceus",0
"Pogoniulus simplex",0
"Pogoniulus chrysoconus",1
"Buccanodon duchaillui",1
"Tricholaema frontata",0
"Lybius undatus",0
"Lybius vieilloti",1
"Lybius leucocephalus",1
"Lybius chaplini",1
"Lybius rubrifacies",1
"Lybius guifsobalito",0
"Lybius torquatus",1
"Pogonornis melanopterus",1
"Pogonornis minor",0
"Pogonornis dubius",1
"Indicator willcocksi",1
"Indicator minor",1
"Indicator variegatus",1
"Melichneutes robustus",0
"Jynx ruficollis",0
"Picumnus innominatus",0
"Picumnus aurifrons",0
"Picumnus exilis",0
"Picumnus squamulatus",0
"Picumnus nigropunctatus",0
"Picumnus spilogaster",0
"Picumnus steindachneri",0
"Picumnus cirratus",0
"Picumnus dorbignyanus",0
"Picumnus rufiventris",0
"Picumnus limae",0
"Picumnus nebulosus",0
"Picumnus castelnau",0
"Picumnus olivaceus",0
"Picumnus cinnamomeus",0
"Verreauxia africana",0
"Sasia abnormis",0
"Sasia ochracea",0
"Nesoctites micromegas",0
"Hemicircus concretus",0
"Hemicircus sordidus",0
"Hemicircus canente",0
"Melanerpes candidus",0
"Melanerpes herminieri",0
"Melanerpes portoricensis",0
"Melanerpes erythrocephalus",0
"Melanerpes formicivorus",0
"Melanerpes cruentatus",1
"Melanerpes flavifrons",1
"Melanerpes chrysauchen",0
"Melanerpes pucherani",0
"Melanerpes cactorum",0
"Melanerpes striatus",1
"Melanerpes radiolatus",0
"Melanerpes chrysogenys",0
"Melanerpes hypopolius",0
"Melanerpes rubricapillus",0
"Melanerpes uropygialis",0
"Melanerpes hoffmannii",0
"Melanerpes aurifrons",0
"Melanerpes carolinus",0
"Melanerpes superciliaris",0
"Sphyrapicus thyroideus",0
"Sphyrapicus varius",0
"Sphyrapicus nuchalis",0
"Sphyrapicus ruber",0
"Xiphidiopicus percussus",0
"Pardipicus nivosus",0
"Geocolaptes olivaceus",0
"Campethera punctuligera",0
"Campethera bennettii",0
"Campethera scriptoricauda",0
"Campethera nubica",0
"Campethera abingoni",0
"Campethera mombassica",0
"Campethera notata",0
"Campethera maculosa",0
"Campethera cailliautii",0
"Campethera tullbergi",0
"Campethera taeniolaema",0
"Picoides nanus",0
"Picoides canicapillus",0
"Picoides maculatus",0
"Picoides moluccensis",0
"Picoides kizuki",0
"Picoides arcticus",0
"Dendropicos dorae",0
"Leiopicus auriceps",0
"Leiopicus medius",0
"Leiopicus mahrattensis",0
"Dendropicos namaquus",0
"Dendropicos xantholophus",0
"Dendropicos pyrrhogaster",0
"Dendropicos poecilolaemus",0
"Dendropicos fuscescens",0
"Dendropicos gabonensis",0
"Dendropicos lugubris",0
"Dendropicos stierlingi",0
"Dendropicos elliotii",0
"Dendropicos johnstoni",0
"Dendropicos goertae",0
"Dendropicos spodocephalus",0
"Dendropicos griseocephalus",0
"Dendropicos obsoletus",0
"Dryobates nuttallii",0
"Dryobates scalaris",0
"Dryobates pubescens",1
"Dryobates cathpharius",0
"Dryobates pernyii",0
"Dryobates minor",0
"Veniliornis passerinus",0
"Veniliornis mixtus",0
"Veniliornis lignarius",0
"Veniliornis callonotus",0
"Veniliornis dignus",0
"Veniliornis nigriceps",0
"Veniliornis sanguineus",0
"Veniliornis kirkii",0
"Veniliornis affinis",0
"Veniliornis chocoensis",0
"Veniliornis cassini",0
"Veniliornis maculifrons",0
"Leuconotopicus borealis",1
"Leuconotopicus fumigatus",0
"Leuconotopicus stricklandi",0
"Leuconotopicus villosus",0
"Leuconotopicus albolarvatus",0
"Dendrocopos hyperythrus",0
"Dendrocopos macei",0
"Dendrocopos analis",0
"Dendrocopos atratus",0
"Dendrocopos darjellensis",0
"Dendrocopos himalayensis",0
"Dendrocopos assimilis",0
"Dendrocopos syriacus",0
"Dendrocopos major",0
"Dendrocopos owstoni",0
"Piculus simplex",0
"Piculus callopterus",0
"Piculus leucolaemus",0
"Piculus litae",0
"Piculus flavigula",0
"Piculus chrysochloros",0
"Piculus aurulentus",0
"Colaptes rubiginosus",0
"Colaptes aeruginosus",0
"Colaptes rivolii",0
"Colaptes atriceps",0
"Colaptes atricollis",0
"Colaptes punctigula",0
"Colaptes melanochloros",0
"Colaptes melanolaimus",0
"Colaptes auratus",1
"Colaptes cafer",1
"Colaptes chrysoides",0
"Colaptes fernandinae",0
"Colaptes pitius",1
"Colaptes rupicola",1
"Colaptes cinereicapillus",1
"Colaptes campestris",0
"Colaptes campestroides",1
"Celeus loricatus",0
"Celeus undatus",0
"Celeus castaneus",0
"Celeus elegans",0
"Celeus flavescens",0
"Celeus ochraceus",0
"Celeus flavus",0
"Celeus spectabilis",0
"Celeus obrieni",0
"Celeus torquatus",0
"Celeus occidentalis",0
"Celeus tinnunculus",0
"Celeus galeatus",0
"Hylatomus schulzii",0
"Hylatomus lineatus",0
"Hylatomus fuscipennis",0
"Hylatomus pileatus",0
"Dryocopus javensis",0
"Dryocopus hodgei",0
"Dryocopus martius",0
"Campephilus pollens",0
"Campephilus splendens",0
"Campephilus haematogaster",0
"Campephilus rubricollis",0
"Campephilus robustus",0
"Campephilus melanoleucos",0
"Campephilus guatemalensis",0
"Campephilus gayaquilensis",0
"Campephilus leucopogon",0
"Campephilus magellanicus",0
"Campephilus principalis",1
"Campephilus imperialis",0
"Chrysophlegma miniaceum",0
"Chrysophlegma mentale",0
"Chrysophlegma humii",0
"Chrysophlegma flavinucha",0
"Picus chlorolophus",0
"Picus puniceus",0
"Picus vittatus",0
"Picus xanthopygaeus",0
"Picus squamatus",0
"Picus viridis",0
"Picus vaillantii",0
"Picus rabieri",0
"Picus erythropygius",0
"Picus canus",0
"Picus guerini",0
"Picus dedemi",0
"Dinopium javanense",0
"Dinopium everetti",0
"Dinopium benghalense",0
"Dinopium psarodes",0
"Chrysocolaptes validus",0
"Chrysocolaptes lucidus",0
"Chrysocolaptes haematribon",0
"Chrysocolaptes strictus",0
"Chrysocolaptes guttacristatus",0
"Chrysocolaptes stricklandi",0
"Chrysocolaptes festivus",0
"Gecinulus grantia",0
"Gecinulus viridis",0
"Chloropicoides rafflesii",0
"Blythipicus rubiginosus",0
"Blythipicus pyrrhotis",0
"Micropternus brachyurus",0
"Meiglyptes grammithorax",0
"Meiglyptes tristis",0
"Meiglyptes jugularis",0
"Meiglyptes tukki",0
"Mulleripicus fulvus",0
"Mulleripicus funebris",0
"Mulleripicus pulverulentus",0
"Cariama cristata",0
"Caracara plancus",0
"Ibycter americanus",0
"Daptrius ater",0
"Phalcoboenus chimango",0
"Phalcoboenus australis",1
"Phalcoboenus megalopterus",0
"Phalcoboenus albogularis",1
"Herpetotheres cachinnans",0
"Micrastur gilvicollis",0
"Polihierax semitorquatus",0
"Microhierax latifrons",0
"Falco naumanni",0
"Falco tinnunculus",0
"Falco rupicolus",0
"Falco cenchroides",1
"Falco sparverius",0
"Falco alopex",0
"Falco chicquera",0
"Falco vespertinus",0
"Falco amurensis",1
"Falco eleonorae",0
"Falco concolor",1
"Falco femoralis",0
"Falco columbarius",0
"Falco rufigularis",0
"Falco deiroleucus",0
"Falco subbuteo",0
"Falco longipennis",0
"Falco novaeseelandiae",0
"Falco berigora",0
"Falco hypoleucos",0
"Falco subniger",0
"Falco cherrug",0
"Falco rusticolus",0
"Falco mexicanus",0
"Falco peregrinus",0
"Strigops habroptilus",0
"Zanda funerea",1
"Zanda baudinii",1
"Zanda latirostris",1
"Calyptorhynchus lathami",1
"Nymphicus hollandicus",1
"Probosciger aterrimus",1
"Callocephalon fimbriatum",1
"Eolophus roseicapilla",1
"Cacatua leadbeateri",1
"Cacatua haematuropygia",0
"Cacatua goffiniana",1
"Cacatua ducorpsii",0
"Cacatua sanguinea",1
"Cacatua alba",0
"Cacatua ophthalmica",0
"Cacatua moluccensis",0
"Cacatua sulphurea",1
"Cacatua citrinocristata",1
"Cacatua galerita",1
"Psittacus erithacus",1
"Poicephalus gulielmi",1
"Poicephalus fuscicollis",1
"Poicephalus robustus",1
"Poicephalus rufiventris",1
"Touit huetii",1
"Touit costaricensis",0
"Touit purpuratus",1
"Touit melanonotus",1
"Touit surdus",0
"Touit stictopterus",1
"Psilopsiagon aurifrons",1
"Bolborhynchus lineola",1
"Bolborhynchus orbygnesius",1
"Myiopsitta monachus",0
"Brotogeris tirica",1
"Brotogeris versicolurus",1
"Brotogeris chiriri",1
"Brotogeris pyrrhoptera",1
"Brotogeris cyanoptera",1
"Brotogeris chrysoptera",1
"Pionopsitta pileata",1
"Triclaria malachitacea",0
"Pyrilia vulturina",0
"Hapalopsittaca fuertesi",1
"Hapalopsittaca melanotis",1
"Pionus fuscus",0
"Pionus menstruus",1
"Amazona festiva",0
"Amazona vinacea",1
"Amazona agilis",1
"Amazona finschi",1
"Amazona autumnalis",1
"Amazona xantholora",1
"Amazona oratrix",1
"Amazona auropalliata",1
"Amazona ochrocephala",1
"Amazona aestiva",0
"Amazona mercenarius",1
"Amazona farinosa",1
"Amazona imperialis",0
"Amazona brasiliensis",1
"Amazona amazonica",1
"Forpus cyanopygius",0
"Forpus xanthopterygius",1
"Forpus passerinus",1
"Forpus conspicillatus",1
"Forpus coelestis",1
"Forpus xanthops",0
"Pionites melanocephalus",1
"Pionites leucogaster",1
"Pionites xanthurus",1
"Deroptyus accipitrinus",0
"Pyrrhura devillei",1
"Pyrrhura frontalis",1
"Pyrrhura perlata",1
"Pyrrhura molinae",1
"Pyrrhura pfrimeri",1
"Pyrrhura picta",1
"Pyrrhura caeruleiceps",1
"Pyrrhura emma",1
"Pyrrhura amazonum",1
"Pyrrhura roseifrons",1
"Pyrrhura parvifrons",1
"Pyrrhura melanura",1
"Pyrrhura pacifica",1
"Enicognathus leptorhynchus",1
"Cyanoliseus patagonus",0
"Anodorhynchus hyacinthinus",0
"Anodorhynchus leari",1
"Rhynchopsitta terrisi",0
"Eupsittula nana",1
"Eupsittula astec",1
"Eupsittula canicularis",1
"Eupsittula aurea",0
"Eupsittula pertinax",1
"Eupsittula cactorum",1
"Conuropsis carolinensis",1
"Aratinga weddellii",1
"Aratinga nenday",1
"Aratinga solstitialis",1
"Aratinga maculata",1
"Aratinga jandaya",0
"Aratinga auricapillus",1
"Orthopsittaca manilatus",1
"Primolius couloni",0
"Primolius auricollis",1
"Ara ararauna",0
"Ara glaucogularis",0
"Ara rubrogenys",1
"Ara macao",0
"Ara chloropterus",0
"Leptosittaca branickii",1
"Ognorhynchus icterotis",0
"Guaruba guarouba",1
"Diopsittaca nobilis",1
"Psittacara acuticaudatus",1
"Psittacara holochlorus",1
"Psittacara rubritorquis",0
"Psittacara strenuus",0
"Psittacara wagleri",0
"Psittacara frontatus",0
"Psittacara mitratus",1
"Psittacara erythrogenys",1
"Psittacara finschi",1
"Psittacara leucophthalmus",1
"Psittacara euops",1
"Psittacara maugei",1
"Psittrichas fulgidus",1
"Micropsitta keiensis",1
"Micropsitta geelvinkiana",1
"Micropsitta pusio",1
"Micropsitta meeki",1
"Micropsitta finschii",1
"Micropsitta bruijnii",1
"Polytelis swainsonii",0
"Polytelis anthopeplus",0
"Polytelis alexandrae",1
"Alisterus scapularis",1
"Aprosmictus erythropterus",1
"Prioniturus mada",1
"Prioniturus platurus",0
"Prioniturus flavicans",0
"Prioniturus discurus",0
"Eclectus cornelia",0
"Eclectus riedeli",0
"Geoffroyus simplex",1
"Psittinus cyanurus",1
"Himalayapsitta himalayana",0
"Himalayapsitta cyanocephala",0
"Psittacula derbiana",1
"Belocercus longicaudus",0
"Palaeornis eupatria",1
"Alexandrinus krameri",1
"Psephotus haematonotus",1
"Psephotellus chrysopterygius",1
"Platycercus eximius",1
"Lathamus discolor",1
"Prosopeia personata",0
"Prosopeia tabuensis",1
"Cyanoramphus saisseti",0
"Cyanoramphus forbesi",0
"Neophema chrysostoma",1
"Neophema splendida",1
"Oreopsittacus arfaki",0
"Charmosyna wilhelminae",0
"Charmosyna multistriata",1
"Charmosyna meeki",1
"Glossopsitta porphyrocephala",1
"Pseudeos fuscata",1
"Chalcopsitta atra",1
"Chalcopsitta scintillata",1
"Glossopsitta concinna",1
"Trichoglossus johnstoniae",1
"Trichoglossus flavoviridis",1
"Trichoglossus meyeri",1
"Trichoglossus ornatus",1
"Eos bornea",1
"Eos squamata",1
"Trichoglossus rubiginosus",1
"Trichoglossus chlorolepidotus",1
"Trichoglossus haematodus",1
"Trichoglossus euteles",1
"Melopsittacus undulatus",1
"Psittaculirostris edwardsii",1
"Cyclopsitta nigrifrons",0
"Cyclopsitta amabilis",0
"Cyclopsitta melanogenia",0
"Cyclopsitta coxeni",0
"Loriculus philippensis",1
"Loriculus camiguinensis",0
"Loriculus bonapartei",0
"Loriculus galgulus",1
"Loriculus exilis",1
"Agapornis swindernianus",1
"Agapornis roseicollis",1
"Agapornis fischeri",1
"Agapornis lilianae",1
"Acanthisitta chloris",0
"Xenicus gilviventris",0
"Philepitta schlegeli",1
"Philepitta castanea",1
"Pseudocalyptomena graueri",1
"Psarisomus dalhousiae",1
"Corydon sumatranus",1
"Sarcophanops samarensis",0
"Sarcophanops steerii",0
"Serilophus rubropygius",0
"Serilophus lunatus",0
"Eurylaimus javanicus",0
"Eurylaimus ochromalus",0
"Hydrornis schneideri",0
"Pitta sordida",0
"Pitta rosenbergii",0
"Pitta versicolor",0
"Sclerurus mexicanus",0
"Sclerurus rufigularis",0
"Sclerurus guatemalensis",0
"Sclerurus caudacutus",0
"Sclerurus albigularis",0
"Sclerurus scansor",0
"Geositta peruviana",0
"Geositta tenuirostris",0
"Geositta cunicularia",0
"Geositta punensis",0
"Geositta poeciloptera",0
"Geositta crassirostris",0
"Geositta rufipennis",1
"Geositta maritima",1
"Geositta antarctica",1
"Geositta saxicolina",0
"Geositta isabellina",0
"Certhiasomus stictolaemus",0
"Sittasomus griseicapillus",0
"Deconychura longicauda",0
"Dendrocincla tyrannina",1
"Dendrocincla merula",0
"Dendrocincla homochroa",0
"Dendrocincla anabatina",0
"Dendrocincla fuliginosa",0
"Glyphorynchus spirurus",0
"Dendrexetastes rufigula",0
"Nasica longirostris",0
"Dendrocolaptes sanctithomae",0
"Dendrocolaptes certhia",0
"Dendrocolaptes picumnus",0
"Dendrocolaptes hoffmannsi",0
"Dendrocolaptes platyrostris",0
"Hylexetastes perrotii",0
"Hylexetastes uniformis",0
"Xiphocolaptes promeropirhynchus",0
"Xiphocolaptes falcirostris",0
"Xiphocolaptes albicollis",0
"Xiphocolaptes major",0
"Xiphorhynchus obsoletus",0
"Xiphorhynchus fuscus",0
"Xiphorhynchus pardalotus",0
"Xiphorhynchus ocellatus",0
"Xiphorhynchus elegans",0
"Xiphorhynchus spixii",0
"Xiphorhynchus guttatus",0
"Xiphorhynchus susurrans",0
"Xiphorhynchus flavigaster",0
"Xiphorhynchus lachrymosus",0
"Xiphorhynchus erythropygius",0
"Xiphorhynchus triangularis",0
"Dendroplex picus",0
"Dendroplex kienerii",0
"Campylorhamphus trochilirostris",0
"Campylorhamphus falcularius",0
"Campylorhamphus procurvoides",0
"Campylorhamphus pusillus",0
"Drymotoxeres pucheranii",0
"Drymornis bridgesii",0
"Lepidocolaptes leucogaster",0
"Lepidocolaptes souleyetii",0
"Lepidocolaptes angustirostris",0
"Lepidocolaptes affinis",0
"Lepidocolaptes lacrymiger",0
"Lepidocolaptes squamatus",0
"Lepidocolaptes falcinellus",0
"Lepidocolaptes albolineatus",0
"Lepidocolaptes duidae",0
"Lepidocolaptes fatimalimae",0
"Lepidocolaptes fuscicapillus",0
"Xenops tenuirostris",0
"Xenops mexicanus",0
"Xenops minutus",0
"Xenops rutilus",0
"Berlepschia rikeri",0
"Microxenops milleri",0
"Pygarrhichas albogularis",0
"Ochetorhynchus ruficaudus",0
"Ochetorhynchus andaecola",0
"Ochetorhynchus phoenicurus",0
"Ochetorhynchus melanurus",0
"Pseudocolaptes lawrencii",0
"Pseudocolaptes boissonneauii",0
"Premnornis guttuliger",0
"Tarphonomus harterti",0
"Tarphonomus certhioides",0
"Furnarius figulus",0
"Furnarius leucopus",0
"Furnarius torridus",0
"Furnarius minor",0
"Furnarius rufus",0
"Furnarius cristatus",0
"Lochmias nematura",0
"Phleocryptes melanops",0
"Limnornis curvirostris",0
"Geocerthia serrana",0
"Upucerthia dumetaria",0
"Upucerthia albigula",0
"Upucerthia validirostris",0
"Cinclodes pabsti",0
"Cinclodes antarcticus",0
"Cinclodes fuscus",0
"Cinclodes comechingonus",0
"Cinclodes olrogi",0
"Cinclodes oustaleti",0
"Cinclodes excelsior",0
"Cinclodes aricomae",0
"Cinclodes palliatus",0
"Cinclodes atacamensis",0
"Cinclodes patagonicus",0
"Cinclodes taczanowskii",0
"Cinclodes nigrofumosus",0
"Anabazenops dorsalis",1
"Anabazenops fuscus",0
"Megaxenops parnaguae",0
"Heliobletus contaminatus",0
"Philydor fuscipenne",0
"Philydor erythrocercum",0
"Philydor novaesi",0
"Philydor atricapillus",0
"Philydor pyrrhodes",0
"Anabacerthia striaticollis",0
"Anabacerthia variegaticeps",0
"Anabacerthia ruficaudata",0
"Anabacerthia amaurotis",0
"Anabacerthia lichtensteini",0
"Syndactyla rufosuperciliata",0
"Syndactyla dimidiata",0
"Syndactyla roraimae",0
"Syndactyla subalaris",0
"Syndactyla ruficollis",0
"Syndactyla guttulata",0
"Syndactyla ucayalae",0
"Ancistrops strigilatus",0
"Dendroma rufa",0
"Dendroma erythroptera",0
"Clibanornis dendrocolaptoides",0
"Clibanornis rectirostris",0
"Clibanornis erythrocephalus",0
"Clibanornis rubiginosus",0
"Thripadectes ignobilis",0
"Thripadectes flammulatus",0
"Thripadectes scrutator",0
"Thripadectes rufobrunneus",0
"Thripadectes melanorhynchus",0
"Thripadectes holostictus",0
"Thripadectes virgaticeps",0
"Automolus rufipileatus",0
"Automolus cervinigularis",0
"Automolus ochrolaemus",0
"Automolus subulatus",0
"Automolus infuscatus",0
"Automolus paraensis",0
"Automolus leucophthalmus",1
"Premnoplex brunnescens",1
"Premnoplex tatei",0
"Margarornis rubiginosus",0
"Margarornis stellatus",0
"Margarornis squamiger",0
"Aphrastura spinicauda",1
"Aphrastura masafuerae",0
"Sylviorthorhynchus desmurii",1
"Leptasthenura fuliginiceps",0
"Leptasthenura platensis",0
"Leptasthenura aegithaloides",1
"Leptasthenura striolata",0
"Leptasthenura pileata",0
"Leptasthenura xenothorax",0
"Leptasthenura striata",0
"Leptasthenura andicola",0
"Leptasthenura setaria",0
"Phacellodomus rufifrons",0
"Phacellodomus striaticeps",0
"Phacellodomus sibilatrix",0
"Phacellodomus dorsalis",0
"Phacellodomus maculipectus",0
"Phacellodomus striaticollis",0
"Phacellodomus ruber",0
"Phacellodomus erythrophthalmus",0
"Hellmayrea gularis",0
"Anumbius annumbi",0
"Coryphistera alaudina",1
"Asthenes usheri",0
"Asthenes arequipae",0
"Asthenes dorbignyi",0
"Asthenes berlepschi",0
"Asthenes baeri",0
"Asthenes luizae",0
"Asthenes hudsoni",0
"Asthenes anthoides",0
"Asthenes urubambensis",0
"Asthenes flammulata",0
"Asthenes virgata",0
"Asthenes maculicauda",0
"Asthenes wyatti",0
"Asthenes humilis",0
"Asthenes modesta",0
"Asthenes moreirae",0
"Asthenes pyrrholeuca",0
"Asthenes harterti",0
"Asthenes helleri",0
"Asthenes vilcabambae",0
"Asthenes pudibunda",0
"Asthenes ottonis",0
"Asthenes heterura",0
"Asthenes palpebralis",0
"Asthenes coryi",0
"Asthenes perijana",0
"Asthenes fuliginosa",0
"Asthenes griseomurina",0
"Acrobatornis fonsecai",0
"Metopothrix aurantiaca",0
"Xenerpestes minlosi",0
"Xenerpestes singularis",0
"Siptornis striaticollis",0
"Roraimia adusta",0
"Thripophaga gutturata",0
"Thripophaga macroura",0
"Thripophaga fusciceps",0
"Limnoctites rectirostris",0
"Limnoctites sulphuriferus",0
"Cranioleuca berlepschi",0
"Cranioleuca marcapatae",0
"Cranioleuca albiceps",0
"Cranioleuca vulpina",0
"Cranioleuca vulpecula",0
"Cranioleuca subcristata",0
"Cranioleuca pyrrhophia",0
"Cranioleuca henricae",0
"Cranioleuca obsoleta",0
"Cranioleuca pallida",0
"Cranioleuca semicinerea",0
"Cranioleuca albicapilla",0
"Cranioleuca erythrops",0
"Cranioleuca demissa",0
"Cranioleuca hellmayri",0
"Cranioleuca curtata",0
"Cranioleuca antisiensis",0
"Cranioleuca muelleri",0
"Pseudasthenes humicola",0
"Pseudasthenes patagonica",0
"Pseudasthenes steinbachi",0
"Pseudasthenes cactorum",0
"Spartonoica maluroides",0
"Pseudoseisura cristata",0
"Pseudoseisura unirufa",0
"Pseudoseisura lophotes",0
"Pseudoseisura gutturalis",0
"Certhiaxis cinnamomeus",0
"Certhiaxis mustelinus",0
"Mazaria propinqua",0
"Schoeniophylax phryganophilus",0
"Synallaxis scutata",0
"Synallaxis cinerascens",0
"Synallaxis gujanensis",0
"Synallaxis albilora",0
"Synallaxis maranonica",0
"Synallaxis hypochondriaca",0
"Synallaxis stictothorax",0
"Synallaxis zimmeri",0
"Synallaxis brachyura",0
"Synallaxis subpudica",0
"Synallaxis hellmayri",0
"Synallaxis ruficapilla",0
"Synallaxis cinerea",0
"Synallaxis infuscata",0
"Synallaxis moesta",0
"Synallaxis macconnelli",0
"Synallaxis cabanisi",0
"Synallaxis hypospodia",0
"Synallaxis spixi",0
"Synallaxis albigularis",0
"Synallaxis albescens",0
"Synallaxis frontalis",0
"Synallaxis azarae",0
"Synallaxis courseni",0
"Synallaxis candei",0
"Synallaxis erythrothorax",0
"Synallaxis kollari",0
"Synallaxis tithys",0
"Synallaxis fuscorufa",0
"Synallaxis unirufa",0
"Synallaxis castanea",0
"Synallaxis cinnamomea",0
"Synallaxis rutilans",0
"Synallaxis cherriei",0
"Euchrepomis callinota",0
"Euchrepomis humeralis",0
"Euchrepomis sharpei",0
"Euchrepomis spodioptila",0
"Myrmornis torquata",0
"Pygiptila stellaris",0
"Thamnistes anabatinus",0
"Thamnistes rufescens",0
"Microrhopias quixensis",0
"Neoctantes niger",0
"Clytoctantes atrogularis",0
"Epinecrophylla fulviventris",0
"Epinecrophylla ornata",0
"Epinecrophylla erythrura",0
"Epinecrophylla leucophthalma",0
"Epinecrophylla gutturalis",0
"Epinecrophylla haematonota",0
"Epinecrophylla spodionota",0
"Epinecrophylla amazonica",0
"Myrmorchilus strigilatus",0
"Aprositornis disjuncta",0
"Ammonastes pelzelni",0
"Myrmophylax atrothorax",0
"Myrmotherula ignota",0
"Myrmotherula brachyura",0
"Myrmotherula surinamensis",0
"Myrmotherula multostriata",0
"Myrmotherula pacifica",0
"Myrmotherula cherriei",0
"Myrmotherula klagesi",0
"Myrmotherula longicauda",0
"Myrmotherula ambigua",0
"Myrmotherula sclateri",0
"Myrmotherula axillaris",0
"Myrmotherula schisticolor",0
"Myrmotherula sunensis",0
"Myrmotherula minor",0
"Myrmotherula longipennis",0
"Myrmotherula urosticta",0
"Myrmotherula iheringi",0
"Myrmotherula grisea",0
"Myrmotherula unicolor",0
"Myrmotherula snowi",0
"Myrmotherula behni",0
"Myrmotherula menetriesii",0
"Myrmotherula assimilis",0
"Terenura maculata",0
"Terenura sicki",0
"Myrmochanes hemileucus",0
"Formicivora iheringi",0
"Formicivora erythronotos",0
"Formicivora intermedia",0
"Formicivora grisea",0
"Formicivora serrana",0
"Formicivora melanogaster",0
"Formicivora rufa",0
"Formicivora grantsaui",0
"Formicivora acutirostris",0
"Formicivora paludicola",0
"Dichrozona cincta",0
"Rhopias gularis",0
"Isleria hauxwelli",0
"Isleria guttata",0
"Thamnomanes ardesiacus",0
"Thamnomanes saturninus",0
"Thamnomanes caesius",0
"Thamnomanes schistogynus",0
"Megastictus margaritatus",0
"Sakesphorus cristatus",0
"Herpsilochmus pileatus",0
"Herpsilochmus atricapillus",0
"Herpsilochmus motacilloides",0
"Herpsilochmus parkeri",0
"Herpsilochmus sticturus",0
"Herpsilochmus dugandi",0
"Herpsilochmus stictocephalus",0
"Herpsilochmus dorsimaculatus",0
"Herpsilochmus roraimae",0
"Herpsilochmus pectoralis",0
"Herpsilochmus longirostris",0
"Herpsilochmus gentryi",0
"Herpsilochmus axillaris",0
"Herpsilochmus scapularis",0
"Herpsilochmus rufimarginatus",0
"Dysithamnus stictothorax",0
"Dysithamnus mentalis",0
"Dysithamnus striaticeps",0
"Dysithamnus puncticeps",0
"Dysithamnus xanthopterus",0
"Dysithamnus occidentalis",0
"Dysithamnus plumbeus",0
"Dysithamnus leucostictus",0
"Thamnophilus bernardi",0
"Thamnophilus melanonotus",0
"Thamnophilus melanothorax",0
"Thamnophilus doliatus",0
"Thamnophilus zarumae",0
"Thamnophilus tenuepunctatus",0
"Thamnophilus palliatus",0
"Thamnophilus bridgesi",0
"Thamnophilus nigriceps",0
"Thamnophilus praecox",0
"Thamnophilus nigrocinereus",0
"Thamnophilus cryptoleucus",0
"Thamnophilus aethiops",0
"Thamnophilus unicolor",0
"Thamnophilus schistaceus",0
"Thamnophilus murinus",0
"Thamnophilus aroyae",0
"Thamnophilus atrinucha",0
"Thamnophilus punctatus",0
"Thamnophilus stictocephalus",0
"Thamnophilus sticturus",0
"Thamnophilus pelzelni",0
"Thamnophilus ambiguus",0
"Thamnophilus amazonicus",0
"Thamnophilus divisorius",0
"Thamnophilus insignis",0
"Thamnophilus caerulescens",0
"Thamnophilus torquatus",0
"Thamnophilus ruficapillus",0
"Thamnophilus subfasciatus",0
"Sakesphorus canadensis",0
"Sakesphorus luctuosus",0
"Herpsilochmus sellowi",0
"Biatas nigropectus",0
"Cymbilaimus lineatus",0
"Cymbilaimus sanctaemariae",0
"Taraba major",0
"Mackenziaena leachii",0
"Mackenziaena severa",0
"Frederickena viridis",0
"Frederickena unduliger",0
"Hypoedaleus guttatus",0
"Batara cinerea",0
"Xenornis setifrons",0
"Pithys albifrons",0
"Pithys castaneus",0
"Phaenostictus mcleannani",1
"Gymnopithys leucaspis",0
"Gymnopithys rufigula",0
"Oneillornis salvini",0
"Oneillornis lunulatus",0
"Rhegmatorhina gymnops",0
"Rhegmatorhina berlepschi",0
"Rhegmatorhina hoffmannsi",0
"Rhegmatorhina cristata",0
"Rhegmatorhina melanosticta",0
"Phlegopsis nigromaculata",0
"Phlegopsis erythroptera",0
"Phlegopsis borbae",0
"Willisornis poecilinotus",0
"Drymophila ferruginea",0
"Drymophila rubricollis",0
"Drymophila genei",0
"Drymophila ochropyga",0
"Drymophila malura",0
"Drymophila squamata",0
"Drymophila devillei",0
"Drymophila caudata",0
"Hypocnemis cantator",0
"Hypocnemis flavescens",0
"Hypocnemis striata",0
"Hypocnemis rondoni",0
"Hypocnemis hypoxantha",0
"Sciaphylax hemimelaena",0
"Sciaphylax castanea",0
"Cercomacroides laeta",0
"Cercomacroides parkeri",0
"Cercomacroides nigrescens",0
"Cercomacroides tyrannina",0
"Cercomacroides serva",0
"Cercomacra manu",0
"Cercomacra brasiliana",0
"Cercomacra cinerascens",0
"Cercomacra melanaria",0
"Cercomacra ferdinandi",0
"Cercomacra nigricans",0
"Cercomacra carbonaria",0
"Myrmoderus ferrugineus",0
"Myrmoderus ruficauda",0
"Myrmoderus loricatus",0
"Myrmoderus squamosus",0
"Hypocnemoides melanopogon",0
"Hypocnemoides maculicauda",0
"Hylophylax naevioides",0
"Hylophylax naevius",0
"Hylophylax punctulatus",0
"Sclateria naevia",0
"Myrmelastes hyperythrus",0
"Myrmelastes schistaceus",0
"Myrmelastes leucostigma",0
"Myrmelastes rufifacies",0
"Myrmelastes saturatus",0
"Myrmelastes caurensis",0
"Poliocrania exsul",0
"Ampelornis griseiceps",0
"Sipia berlepschi",0
"Sipia nigricauda",0
"Sipia laemosticta",0
"Myrmeciza longipes",0
"Myrmoborus lophotes",0
"Myrmoborus myotherinus",0
"Myrmoborus leucophrys",0
"Myrmoborus lugubris",0
"Gymnocichla nudiceps",0
"Pyriglena leuconota",0
"Pyriglena atra",0
"Pyriglena leucoptera",0
"Rhopornis ardesiacus",0
"Percnostola rufifrons",0
"Percnostola arenarum",0
"Akletos melanoceps",0
"Akletos goeldii",0
"Hafferia fortis",0
"Hafferia immaculata",0
"Formicarius colma",0
"Formicarius analis",0
"Formicarius nigricapillus",0
"Formicarius rufipectus",0
"Chamaeza campanisona",0
"Chamaeza nobilis",0
"Chamaeza meruloides",0
"Chamaeza ruficauda",0
"Chamaeza mollissima",0
"Grallaria squamigera",0
"Grallaria excelsa",0
"Grallaria varia",0
"Grallaria guatimalensis",0
"Grallaria haplonota",0
"Grallaria dignissima",0
"Grallaria flavotincta",0
"Grallaria hypoleuca",0
"Grallaria rufocinerea",0
"Grallaria quitensis",0
"Hylopezus perspicillatus",0
"Hylopezus macularius",0
"Hylopezus ochroleucus",0
"Myrmothera fulviventris",0
"Myrmothera berlepschi",0
"Myrmothera dives",0
"Myrmothera simplex",0
"Myrmothera campanisona",0
"Myrmothera subcanescens",0
"Grallaricula flavirostris",0
"Grallaricula cucullata",0
"Grallaricula ferrugineipectus",0
"Grallaricula lineifrons",0
"Conopophaga lineata",0
"Conopophaga aurita",0
"Conopophaga roberti",0
"Conopophaga peruviana",0
"Conopophaga cearae",0
"Conopophaga melanops",0
"Conopophaga melanogaster",0
"Pittasoma michleri",0
"Pittasoma rufopileatum",0
"Pteroptochos castaneus",0
"Pteroptochos tarnii",0
"Scelorchilus albicollis",0
"Scelorchilus rubecula",0
"Liosceles thoracicus",0
"Psilorhamphus guttatus",0
"Merulaxis ater",0
"Merulaxis stresemanni",0
"Eugralla paradoxa",0
"Eleoscytalopus indigoticus",0
"Scytalopus petrophilus",0
"Scytalopus gonzagai",0
"Scytalopus magellanicus",0
"Scytalopus parvirostris",0
"Scytalopus panamensis",0
"Melanopareia torquata",0
"Melanopareia maximiliani",0
"Melanopareia elegans",0
"Phyllomyias sclateri",0
"Phyllomyias weedeni",0
"Phyllomyias fasciatus",0
"Phyllomyias griseiceps",0
"Phyllomyias plumbeiceps",0
"Phyllomyias griseocapilla",0
"Phyllomyias burmeisteri",0
"Phyllomyias nigrocapillus",0
"Phyllomyias uropygialis",0
"Tyrannulus elatus",0
"Myiopagis caniceps",0
"Myiopagis olallai",0
"Myiopagis subplacens",0
"Myiopagis flavivertex",0
"Myiopagis viridicata",0
"Myiopagis cotta",0
"Elaenia flavogaster",0
"Elaenia martinica",0
"Elaenia spectabilis",0
"Elaenia albiceps",0
"Elaenia parvirostris",0
"Elaenia strepera",0
"Elaenia cristata",0
"Elaenia chiriquensis",0
"Elaenia ruficeps",0
"Elaenia obscura",0
"Elaenia dayi",0
"Elaenia fallax",1
"Ornithion semiflavum",0
"Ornithion brunneicapillus",0
"Ornithion inerme",0
"Camptostoma obsoletum",0
"Suiriri suiriri",0
"Mecocerculus leucophrys",0
"Mecocerculus poecilocercus",0
"Mecocerculus hellmayri",0
"Mecocerculus calopterus",0
"Mecocerculus stictopterus",0
"Anairetes nigrocristatus",1
"Anairetes reguloides",1
"Anairetes alpinus",0
"Anairetes flavirostris",1
"Anairetes parulus",0
"Anairetes fernandezianus",0
"Uromyias agilis",0
"Uromyias agraphia",0
"Serpophaga cinerea",0
"Serpophaga hypoleuca",0
"Phaeomyias murina",1
"Capsiempis flaveola",0
"Polystictus pectoralis",0
"Polystictus superciliaris",0
"Pseudocolopteryx sclateri",0
"Pseudocolopteryx acutipennis",0
"Pseudocolopteryx flaviventris",0
"Pseudotriccus pelzelni",0
"Pseudotriccus simplex",0
"Pseudotriccus ruficeps",0
"Corythopis torquatus",0
"Corythopis delalandi",0
"Euscarthmus meloryphus",0
"Euscarthmus rufomarginatus",0
"Pseudelaenia leucospodia",0
"Stigmatura napensis",0
"Stigmatura budytoides",0
"Zimmerius vilissimus",0
"Zimmerius improbus",0
"Zimmerius bolivianus",0
"Zimmerius cinereicapilla",0
"Zimmerius villarejoi",0
"Zimmerius chicomendesi",0
"Zimmerius gracilipes",0
"Zimmerius acer",0
"Zimmerius chrysops",0
"Zimmerius viridiflavus",0
"Pogonotriccus poecilotis",0
"Pogonotriccus chapmani",0
"Pogonotriccus ophthalmicus",0
"Pogonotriccus orbitalis",0
"Pogonotriccus venezuelanus",0
"Pogonotriccus lanyoni",0
"Pogonotriccus eximius",0
"Phylloscartes paulista",0
"Phylloscartes difficilis",0
"Phylloscartes ventralis",0
"Phylloscartes ceciliae",0
"Phylloscartes kronei",0
"Phylloscartes gualaquizae",0
"Phylloscartes nigrifrons",0
"Phylloscartes superciliaris",0
"Phylloscartes flaviventris",0
"Phylloscartes parkeri",0
"Phylloscartes roquettei",0
"Phylloscartes oustaleti",0
"Phylloscartes sylviolus",0
"Mionectes striaticollis",1
"Mionectes olivaceus",1
"Mionectes oleagineus",1
"Mionectes macconnelli",1
"Mionectes roraimae",0
"Mionectes rufiventris",0
"Leptopogon amaurocephalus",0
"Sublegatus modestus",0
"Inezia tenuirostris",0
"Inezia inornata",0
"Inezia subflava",0
"Inezia caudata",0
"Myiophobus flavicans",0
"Myiophobus phoenicomitra",0
"Myiophobus inornatus",0
"Myiophobus roraimae",0
"Myiophobus cryptoxanthus",0
"Myiophobus fasciatus",0
"Nephelomyias pulcher",0
"Nephelomyias lintoni",0
"Nephelomyias ochraceiventris",0
"Myiotriccus ornatus",0
"Myiotriccus phoenicurus",0
"Tachuris rubrigastra",0
"Culicivora caudacuta",1
"Hemitriccus diops",0
"Hemitriccus obsoletus",0
"Hemitriccus flammulatus",0
"Hemitriccus minor",0
"Hemitriccus spodiops",0
"Hemitriccus josephinae",0
"Hemitriccus zosterops",0
"Hemitriccus griseipectus",0
"Hemitriccus minimus",0
"Hemitriccus orbitatus",0
"Hemitriccus iohannis",0
"Hemitriccus striaticollis",0
"Hemitriccus nidipendulus",0
"Hemitriccus margaritaceiventer",0
"Hemitriccus granadensis",0
"Hemitriccus mirandae",0
"Hemitriccus kaempferi",0
"Hemitriccus rufigularis",0
"Hemitriccus furcatus",0
"Myiornis atricapillus",0
"Myiornis ecaudatus",0
"Oncostoma cinereigulare",0
"Oncostoma olivaceum",0
"Lophotriccus eulophotes",0
"Lophotriccus galeatus",0
"Atalotriccus pilaris",0
"Poecilotriccus ruficeps",0
"Poecilotriccus luluae",0
"Poecilotriccus albifacies",0
"Poecilotriccus capitalis",0
"Poecilotriccus russatus",0
"Poecilotriccus plumbeiceps",0
"Poecilotriccus fumifrons",0
"Poecilotriccus latirostris",0
"Poecilotriccus sylvia",0
"Poecilotriccus calopterus",0
"Poecilotriccus pulchellus",0
"Taeniotriccus andrei",0
"Todirostrum maculatum",0
"Todirostrum poliocephalum",0
"Todirostrum cinereum",0
"Todirostrum viridanum",0
"Todirostrum pictum",0
"Todirostrum chrysocrotaphum",0
"Todirostrum nigriceps",0
"Cnipodectes subbrunneus",0
"Rhynchocyclus pacificus",0
"Rhynchocyclus brevirostris",0
"Rhynchocyclus fulvipectus",0
"Rhynchocyclus aequinoctialis",0
"Rhynchocyclus olivaceus",0
"Tolmomyias sulphurescens",0
"Tolmomyias traylori",0
"Tolmomyias assimilis",0
"Tolmomyias poliocephalus",0
"Tolmomyias flaviventris",0
"Calyptura cristata",0
"Platyrinchus saturatus",0
"Platyrinchus cancrominus",0
"Platyrinchus mystaceus",0
"Platyrinchus coronatus",0
"Platyrinchus platyrhynchos",0
"Platyrinchus leucoryphus",0
"Neopipo cinnamomea",0
"Pyrrhomyias cinnamomeus",0
"Hirundinea ferruginea",0
"Lathrotriccus euleri",0
"Aphanotriccus capitalis",0
"Aphanotriccus audax",0
"Cnemotriccus fuscatus",0
"Mitrephanes phaeocercus",0
"Mitrephanes olivaceus",0
"Contopus ochraceus",0
"Contopus cinereus",0
"Contopus nigrescens",0
"Contopus latirostris",1
"Empidonax minimus",0
"Empidonax difficilis",0
"Pyrocephalus rubinus",0
"Pyrocephalus obscurus",0
"Ochthornis littoralis",0
"Satrapa icterophrys",0
"Muscisaxicola fluviatilis",0
"Muscisaxicola maculirostris",0
"Muscisaxicola albifrons",0
"Muscisaxicola alpinus",1
"Muscisaxicola griseus",1
"Muscisaxicola rufivertex",1
"Muscisaxicola maclovianus",1
"Muscisaxicola albilora",0
"Muscisaxicola capistratus",1
"Muscisaxicola juninensis",1
"Muscisaxicola frontalis",0
"Lessonia oreas",0
"Lessonia rufa",1
"Hymenops perspicillatus",0
"Knipolegus cyanirostris",0
"Knipolegus signatus",0
"Knipolegus striaticeps",0
"Knipolegus aterrimus",0
"Knipolegus poecilurus",0
"Knipolegus orenocensis",0
"Knipolegus poecilocercus",0
"Knipolegus lophotes",0
"Knipolegus nigerrimus",0
"Knipolegus franciscanus",0
"Cnemarchus erythropygius",0
"Polioxolmis rufipennis",0
"Xolmis velatus",0
"Xolmis rubetra",1
"Xolmis salinarum",1
"Neoxolmis rufiventris",1
"Myiotheretes striaticollis",0
"Myiotheretes fuscorufus",0
"Myiotheretes pernix",0
"Myiotheretes fumigatus",0
"Agriornis murinus",0
"Agriornis lividus",0
"Gubernetes yetapa",0
"Muscipipra vetula",0
"Fluvicola pica",0
"Fluvicola nengeta",0
"Xolmis dominicanus",1
"Alectrurus tricolor",1
"Alectrurus risora",1
"Ochthoeca salvini",0
"Silvicultrix frontalis",0
"Silvicultrix pulchella",0
"Silvicultrix jelskii",0
"Ochthoeca cinnamomeiventris",0
"Ochthoeca rufipectoralis",0
"Ochthoeca fumicolor",0
"Ochthoeca oenanthoides",0
"Ochthoeca leucophrys",0
"Ochthoeca piurae",0
"Colorhamphus parvirostris",0
"Colonia colonus",0
"Machetornis rixosa",0
"Legatus leucophaius",0
"Phelpsia inornata",0
"Myiozetetes cayanensis",0
"Myiozetetes similis",0
"Myiozetetes granadensis",0
"Myiozetetes luteiventris",0
"Pitangus sulphuratus",0
"Philohydor lictor",0
"Conopias albovittatus",0
"Conopias parvus",1
"Conopias trivirgatus",0
"Conopias cinchoneti",0
"Myiodynastes hemichrysus",0
"Myiodynastes chrysocephalus",0
"Myiodynastes bairdii",0
"Myiodynastes luteiventris",0
"Myiodynastes maculatus",0
"Megarynchus pitangua",0
"Tyrannopsis sulphurea",0
"Empidonomus varius",0
"Griseotyrannus aurantioatrocristatus",0
"Tyrannus melancholicus",0
"Tyrannus couchii",0
"Tyrannus vociferans",1
"Tyrannus forficatus",1
"Tyrannus savana",0
"Tyrannus cubensis",0
"Rhytipterna simplex",0
"Rhytipterna immunda",0
"Rhytipterna holerythra",0
"Sirystes sibilator",0
"Sirystes albocinereus",0
"Casiornis rufus",0
"Myiarchus tuberculifer",0
"Myiarchus swainsoni",0
"Myiarchus ferox",0
"Myiarchus apicalis",0
"Myiarchus tyrannulus",0
"Myiarchus magnirostris",0
"Myiarchus nugator",0
"Ramphotrigon megacephalum",0
"Ramphotrigon ruficauda",0
"Ramphotrigon fuscicauda",0
"Attila cinnamomeus",0
"Attila torridus",0
"Attila citriniventris",0
"Attila bolivianus",0
"Attila rufus",0
"Attila spadiceus",0
"Ampelioides tschudii",1
"Pipreola formosa",1
"Carpornis cucullata",0
"Carpornis melanocephala",0
"Rupicola peruvianus",0
"Rupicola rupicola",0
"Phoenicircus carnifex",0
"Phoenicircus nigricollis",0
"Phytotoma rara",0
"Phytotoma raimondii",0
"Phytotoma rutila",1
"Phibalura flavirostris",1
"Ampelion rubrocristatus",1
"Haematoderus militaris",0
"Querula purpurata",1
"Pyroderus scutatus",0
"Cephalopterus glabricollis",1
"Cephalopterus penduliger",0
"Cephalopterus ornatus",0
"Perissocephalus tricolor",0
"Lipaugus vociferans",0
"Lipaugus ater",0
"Lipaugus conditus",0
"Lipaugus weberi",1
"Lipaugus fuscocinereus",1
"Procnias nudicollis",0
"Procnias averano",0
"Cotinga cayana",1
"Cotinga nattererii",1
"Cotinga maculata",1
"Cotinga cotinga",0
"Porphyrolaema porphyrolaema",0
"Xipholena punicea",0
"Carpodectes hopkei",1
"Chiroxiphia boliviana",0
"Chiroxiphia pareola",0
"Chiroxiphia linearis",0
"Chiroxiphia lanceolata",0
"Chiroxiphia caudata",0
"Antilophia galeata",0
"Masius chrysopterus",0
"Corapipo gutturalis",1
"Corapipo leucorrhoa",1
"Lepidothrix coronata",0
"Lepidothrix iris",0
"Lepidothrix suavissima",0
"Heterocercus flavivertex",0
"Heterocercus linteatus",0
"Manacus manacus",1
"Manacus candei",0
"Manacus vitellinus",1
"Manacus aurantiacus",1
"Pipra aureola",0
"Pipra filicauda",0
"Pipra fasciicauda",0
"Machaeropterus deliciosus",1
"Machaeropterus regulus",0
"Machaeropterus striolatus",0
"Machaeropterus pyrocephalus",0
"Ceratopipra cornuta",0
"Ceratopipra mentalis",1
"Ceratopipra chloromeros",0
"Ceratopipra erythrocephala",0
"Ceratopipra rubrocapilla",0
"Tityra inquisitor",0
"Tityra cayana",0
"Tityra semifasciata",0
"Schiffornis major",0
"Schiffornis olivacea",0
"Schiffornis turdina",0
"Schiffornis virescens",0
"Laniocera rufescens",0
"Laniocera hypopyrra",0
"Iodopleura isabellae",0
"Laniisoma buckleyi",1
"Laniisoma elegans",0
"Xenopsaris albinucha",0
"Pachyramphus viridis",0
"Pachyramphus versicolor",0
"Pachyramphus spodiurus",0
"Pachyramphus rufus",0
"Pachyramphus castaneus",0
"Pachyramphus cinnamomeus",0
"Pachyramphus salvini",0
"Pachyramphus polychopterus",0
"Pachyramphus marginatus",0
"Pachyramphus albogriseus",0
"Pachyramphus major",0
"Pachyramphus surinamus",0
"Pachyramphus homochrous",0
"Pachyramphus minor",0
"Pachyramphus validus",0
"Pachyramphus aglaiae",0
"Oxyruncus cristatus",1
"Onychorhynchus swainsoni",0
"Onychorhynchus coronatus",0
"Myiobius villosus",0
"Myiobius sulphureipygius",0
"Myiobius barbatus",0
"Myiobius atricaudus",0
"Terenotriccus erythrurus",0
"Menura alberti",1
"Menura novaehollandiae",1
"Ailuroedus stonii",0
"Ailuroedus buccoides",0
"Ailuroedus geislerorum",0
"Ailuroedus crassirostris",0
"Ailuroedus maculosus",0
"Ailuroedus astigmaticus",0
"Ailuroedus melanocephalus",0
"Ailuroedus arfakianus",0
"Ailuroedus melanotis",0
"Scenopoeetes dentirostris",0
"Prionodura newtoniana",0
"Sericulus aureus",0
"Sericulus bakeri",0
"Ptilonorhynchus violaceus",0
"Chlamydera guttata",0
"Chlamydera nuchalis",0
"Chlamydera maculata",0
"Chlamydera lauterbachi",0
"Cormobates placens",0
"Sipodotus wallacii",1
"Chenorhamphus grayi",0
"Malurus cyanocephalus",1
"Malurus amabilis",0
"Malurus lamberti",1
"Malurus pulcherrimus",0
"Malurus elegans",1
"Malurus cyaneus",0
"Malurus splendens",0
"Malurus coronatus",0
"Malurus alboscapulatus",1
"Malurus melanocephalus",1
"Malurus leucopterus",1
"Stipiturus malachurus",0
"Stipiturus mallee",1
"Amytornis housei",1
"Amytornis woodwardi",0
"Amytornis dorotheae",0
"Amytornis merrotsyi",0
"Amytornis whitei",0
"Amytornis striatus",0
"Amytornis ballarae",0
"Myza celebensis",0
"Acanthorhynchus tenuirostris",0
"Acanthorhynchus superciliosus",0
"Glycichaera fallax",0
"Melionyx fuscus",0
"Ptiloprora plumbea",0
"Ptiloprora meekiana",0
"Ptiloprora erythropleura",0
"Ptiloprora guisei",0
"Ptiloprora perstriata",0
"Ashbyia lovensis",0
"Epthianura tricolor",1
"Epthianura aurifrons",0
"Epthianura crocea",0
"Epthianura albifrons",1
"Stresemannia bougainvillei",0
"Conopophila albogularis",0
"Conopophila rufogularis",0
"Conopophila whitei",0
"Ramsayornis fasciatus",1
"Ramsayornis modestus",1
"Melilestes megarhynchus",0
"Timeliopsis fulvigula",0
"Timeliopsis griseigula",0
"Melipotes gymnops",0
"Melipotes fumigatus",0
"Gliciphila undulata",0
"Gliciphila notabilis",0
"Gliciphila melanops",0
"Pycnopygius ixoides",0
"Pycnopygius cinereus",0
"Pycnopygius stictocephalus",0
"Certhionyx variegatus",0
"Prosthemadera novaeseelandiae",0
"Anthornis melanocephala",0
"Lichmera lombokia",0
"Sugomel nigrum",1
"Melitograis gilolensis",0
"Vosea whitemanensis",0
"Myzomela eques",1
"Myzomela obscura",0
"Myzomela cruentata",0
"Myzomela pulchella",0
"Myzomela prawiradilagae",0
"Myzomela erythrocephala",0
"Myzomela adolphinae",1
"Myzomela boiei",0
"Myzomela chloroptera",0
"Myzomela wakoloensis",0
"Myzomela sanguinolenta",0
"Myzomela cardinalis",0
"Myzomela rubratra",0
"Myzomela sclateri",0
"Myzomela pammelaena",0
"Myzomela lafargei",0
"Myzomela eichhorni",0
"Myzomela melanocephala",0
"Myzomela tristrami",0
"Myzomela jugularis",0
"Myzomela vulnerata",0
"Myzomela rosenbergii",1
"Philemon meyeri",0
"Philemon brassi",1
"Philemon citreogularis",0
"Philemon inornatus",0
"Philemon fuscicapillus",0
"Philemon subcorniculatus",0
"Philemon moluccensis",0
"Philemon buceroides",1
"Philemon cockerelli",0
"Philemon albitorques",0
"Philemon argenticeps",1
"Philemon corniculatus",0
"Xanthotis polygrammus",0
"Xanthotis macleayanus",0
"Xanthotis flaviventer",0
"Plectorhyncha lanceolata",1
"Grantiella picta",1
"Trichodere cockerelli",1
"Phylidonyris pyrrhopterus",1
"Phylidonyris niger",0
"Lichmera argentauris",0
"Lichmera incana",0
"Lichmera alboauricularis",0
"Lichmera squamata",0
"Lichmera monticola",1
"Lichmera notabilis",0
"Cissomela pectoralis",0
"Guadalcanaria inexpectata",0
"Meliarchus sclateri",0
"Gymnomyza viridis",0
"Gymnomyza samoensis",0
"Gymnomyza aubryana",0
"Foulehaio carunculatus",0
"Nesoptilotis leucotis",0
"Nesoptilotis flavicollis",0
"Entomyzon cyanotis",0
"Melithreptus gularis",0
"Melithreptus validirostris",1
"Melithreptus brevirostris",1
"Melithreptus albogularis",0
"Melithreptus lunatus",1
"Melithreptus chloropsis",1
"Melithreptus affinis",1
"Stomiopera flava",0
"Meliphaga aruensis",0
"Meliphaga notata",0
"Meliphaga lewinii",0
"Purnella albifrons",1
"Lichenostomus melanops",1
"Lichenostomus cratitius",0
"Microptilotis mimikae",0
"Microptilotis montanus",0
"Microptilotis orientalis",0
"Microptilotis albonotatus",0
"Microptilotis analogus",0
"Microptilotis gracilis",0
"Microptilotis imitatrix",0
"Microptilotis flavirictus",0
"Microptilotis albilineatus",0
"Microptilotis reticulatus",0
"Gavicalis versicolor",0
"Gavicalis fasciogularis",0
"Gavicalis virescens",0
"Ptilotula flavescens",0
"Ptilotula fusca",1
"Ptilotula keartlandi",0
"Ptilotula ornata",0
"Ptilotula penicillata",1
"Caligavis chrysops",0
"Caligavis subfrenata",0
"Anthochaera chrysoptera",0
"Anthochaera lunulata",0
"Anthochaera carunculata",0
"Anthochaera paradoxa",0
"Anthochaera phrygia",1
"Acanthagenys rufogularis",0
"Bolemoreus frenatus",0
"Bolemoreus hindwoodi",0
"Melidectes leucostephes",0
"Melidectes rufocrissalis",0
"Melidectes belfordi",0
"Melidectes torquatus",0
"Manorina melanophrys",0
"Manorina melanocephala",0
"Manorina flavigula",1
"Manorina melanotis",1
"Dasyornis brachypterus",0
"Dasyornis broadbenti",0
"Pardalotus punctatus",0
"Pardalotus quadragintus",0
"Pardalotus rubricatus",0
"Pardalotus striatus",0
"Oreoscopus gutturalis",0
"Pyrrholaemus brunneus",0
"Pyrrholaemus sagittatus",0
"Hylacola cauta",0
"Hylacola pyrrhopygia",0
"Calamanthus fuliginosus",0
"Calamanthus campestris",0
"Smicrornis brevirostris",1
"Neosericornis citreogularis",0
"Origma robusta",0
"Origma murina",0
"Origma solitaria",0
"Sericornis humilis",0
"Sericornis frontalis",0
"Sericornis maculatus",1
"Sericornis keri",0
"Sericornis beccarii",0
"Sericornis magnirostra",0
"Sericornis nouhuysi",1
"Aethomyias rufescens",0
"Aethomyias perspicillatus",1
"Aethomyias arfakianus",0
"Aethomyias papuensis",0
"Acanthornis magna",0
"Aphelocephala leucopsis",1
"Aphelocephala nigricincta",1
"Aphelocephala pectoralis",1
"Acanthiza cinerea",1
"Acanthiza murina",1
"Acanthiza nana",1
"Acanthiza lineata",1
"Acanthiza apicalis",0
"Acanthiza ewingii",0
"Acanthiza katherina",0
"Acanthiza pusilla",0
"Acanthiza robustirostris",0
"Acanthiza iredalei",1
"Acanthiza uropygialis",1
"Acanthiza inornata",0
"Acanthiza reguloides",1
"Gerygone chrysogaster",0
"Gerygone mouki",0
"Gerygone chloronota",0
"Gerygone palpebrosa",0
"Gerygone magnirostris",0
"Gerygone inornata",0
"Gerygone dorsalis",0
"Gerygone olivacea",0
"Gerygone tenebrosa",0
"Gerygone flavolateralis",0
"Gerygone levigaster",0
"Gerygone fusca",1
"Gerygone ruficollis",0
"Gerygone igata",0
"Gerygone albofrontata",0
"Garritornis isidorei",0
"Pomatostomus temporalis",1
"Pomatostomus halli",1
"Pomatostomus superciliosus",1
"Pomatostomus ruficeps",0
"Cnemophilus loriae",0
"Cnemophilus macgregorii",0
"Loboparadisea sericea",0
"Melanocharis longicauda",0
"Melanocharis versteri",0
"Rhamphocharis crassirostris",0
"Rhamphocharis piperata",0
"Oedistoma iliolophus",0
"Oedistoma pygmaeum",1
"Toxorhamphus novaeguineae",0
"Toxorhamphus poliopterus",0
"Oreocharis arfaki",1
"Paramythia montium",1
"Callaeas cinereus",0
"Notiomystis cincta",0
"Psophodes olivaceus",0
"Psophodes cristatus",0
"Batis fratrum",0
"Batis occulta",0
"Lanioturdus torquatus",0
"Dyaphorophyia concreta",0
"Chlorophoneus kupeensis",0
"Chlorophoneus multicolor",0
"Chlorophoneus nigrifrons",0
"Chlorophoneus olivaceus",0
"Chlorophoneus bocagei",0
"Chlorophoneus sulfureopectus",0
"Telophorus viridis",0
"Telophorus dohertyi",0
"Telophorus zeylonus",0
"Rhodophoneus cruentus",0
"Dryoscopus sabini",0
"Dryoscopus angolensis",0
"Dryoscopus senegalensis",0
"Dryoscopus cubla",0
"Dryoscopus gambensis",0
"Laniarius leucorhynchus",0
"Laniarius poensis",0
"Laniarius fuelleborni",0
"Laniarius funebris",0
"Laniarius ruficeps",0
"Laniarius nigerrimus",0
"Laniarius aethiopicus",0
"Laniarius major",0
"Laniarius ferrugineus",0
"Laniarius bicolor",0
"Laniarius turatii",0
"Laniarius barbarus",0
"Laniarius mufumbiri",0
"Laniarius erythrogaster",0
"Laniarius atrococcineus",1
"Laniarius atroflavus",0
"Nilaus afer",0
"Machaerirhynchus flaviventer",0
"Calicalicus madagascariensis",0
"Calicalicus rufocarpalis",0
"Vanga curvirostris",0
"Oriolia bernieri",0
"Xenopirostris xenopirostris",0
"Xenopirostris damii",0
"Xenopirostris polleni",0
"Falculea palliata",1
"Leptopterus chabert",1
"Cyanolanius madagascarinus",1
"Schetba rufa",0
"Euryceros prevostii",0
"Tylas eduardi",0
"Hypositta corallirostris",0
"Newtonia amphichroa",0
"Newtonia brunneicauda",0
"Prionops plumatus",0
"Prionops poliolophus",0
"Prionops alberti",0
"Prionops caniceps",0
"Prionops retzii",0
"Prionops gabela",0
"Prionops scopifrons",0
"Tephrodornis virgatus",0
"Tephrodornis pondicerianus",0
"Philentoma pyrhoptera",0
"Philentoma velata",0
"Pityriasis gymnocephala",0
"Artamus fuscus",0
"Artamus leucoryn",0
"Artamus mentalis",0
"Artamus monachus",0
"Artamus maximus",1
"Artamus insignis",0
"Artamus personatus",0
"Artamus superciliosus",0
"Artamus cinereus",0
"Artamus cyanopterus",0
"Artamus minor",0
"Peltops blainvillii",0
"Gymnorhina tibicen",0
"Cracticus torquatus",0
"Cracticus nigrogularis",0
"Cracticus cassicus",0
"Strepera graculina",1
"Aegithina tiphia",0
"Aegithina nigrolutea",0
"Aegithina viridissima",1
"Pericrocotus erythropygius",1
"Pericrocotus igneus",1
"Pericrocotus cinnamomeus",1
"Pericrocotus miniatus",1
"Pericrocotus brevirostris",0
"Pericrocotus lansbergei",1
"Pericrocotus ethologus",1
"Pericrocotus speciosus",1
"Pericrocotus divaricatus",1
"Pericrocotus roseus",1
"Ceblepyris caesius",0
"Coracina caeruleogrisea",0
"Coracina longicauda",1
"Coracina bicolor",0
"Coracina maxima",1
"Coracina lineata",1
"Coracina striata",0
"Coracina macei",0
"Coracina javensis",0
"Coracina larvata",0
"Coracina papuensis",0
"Campephaga flava",0
"Campochaera sloetii",1
"Edolisoma ostentum",1
"Edolisoma montanum",0
"Edolisoma mindanense",1
"Edolisoma melas",1
"Edolisoma holopolium",1
"Edolisoma admiralitatis",0
"Edolisoma morio",1
"Edolisoma tenuirostre",0
"Cyanograucalus azureus",1
"Lalage tricolor",1
"Lalage leucomela",0
"Lalage melanoleuca",1
"Lalage nigra",0
"Lalage leucopygialis",1
"Lalage melaschistos",0
"Lalage melanoptera",1
"Lalage typica",0
"Lalage newtoni",0
"Mohoua ochrocephala",1
"Mohoua albicilla",1
"Mohoua novaeseelandiae",1
"Daphoenositta miranda",0
"Pachycephala cinerea",0
"Pachycephala macrorhyncha",1
"Pachycephala pectoralis",0
"Pachycephala citreogaster",1
"Pachycephala chlorura",1
"Pachycephala griseonota",1
"Pachycephala johni",1
"Pseudorectes ferrugineus",1
"Pteruthius xanthochlorus",0
"Pteruthius melanotis",0
"Pteruthius rufiventer",0
"Pteruthius flaviscapis",0
"Pteruthius intermedius",0
"Pteruthius aenobarbus",0
"Erpornis zantholeuca",0
"Cyclarhis gujanensis",0
"Vireolanius leucotis",0
"Hylophilus amaurocephalus",0
"Hylophilus poicilotis",0
"Hylophilus pectoralis",0
"Hylophilus brunneiceps",0
"Hylophilus thoracicus",0
"Tunchiornis ochraceiceps",1
"Tunchiornis luteifrons",1
"Pachysylvia muscicapina",1
"Vireo chivi",0
"Vireo pallens",1
"Vireo caribaeus",0
"Vireo crassirostris",0
"Vireo modestus",0
"Vireo gundlachii",1
"Vireo latimeri",1
"Sphecotheres viridis",0
"Sphecotheres vieilloti",1
"Oriolus isabellae",0
"Oriolus forsteni",0
"Oriolus bouroensis",0
"Oriolus phaeochromus",0
"Oriolus sagittatus",0
"Oriolus melanotis",0
"Oriolus finschi",0
"Oriolus decipiens",0
"Oriolus szalayi",0
"Oriolus cruentus",0
"Oriolus consanguineus",0
"Oriolus hosii",0
"Oriolus traillii",0
"Oriolus mellianus",0
"Oriolus xanthornus",0
"Oriolus xanthonotus",0
"Oriolus consobrinus",0
"Oriolus chlorocephalus",0
"Oriolus brachyrynchus",0
"Oriolus crassirostris",0
"Oriolus larvatus",0
"Oriolus monacha",1
"Oriolus percivali",0
"Oriolus nigripennis",0
"Oriolus auratus",0
"Oriolus oriolus",0
"Oriolus chinensis",0
"Oriolus tenuirostris",0
"Dicrurus aeneus",0
"Dicrurus remifer",0
"Dicrurus annectens",0
"Dicrurus paradiseus",0
"Dicrurus andamanensis",1
"Dicrurus montanus",0
"Dicrurus bracteatus",0
"Dicrurus hottentottus",0
"Dicrurus menagei",0
"Dicrurus balicassius",0
"Dicrurus striatus",0
"Dicrurus densus",0
"Dicrurus leucophaeus",0
"Dicrurus caerulescens",0
"Dicrurus forficatus",0
"Dicrurus fuscipennis",0
"Dicrurus modestus",0
"Dicrurus adsimilis",0
"Dicrurus macrocercus",0
"Dicrurus ludwigii",0
"Dicrurus atripennis",0
"Dicrurus sharpei",1
"Rhipidura leucophrys",0
"Rhipidura cockerelli",0
"Rhipidura albolimbata",0
"Chaetorhynchus papuensis",0
"Eutrichomyias rowleyi",1
"Hypothymis azurea",0
"Hypothymis helenae",0
"Hypothymis coelestis",0
"Trochocercus cyanomelas",1
"Trochocercus nitens",0
"Terpsiphone bedfordi",0
"Terpsiphone rufocinerea",0
"Terpsiphone rufiventer",1
"Terpsiphone viridis",0
"Terpsiphone paradisi",0
"Terpsiphone cinnamomea",0
"Terpsiphone atrochalybeia",1
"Terpsiphone mutata",0
"Terpsiphone bourbonnensis",0
"Chasiempis sandwichensis",0
"Pomarea iphis",1
"Neolalage banksiana",0
"Clytorhynchus pachycephaloides",0
"Clytorhynchus vitiensis",0
"Clytorhynchus nigrogularis",0
"Clytorhynchus sanctaecrucis",0
"Clytorhynchus hamlini",0
"Metabolus rugensis",0
"Symposiachrus axillaris",1
"Symposiachrus guttula",0
"Symposiachrus sacerdotum",0
"Symposiachrus boanensis",0
"Symposiachrus melanopterus",1
"Symposiachrus trivirgatus",0
"Symposiachrus bimaculatus",1
"Symposiachrus everetti",1
"Symposiachrus loricatus",0
"Symposiachrus julianae",1
"Symposiachrus manadensis",0
"Symposiachrus infelix",0
"Symposiachrus verticalis",0
"Symposiachrus barbatus",0
"Symposiachrus vidua",0
"Symposiachrus browni",0
"Symposiachrus rubiensis",0
"Monarcha cinerascens",0
"Monarcha melanopsis",0
"Monarcha frater",0
"Monarcha castaneiventris",0
"Monarcha richardsii",0
"Metabolus takatsukasae",1
"Carterornis leucotis",0
"Carterornis pileatus",1
"Carterornis chrysomela",0
"Arses insularis",0
"Arses telescopthalmus",0
"Arses kaupi",0
"Grallina cyanoleuca",0
"Grallina bruijnii",0
"Myiagra oceanica",0
"Myiagra galeata",0
"Myiagra cervinicauda",0
"Myiagra vanikorensis",1
"Myiagra albiventris",0
"Myiagra azureocapilla",0
"Myiagra ruficollis",0
"Myiagra cyanoleuca",0
"Myiagra inquieta",0
"Platylophus galericulatus",0
"Eurocephalus anguitimens",0
"Lanius corvinus",1
"Lanius cabanisi",0
"Lanius excubitoroides",1
"Lanius dorsalis",0
"Lanius excubitor",0
"Lanius somalicus",0
"Lanius ludovicianus",0
"Lanius sphenocercus",0
"Lanius nubicus",0
"Lanius humeralis",0
"Lanius gubernator",0
"Lanius souzae",0
"Lanius collaris",0
"Lanius minor",0
"Lanius senator",0
"Lanius tigrinus",0
"Lanius vittatus",0
"Lanius collurio",1
"Lanius validirostris",0
"Lanius bucephalus",0
"Lanius schach",0
"Platysmurus leucopterus",0
"Platysmurus aterrimus",0
"Perisoreus infaustus",0
"Perisoreus internigrans",0
"Cyanolyca viridicyanus",0
"Cyanolyca cucullata",0
"Cyanolyca pumilo",0
"Cyanolyca nanus",0
"Cyanolyca mirabilis",0
"Cyanolyca argentigula",0
"Cyanocorax formosus",1
"Cyanocorax morio",1
"Cyanocorax coeruleus",0
"Cyanocorax violaceus",1
"Cyanocorax cyanomelas",0
"Cyanocorax cristatellus",1
"Cyanocorax luxuosus",0
"Cyanocorax yncas",0
"Cyanocorax mystacalis",0
"Cyanocorax yucatanicus",0
"Cyanocorax beecheii",0
"Cyanocorax sanblasianus",0
"Cyanocorax dickeyi",1
"Cyanocorax affinis",0
"Cyanocorax heilprini",0
"Cyanocorax cayanus",0
"Cyanocorax chrysops",1
"Cyanocorax cyanopogon",0
"Cyanocitta cristata",1
"Cyanocitta stelleri",1
"Aphelocoma wollweberi",1
"Aphelocoma unicolor",0
"Aphelocoma californica",0
"Aphelocoma woodhouseii",1
"Aphelocoma insularis",0
"Gymnorhinus cyanocephalus",0
"Garrulus glandarius",0
"Garrulus bispecularis",1
"Garrulus lanceolatus",0
"Garrulus lidthi",0
"Cyanopica cyanus",0
"Cyanopica cooki",0
"Urocissa ornata",0
"Urocissa caerulea",0
"Urocissa flavirostris",0
"Urocissa erythroryncha",0
"Urocissa whiteheadi",1
"Cissa chinensis",0
"Cissa hypoleuca",0
"Cissa thalassina",0
"Dendrocitta vagabunda",0
"Dendrocitta occipitalis",0
"Dendrocitta cinerascens",1
"Dendrocitta formosae",0
"Dendrocitta leucogastra",0
"Dendrocitta frontalis",0
"Dendrocitta bayleii",0
"Crypsirina temia",0
"Crypsirina cucullata",0
"Temnurus temnurus",0
"Pica pica",1
"Pica bottanensis",1
"Pica serica",1
"Pica nutalli",0
"Zavattariornis stresemanni",0
"Podoces biddulphi",0
"Podoces panderi",0
"Podoces pleskei",0
"Nucifraga columbiana",0
"Nucifraga caryocatactes",0
"Nucifraga multipunctata",1
"Pyrrhocorax pyrrhocorax",1
"Pyrrhocorax graculus",1
"Ptilostomus afer",1
"Corvus monedula",1
"Corvus dauuricus",1
"Corvus splendens",1
"Corvus moneduloides",0
"Corvus typicus",0
"Corvus enca",0
"Corvus celebensis",0
"Corvus samarensis",0
"Corvus sierramadrensis",0
"Corvus florensis",0
"Corvus kubaryi",0
"Corvus validus",0
"Corvus woodfordi",0
"Corvus meeki",0
"Corvus fuscicapillus",0
"Corvus tristis",1
"Corvus capensis",0
"Corvus frugilegus",0
"Corvus brachyrhynchos",1
"Corvus caurinus",0
"Corvus imparatus",0
"Corvus sinaloae",1
"Corvus ossifragus",1
"Corvus palmarum",1
"Corvus minutus",0
"Corvus jamaicensis",0
"Corvus nasicus",1
"Corvus leucognaphalus",1
"Corvus corone",0
"Corvus cornix",0
"Corvus pectoralis",0
"Corvus macrorhynchos",0
"Corvus philippinus",0
"Corvus orru",0
"Corvus bennetti",0
"Corvus tasmanicus",1
"Corvus mellori",1
"Corvus coronoides",0
"Corvus albus",0
"Corvus ruficollis",0
"Corvus edithae",1
"Corvus cryptoleucus",1
"Corvus rhipidurus",0
"Corvus albicollis",1
"Corvus crassirostris",0
"Corcorax melanorhamphos",1
"Struthidea cinerea",1
"Lycocorax pyrrhopterus",0
"Manucodia ater",0
"Manucodia comrii",0
"Phonygammus keraudrenii",0
"Paradigalla brevicauda",0
"Astrapia splendidissima",0
"Astrapia mayeri",0
"Astrapia stephaniae",1
"Astrapia rothschildi",0
"Parotia sefilata",1
"Parotia carolae",0
"Parotia lawesii",1
"Parotia helenae",1
"Parotia wahnesi",0
"Pteridophora alberti",0
"Lophorina superba",0
"Lophorina paradisea",0
"Lophorina victoriae",0
"Lophorina magnifica",0
"Epimachus meyeri",0
"Drepanornis bruijnii",1
"Cicinnurus magnificus",0
"Cicinnurus respublica",0
"Cicinnurus regius",1
"Semioptera wallacii",1
"Paradisaea apoda",0
"Paradisaea raggiana",1
"Paradisaea minor",1
"Paradisaea decora",0
"Paradisaea rubra",0
"Paradisaea guilielmi",0
"Paradisornis rudolphi",0
"Petroica macrocephala",0
"Petroica dannefaerdi",0
"Drymodes brunneopygia",0
"Heteromyias armiti",0
"Picathartes gymnocephalus",0
"Picathartes oreas",0
"Chaetops frenatus",0
"Chaetops aurantius",0
"Bombycilla garrulus",1
"Bombycilla cedrorum",1
"Ptiliogonys caudatus",1
"Phainopepla nitens",1
"Hypocolius ampelinus",0
"Dulus dominicus",1
"Stenostira scita",0
"Culicicapa ceylonensis",0
"Culicicapa helianthea",0
"Elminia longicauda",1
"Elminia albicauda",1
"Elminia nigromitrata",0
"Elminia albiventris",0
"Elminia albonotata",0
"Cephalopyrus flammiceps",1
"Sylviparus modestus",0
"Melanochlora sultanea",0
"Periparus rufonuchalis",0
"Periparus rubidiventris",0
"Periparus ater",0
"Pardaliparus venustulus",0
"Pardaliparus elegans",0
"Pardaliparus amabilis",0
"Lophophanes cristatus",0
"Lophophanes dichrous",0
"Baeolophus wollweberi",0
"Baeolophus inornatus",0
"Baeolophus ridgwayi",0
"Baeolophus bicolor",0
"Baeolophus atricristatus",0
"Sittiparus varius",0
"Sittiparus semilarvatus",0
"Poecile superciliosus",1
"Poecile lugubris",0
"Poecile cinctus",0
"Poecile rufescens",1
"Poecile hudsonicus",1
"Poecile sclateri",0
"Poecile carolinensis",0
"Poecile atricapillus",1
"Poecile gambeli",0
"Poecile davidi",1
"Poecile palustris",0
"Poecile montanus",1
"Cyanistes caeruleus",0
"Cyanistes cyanus",0
"Pseudopodoces humilis",0
"Parus major",0
"Parus cinereus",1
"Parus monticolus",1
"Machlolophus nuchalis",0
"Machlolophus holsti",0
"Machlolophus xanthogenys",0
"Machlolophus spilonotus",0
"Melaniparus leucomelas",0
"Melaniparus niger",0
"Melaniparus albiventris",0
"Melaniparus leuconotus",1
"Melaniparus funereus",0
"Melaniparus rufiventris",0
"Melaniparus fringillinus",0
"Melaniparus fasciiventer",0
"Melaniparus thruppi",0
"Melaniparus griseiventris",0
"Melaniparus cinerascens",0
"Melaniparus afer",0
"Remiz pendulinus",1
"Remiz coronatus",1
"Remiz consobrinus",1
"Anthoscopus punctifrons",1
"Anthoscopus parvulus",1
"Anthoscopus musculus",0
"Anthoscopus flavifrons",1
"Anthoscopus caroli",0
"Anthoscopus minutus",1
"Auriparus flaviceps",0
"Nicator chloris",0
"Nicator gularis",0
"Nicator vireo",0
"Panurus biarmicus",0
"Alaemon alaudipes",0
"Alaemon hamertoni",0
"Chersomanes albofasciata",1
"Ammomanopsis grayi",1
"Certhilauda chuana",0
"Certhilauda subcoronata",0
"Certhilauda curvirostris",0
"Certhilauda brevirostris",0
"Ramphocoris clotbey",1
"Ammomanes deserti",1
"Ammomanes cinctura",1
"Ammomanes phoenicura",0
"Eremopterix australis",1
"Eremopterix hova",1
"Eremopterix nigriceps",1
"Eremopterix leucotis",1
"Eremopterix signatus",1
"Eremopterix verticalis",1
"Eremopterix leucopareia",1
"Calendulauda rufa",0
"Calendulauda poecilosterna",0
"Calendulauda gilletti",0
"Calendulauda africanoides",0
"Heteromirafra ruddi",0
"Mirafra williamsi",0
"Mirafra javanica",1
"Mirafra somalica",0
"Lullula arborea",1
"Spizocorys sclateri",1
"Spizocorys starki",1
"Spizocorys fremantlii",1
"Spizocorys fringillaris",1
"Spizocorys conirostris",1
"Alauda leucoptera",1
"Alauda gulgula",0
"Alauda arvensis",1
"Galerida deva",1
"Galerida modesta",1
"Galerida magnirostris",0
"Galerida theklae",1
"Galerida cristata",1
"Galerida malabarica",1
"Galerida macrorhyncha",0
"Eremophila bilopha",1
"Calandrella acutirostris",1
"Calandrella cinerea",1
"Melanocorypha bimaculata",1
"Melanocorypha calandra",1
"Melanocorypha yeltoniensis",1
"Chersophilus duponti",1
"Eremalauda dunni",1
"Eremalauda eremodites",0
"Alaudala somalica",1
"Alaudala rufescens",0
"Alaudala raytal",0
"Andropadus importunus",0
"Stelgidillas gracilirostris",1
"Calyptocichla serinus",1
"Neolestes torquatus",1
"Bleda syndactylus",0
"Bleda eximius",0
"Bleda canicapillus",0
"Bleda notatus",0
"Atimastillas flavicollis",0
"Ixonotus guttatus",1
"Thescelocichla leucopleura",1
"Chlorocichla laetissima",1
"Chlorocichla falkensteini",0
"Chlorocichla flaviventris",1
"Chlorocichla simplex",0
"Baeopogon indicator",1
"Baeopogon clamans",1
"Arizelocichla montana",0
"Arizelocichla tephrolaema",1
"Arizelocichla masukuensis",0
"Arizelocichla nigriceps",1
"Arizelocichla striifacies",0
"Arizelocichla milanjensis",1
"Criniger barbatus",1
"Criniger chloronotus",0
"Criniger calurus",1
"Criniger ndussumensis",0
"Criniger olivaceus",0
"Eurillas virens",0
"Eurillas latirostris",0
"Eurillas curvirostris",1
"Eurillas gracilis",1
"Eurillas ansorgei",0
"Phyllastrephus debilis",1
"Phyllastrephus albigula",1
"Phyllastrephus albigularis",0
"Phyllastrephus xavieri",1
"Phyllastrephus icterinus",0
"Phyllastrephus terrestris",1
"Phyllastrephus poensis",1
"Phyllastrephus strepitans",1
"Phyllastrephus cerviniventris",1
"Phyllastrephus fischeri",1
"Phyllastrephus cabanisi",1
"Pyrrhurus scandens",1
"Phyllastrephus flavostriatus",0
"Phyllastrephus poliocephalus",1
"Phyllastrephus hypochloris",1
"Phyllastrephus baumanni",1
"Tricholestes criniger",0
"Setornis criniger",1
"Alophoixus phaeocephalus",1
"Alophoixus bres",1
"Alophoixus flaveolus",1
"Alophoixus ochraceus",1
"Alophoixus pallidus",0
"Alcurus striatus",1
"Iole finschii",1
"Iole palawanensis",0
"Iole viridescens",0
"Iole propinqua",0
"Hemixos flavala",1
"Hemixos castanonotus",1
"Hemixos leucogrammicus",1
"Ixos sumatranus",0
"Ixos virescens",0
"Ixos malaccensis",1
"Ixos mcclellandii",0
"Ixos nicobariensis",0
"Hypsipetes philippinus",0
"Hypsipetes siquijorensis",0
"Hypsipetes harterti",0
"Hypsipetes longirostris",0
"Hypsipetes everetti",0
"Hypsipetes rufigularis",1
"Hypsipetes amaurotis",1
"Hypsipetes borbonicus",0
"Hypsipetes madagascariensis",1
"Hypsipetes olivaceus",0
"Hypsipetes thompsoni",1
"Hypsipetes leucocephalus",1
"Hypsipetes crassirostris",1
"Euptilotus eutilotus",0
"Microtarsus melanoleucos",1
"Poliolophus urostictus",0
"Brachypodius priocephalus",0
"Brachypodius atriceps",1
"Ixidia erythropthalmos",0
"Ixidia squamata",1
"Rubigula melanictera",1
"Nok hualon",1
"Spizixos canifrons",1
"Spizixos semitorques",1
"Pycnonotus simplex",0
"Pycnonotus plumosus",0
"Pycnonotus brunneus",1
"Pycnonotus zeylanicus",0
"Pycnonotus tympanistrigus",0
"Pycnonotus luteolus",0
"Pycnonotus blanfordi",1
"Pycnonotus conradi",0
"Pycnonotus davisoni",1
"Pycnonotus finlaysoni",0
"Pycnonotus flavescens",1
"Pycnonotus leucops",1
"Pycnonotus xantholaemus",1
"Pycnonotus penicillatus",1
"Pycnonotus taivanus",1
"Pycnonotus jocosus",1
"Pycnonotus goiavier",0
"Pycnonotus cafer",1
"Pycnonotus aurigaster",1
"Pycnonotus leucotis",1
"Pycnonotus leucogenys",1
"Pycnonotus xanthopygos",1
"Pycnonotus nigricans",1
"Pycnonotus barbatus",1
"Pycnonotus capensis",1
"Pseudochelidon eurystomina",0
"Eurochelidon sirintarae",1
"Psalidoprocne nitens",1
"Psalidoprocne albiceps",1
"Psalidoprocne fuliginosa",1
"Psalidoprocne pristoptera",1
"Psalidoprocne obscura",1
"Pseudhirundo griseopyga",1
"Cheramoeca leucosterna",1
"Phedina borbonica",1
"Neophedina cincta",1
"Phedinopsis brazzae",1
"Riparia paludicola",1
"Riparia cowani",0
"Riparia congica",0
"Riparia riparia",0
"Riparia diluta",0
"Tachycineta bicolor",1
"Tachycineta leucorrhoa",0
"Tachycineta meyeni",1
"Tachycineta stolzmanni",0
"Tachycineta albilinea",0
"Tachycineta albiventer",1
"Tachycineta euchrysea",1
"Tachycineta cyaneoviridis",1
"Tachycineta thalassina",1
"Progne tapera",1
"Progne modesta",1
"Progne subis",1
"Progne elegans",1
"Progne chalybea",1
"Progne sinaloae",1
"Progne cryptoleuca",1
"Progne dominicensis",0
"Stelgidopteryx serripennis",1
"Stelgidopteryx ruficollis",1
"Atticora fasciata",1
"Atticora pileata",1
"Atticora tibialis",1
"Pygochelidon cyanoleuca",1
"Pygochelidon melanoleuca",1
"Alopochelidon fucata",1
"Orochelidon flavipes",1
"Orochelidon murina",1
"Orochelidon andecola",1
"Ptyonoprogne rupestris",1
"Ptyonoprogne obsoleta",1
"Ptyonoprogne rufigula",1
"Ptyonoprogne fuligula",1
"Ptyonoprogne concolor",1
"Hirundo atrocaerulea",1
"Hirundo nigrorufa",1
"Hirundo dimidiata",1
"Hirundo domicola",1
"Hirundo javanica",0
"Hirundo tahitica",1
"Hirundo leucosoma",1
"Hirundo neoxena",1
"Hirundo rustica",1
"Hirundo lucida",1
"Hirundo aethiopica",1
"Hirundo angolensis",1
"Hirundo nigrita",1
"Hirundo albigularis",1
"Hirundo smithii",1
"Atronanus fuliginosus",1
"Delichon urbicum",1
"Delichon lagopodum",0
"Delichon dasypus",0
"Delichon nipalense",1
"Cecropis cucullata",0
"Cecropis rufula",1
"Cecropis daurica",1
"Cecropis melanocrissus",1
"Cecropis hyperythra",0
"Cecropis badia",0
"Cecropis abyssinica",1
"Cecropis semirufa",1
"Cecropis senegalensis",1
"Petrochelidon rufigula",0
"Petrochelidon preussi",0
"Petrochelidon spilodera",1
"Petrochelidon fluvicola",0
"Petrochelidon ariel",0
"Petrochelidon nigricans",1
"Petrochelidon pyrrhonota",0
"Petrochelidon fulva",0
"Petrochelidon rufocollaris",0
"Pnoepyga albiventer",0
"Melocichla mentalis",0
"Macrosphenus flavicans",0
"Macrosphenus kempi",0
"Macrosphenus concolor",0
"Macrosphenus kretschmeri",1
"Sylvietta brachyura",0
"Sylvietta whytii",0
"Sylvietta philippae",1
"Sylvietta rufescens",0
"Sylvietta isabellina",0
"Sylvietta virens",0
"Sylvietta denti",0
"Cryptillas victorini",0
"Abroscopus superciliaris",1
"Abroscopus schisticeps",1
"Phyllergates cucullatus",0
"Phyllergates heterolaemus",0
"Tickellia hodgsoni",1
"Horornis seebohmi",0
"Horornis diphone",0
"Horornis annae",0
"Horornis carolinae",0
"Horornis fortipes",0
"Tesia everetti",0
"Cettia castaneocoronata",0
"Urosphena squameiceps",0
"Urosphena whiteheadi",0
"Urosphena subulata",0
"Hemitesia neumanni",0
"Scotocerca inquieta",1
"Erythrocercus holochlorus",0
"Erythrocercus mccallii",1
"Erythrocercus livingstonei",0
"Hylia prasina",0
"Pholidornis rushiae",1
"Leptopoecile sophiae",0
"Psaltriparus minimus",0
"Aegithalos caudatus",0
"Aegithalos concinnus",1
"Aegithalos annamensis",1
"Aegithalos niveogularis",1
"Aegithalos iouschistos",1
"Aegithalos bonvaloti",1
"Aegithalos fuliginosus",1
"Phylloscopus sibilatrix",0
"Phylloscopus bonelli",0
"Phylloscopus pulcher",0
"Phylloscopus maculipennis",0
"Phylloscopus humei",0
"Phylloscopus inornatus",1
"Phylloscopus subviridis",0
"Phylloscopus proregulus",0
"Phylloscopus tytleri",1
"Phylloscopus griseolus",0
"Phylloscopus affinis",0
"Phylloscopus fuligiventer",0
"Phylloscopus fuscatus",0
"Phylloscopus neglectus",0
"Phylloscopus trochilus",1
"Phylloscopus sindianus",1
"Phylloscopus collybita",1
"Phylloscopus tristis",1
"Phylloscopus coronatus",0
"Phylloscopus ijimae",1
"Phylloscopus olivaceus",0
"Phylloscopus cebuensis",0
"Phylloscopus ruficapilla",1
"Phylloscopus umbrovirens",1
"Phylloscopus laetus",0
"Phylloscopus laurae",1
"Phylloscopus herberti",1
"Phylloscopus budongoensis",0
"Phylloscopus trochiloides",0
"Phylloscopus magnirostris",0
"Phylloscopus borealis",0
"Phylloscopus ricketti",0
"Phylloscopus cantator",1
"Phylloscopus occipitalis",0
"Phylloscopus hainanus",1
"Phylloscopus trivirgatus",1
"Phylloscopus floresianus",1
"Phylloscopus presbytes",1
"Phylloscopus makirensis",0
"Phylloscopus sarasinorum",0
"Phylloscopus amoenus",0
"Phylloscopus poliocephalus",0
"Graueria vittata",0
"Nesillas typica",0
"Nesillas lantzii",0
"Nesillas brevicaudata",0
"Acrocephalus taiti",0
"Acrocephalus vaughani",1
"Acrocephalus scirpaceus",1
"Iduna rama",0
"Locustella major",0
"Locustella tacsanowskia",0
"Locustella accentor",0
"Locustella caudata",0
"Locustella castanea",0
"Locustella musculus",0
"Locustella portenta",0
"Locustella disturbans",0
"Locustella davidi",0
"Locustella thoracica",0
"Poodytes carteri",0
"Poodytes punctatus",0
"Poodytes gramineus",0
"Malia grata",0
"Cincloramphus cruralis",1
"Cincloramphus rubiginosus",0
"Cincloramphus bivittatus",0
"Cincloramphus mathewsi",1
"Cincloramphus timoriensis",0
"Cincloramphus mariae",0
"Elaphrornis palliseri",0
"Schoenicola platyurus",0
"Schoenicola striatus",0
"Catriscus brevirostris",0
"Megalurus palustris",0
"Bradypterus bangwaensis",0
"Bradypterus lopezi",0
"Bradypterus cinnamomeus",0
"Bradypterus seebohmi",0
"Bradypterus baboecala",0
"Bradypterus graueri",1
"Bradypterus centralis",0
"Donacobius atricapilla",0
"Cryptosylvicola randrianasoloi",0
"Hartertula flavoviridis",1
"Thamnornis chloropetoides",1
"Neomixis tenella",1
"Cisticola erythrops",0
"Cisticola cantans",0
"Cisticola lateralis",0
"Cisticola anonymus",0
"Cisticola hunteri",1
"Cisticola chubbi",0
"Cisticola nigriloris",0
"Cisticola aberrans",0
"Cisticola chiniana",1
"Cisticola cinereolus",0
"Cisticola rufilatus",0
"Cisticola subruficapilla",0
"Cisticola lais",0
"Cisticola pipiens",0
"Cisticola tinniens",0
"Cisticola ruficeps",0
"Cisticola brachypterus",0
"Cisticola rufus",0
"Cisticola troglodytes",0
"Cisticola fulvicapilla",1
"Cisticola angusticauda",0
"Cisticola juncidis",1
"Cisticola cherina",0
"Cisticola textrix",0
"Cisticola dambo",0
"Cisticola brunnescens",0
"Cisticola ayresii",0
"Cisticola exilis",1
"Prinia crinigera",0
"Prinia striata",0
"Prinia polychroa",0
"Prinia cooki",0
"Prinia rocki",0
"Prinia atrogularis",0
"Prinia buchanani",1
"Prinia rufescens",1
"Prinia hodgsonii",1
"Prinia gracilis",1
"Prinia lepida",0
"Prinia sylvatica",0
"Prinia familiaris",1
"Prinia flaviventris",0
"Prinia socialis",0
"Prinia subflava",0
"Prinia inornata",0
"Prinia somalica",0
"Prinia flavicans",0
"Prinia maculosa",0
"Prinia hypoxantha",0
"Prinia molleri",1
"Prinia bairdii",0
"Prinia erythroptera",0
"Schistolais leucopogon",1
"Schistolais leontica",1
"Phragmacia substriata",0
"Micromacronus leytensis",0
"Urolais epichlorus",1
"Oreolais pulcher",0
"Oreolais ruwenzorii",0
"Drymocichla incana",0
"Spiloptila clamans",0
"Phyllolais pulchella",0
"Apalis fuscigularis",0
"Apalis flavida",0
"Apalis binotata",0
"Apalis personata",0
"Apalis jacksoni",0
"Apalis chariessa",0
"Apalis nigriceps",1
"Apalis melanocephala",0
"Apalis chirindensis",0
"Apalis porphyrolaema",0
"Apalis chapini",0
"Apalis sharpii",0
"Apalis rufogularis",0
"Apalis karamojae",1
"Apalis goslingi",0
"Apalis cinerea",1
"Eminia lepida",0
"Camaroptera brachyura",0
"Camaroptera superciliaris",0
"Camaroptera chloronota",0
"Camaroptera toroensis",0
"Calamonastes undosus",0
"Calamonastes fasciolatus",0
"Euryptila subcinnamomea",0
"Bathmocercus cerviniventris",0
"Bathmocercus rufus",0
"Orthotomus sutorius",0
"Orthotomus atrogularis",0
"Orthotomus sericeus",0
"Orthotomus ruficeps",0
"Orthotomus sepium",0
"Orthotomus cinereiceps",0
"Orthotomus nigriceps",0
"Orthotomus samarensis",0
"Artisornis moreaui",0
"Artisornis metopias",0
"Poliolais lopezi",1
"Eremomela icteropygialis",1
"Eremomela flavicrissalis",0
"Eremomela pusilla",1
"Eremomela scotops",1
"Eremomela gregalis",0
"Eremomela usticollis",1
"Eremomela turneri",1
"Eremomela atricollis",1
"Sylvia dohrni",1
"Sylvia galinieri",0
"Sylvia nigricapillus",0
"Curruca layardi",0
"Curruca buryi",0
"Curruca deserti",0
"Curruca melanothorax",0
"Curruca iberiae",0
"Curruca subalpina",0
"Curruca cantillans",1
"Curruca conspicillata",0
"Curruca undata",1
"Myzornis pyrrhoura",0
"Lioparus chrysotis",1
"Chrysomma sinense",1
"Chrysomma altirostre",1
"Fulvetta ruficapilla",1
"Fulvetta danisi",1
"Fulvetta striaticollis",1
"Fulvetta vinipectus",1
"Fulvetta ludlowi",1
"Fulvetta manipurensis",1
"Fulvetta formosana",0
"Chamaea fasciata",0
"Paradoxornis heudei",1
"Paradoxornis flavirostris",1
"Paradoxornis guttaticollis",0
"Paradoxornis aemodium",0
"Paradoxornis unicolor",1
"Paradoxornis paradoxus",1
"Paradoxornis gularis",1
"Paradoxornis margaritae",1
"Paradoxornis ruficeps",0
"Suthora davidiana",1
"Suthora fulvifrons",1
"Suthora nipalensis",1
"Suthora verreauxi",0
"Suthora atrosuperciliaris",1
"Suthora conspicillata",1
"Suthora zappeyi",0
"Suthora brunnea",1
"Suthora ricketti",0
"Suthora webbiana",1
"Suthora alphonsiana",1
"Suthora przewalskii",0
"Parayuhina diademata",0
"Staphida everetti",1
"Staphida castaniceps",1
"Staphida torqueola",1
"Yuhina nigrimenta",1
"Yuhina brunneiceps",1
"Yuhina flavicollis",0
"Yuhina humilis",0
"Yuhina bakeri",1
"Yuhina gularis",1
"Yuhina occipitalis",1
"Dasycrotapha speciosa",0
"Dasycrotapha pygmaea",1
"Sterrhoptilus capitalis",0
"Sterrhoptilus dennistouni",0
"Sterrhoptilus nigrocapitatus",1
"Zosterornis hypogrammicus",0
"Zosterornis striatus",0
"Zosterornis latistriatus",0
"Zosterornis nigrorum",0
"Megazosterops palauensis",0
"Heleia javanica",1
"Heleia pinaiae",1
"Heleia squamifrons",0
"Heleia squamiceps",0
"Heleia superciliaris",1
"Heleia dohertyi",0
"Heleia muelleri",0
"Heleia crassirostris",0
"Heleia wallacei",1
"Apalopteron familiare",0
"Tephrozosterops stalkeri",0
"Zosterops ceylonensis",1
"Zosterops nigrorum",1
"Zosterops atricapilla",0
"Zosterops abyssinicus",1
"Zosterops flavilateralis",0
"Zosterops emiliae",0
"Zosterops palpebrosus",0
"Zosterops meyeni",0
"Zosterops olivaceus",0
"Zosterops borbonicus",1
"Zosterops mauritianus",1
"Zosterops melanocephalus",0
"Zosterops stenocricotus",1
"Zosterops stuhlmanni",1
"Zosterops brunneus",1
"Zosterops poliogastrus",0
"Zosterops kikuyuensis",0
"Zosterops socotranus",1
"Zosterops ficedulinus",0
"Zosterops griseovirescens",0
"Zosterops feae",1
"Zosterops lugubris",1
"Zosterops leucophaeus",1
"Zosterops senegalensis",1
"Zosterops kasaicus",1
"Zosterops pallidus",1
"Zosterops virens",1
"Zosterops anderssoni",1
"Zosterops vaughani",1
"Zosterops modestus",0
"Zosterops anjuanensis",1
"Zosterops aldabrensis",1
"Zosterops comorensis",1
"Zosterops mayottensis",0
"Zosterops maderaspatanus",1
"Zosterops meratusensis",1
"Zosterops chloris",1
"Zosterops flavissimus",1
"Zosterops atrifrons",1
"Zosterops nehrkorni",0
"Zosterops consobrinorum",0
"Zosterops somadikartai",0
"Zosterops anomalus",0
"Zosterops minor",0
"Zosterops chrysolaemus",0
"Zosterops dehaani",0
"Zosterops atriceps",0
"Zosterops flavus",1
"Zosterops citrinella",0
"Zosterops luteus",1
"Zosterops lateralis",0
"Zosterops auriventer",1
"Zosterops melanurus",1
"Zosterops everetti",1
"Zosterops fuscicapilla",1
"Zosterops flavifrons",1
"Zosterops superciliosus",0
"Zosterops explorator",1
"Zosterops hypoxanthus",0
"Zosterops mysorensis",0
"Zosterops hamlini",0
"Zosterops oblitus",0
"Zosterops rendovae",0
"Zosterops oleagineus",0
"Zosterops finschii",1
"Zosterops cinereus",1
"Zosterops rotensis",0
"Zosterops metcalfii",1
"Zosterops novaeguineae",1
"Zosterops kuehni",0
"Zosterops grayi",0
"Zosterops uropygialis",0
"Zosterops kulambangrae",0
"Zosterops tetiparius",1
"Zosterops natalis",0
"Zosterops conspicillatus",1
"Zosterops semperi",0
"Zosterops hypolais",1
"Zosterops inornatus",1
"Zosterops samoensis",1
"Zosterops tenuirostris",1
"Zosterops minutus",1
"Zosterops rennellianus",0
"Timalia pileata",0
"Dumetia hyperythra",1
"Dumetia atriceps",0
"Mixornis kelleyi",0
"Mixornis flavicollis",0
"Mixornis gularis",0
"Mixornis bornensis",0
"Macronus ptilosus",0
"Macronus striaticeps",0
"Cyanoderma chrysaeum",0
"Cyanoderma erythropterum",0
"Cyanoderma bicolor",0
"Cyanoderma melanothorax",1
"Cyanoderma pyrrhops",1
"Cyanoderma ruficeps",0
"Cyanoderma rufifrons",1
"Melanocichla lugubris",1
"Melanocichla calva",1
"Pomatorhinus ferruginosus",0
"Pomatorhinus ochraceiceps",0
"Pomatorhinus superciliaris",1
"Pomatorhinus ruficollis",0
"Pomatorhinus musicus",1
"Pomatorhinus schisticeps",0
"Pomatorhinus horsfieldii",0
"Pomatorhinus bornensis",0
"Pomatorhinus montanus",0
"Erythrogenys hypoleucos",0
"Erythrogenys erythrogenys",0
"Erythrogenys gravivox",0
"Stachyris grammiceps",1
"Stachyris nigriceps",0
"Stachyris nonggangensis",1
"Stachyris herberti",1
"Stachyris roberti",1
"Stachyris leucotis",0
"Stachyris thoracica",0
"Stachyris oglei",1
"Stachyris strialata",0
"Graminicola bengalensis",0
"Turdinus macrodactylus",0
"Turdinus atrigularis",0
"Malacopteron affine",0
"Malacopteron albogulare",0
"Malacopteron cinereum",1
"Malacopteron magnum",0
"Malacopteron magnirostre",1
"Malacopteron palawanense",0
"Gampsorhynchus rufulus",1
"Schoeniparus cinereus",1
"Schoeniparus castaneceps",1
"Schoeniparus klossi",1
"Schoeniparus variegaticeps",0
"Schoeniparus rufogularis",0
"Schoeniparus dubius",0
"Schoeniparus brunneus",0
"Pellorneum ruficeps",0
"Pellorneum fuscocapillus",0
"Pellorneum capistratum",0
"Pellorneum capistratoides",0
"Pellorneum malaccense",0
"Pellorneum cinereiceps",0
"Pellorneum albiventre",0
"Pellorneum tickelli",0
"Pellorneum rostratum",0
"Pellorneum bicolor",0
"Laticilla burnesii",0
"Illadopsis fulvescens",0
"Illadopsis rufipennis",0
"Illadopsis distans",0
"Illadopsis pyrrhoptera",0
"Illadopsis cleaveri",0
"Illadopsis albipectus",0
"Illadopsis puveli",0
"Illadopsis rufescens",0
"Kenopia striata",0
"Malacocincla abbotti",0
"Malacocincla sepiaria",0
"Gypsophila crassa",0
"Gypsophila brevicaudata",0
"Gypsophila crispifrons",0
"Ptilocichla mindanensis",0
"Ptilocichla leucogrammica",0
"Napothera epilepidota",0
"Napothera malacoptila",0
"Alcippe poioicephala",1
"Alcippe grotei",1
"Alcippe brunneicauda",0
"Alcippe pyrrhoptera",0
"Alcippe nipalensis",1
"Alcippe morrisonia",1
"Alcippe peracensis",0
"Grammatoptila striata",0
"Cutia nipalensis",1
"Cutia legalleni",1
"Laniellus langbianis",0
"Laniellus albonotatus",0
"Trochalopteron subunicolor",0
"Trochalopteron austeni",0
"Trochalopteron squamatum",0
"Trochalopteron lineatum",0
"Trochalopteron imbricatum",0
"Trochalopteron virgatum",0
"Trochalopteron variegatum",1
"Trochalopteron affine",0
"Trochalopteron henrici",0
"Trochalopteron elliotii",0
"Trochalopteron milnei",1
"Trochalopteron yersini",0
"Trochalopteron erythrocephalum",0
"Trochalopteron chrysopterum",0
"Trochalopteron formosum",0
"Trochalopteron melanostigma",0
"Trochalopteron ngoclinhense",0
"Trochalopteron peninsulae",0
"Montecincla cachinnans",0
"Montecincla fairbanki",1
"Heterophasia picaoides",1
"Heterophasia auricularis",0
"Heterophasia capistrata",1
"Heterophasia pulchella",1
"Heterophasia gracilis",0
"Heterophasia melanoleuca",0
"Heterophasia desgodinsi",1
"Sibia nipalensis",0
"Sibia morrisoniana",0
"Sibia waldeni",0
"Sibia souliei",0
"Siva cyanouroptera",0
"Chrysominla strigula",0
"Actinodura egertoni",0
"Actinodura ramsayi",1
"Actinodura sodangorum",0
"Leiothrix lutea",1
"Leiothrix argentauris",1
"Minla ignotincta",1
"Leioptila annectens",0
"Liocichla bugunorum",0
"Liocichla steerii",0
"Liocichla phoenicea",0
"Argya malcolmi",1
"Argya cinereifrons",1
"Argya longirostris",0
"Argya subrufa",1
"Argya rufescens",1
"Argya striata",1
"Argya somervillei",1
"Argya affinis",1
"Argya rubiginosa",1
"Argya aylmeri",1
"Argya altirostris",1
"Argya caudata",1
"Argya fulva",1
"Argya squamiceps",1
"Argya earlei",1
"Argya gularis",0
"Acanthoptila nipalensis",0
"Phyllanthus atripennis",0
"Kupeornis gilberti",1
"Kupeornis chapini",1
"Kupeornis rufocinctus",0
"Turdoides plebejus",0
"Turdoides leucopygia",1
"Turdoides hindei",0
"Turdoides squamulata",0
"Turdoides jardineii",0
"Turdoides gymnogenys",0
"Turdoides leucocephala",0
"Turdoides reinwardtii",1
"Turdoides tenebrosa",0
"Turdoides bicolor",1
"Turdoides hartlaubii",0
"Turdoides sharpei",1
"Turdoides melanops",1
"Turdoides hypoleuca",1
"Garrulax merulinus",0
"Garrulax annamensis",0
"Garrulax canorus",0
"Garrulax taewanus",0
"Garrulax monileger",1
"Garrulax rufifrons",1
"Garrulax palliatus",1
"Garrulax leucolophus",1
"Garrulax bicolor",1
"Garrulax milleti",1
"Garrulax strepitans",1
"Garrulax ferrarius",1
"Garrulax maesi",1
"Garrulax castanotis",1
"Ianthocincla rufogularis",0
"Ianthocincla konkakinhensis",0
"Ianthocincla ocellata",0
"Pterorhinus delesserti",1
"Pterorhinus gularis",1
"Pterorhinus galbanus",0
"Pterorhinus courtoisi",1
"Pterorhinus mitratus",0
"Pterorhinus ruficollis",0
"Pterorhinus nuchalis",0
"Pterorhinus chinensis",0
"Pterorhinus sannio",0
"Pterorhinus perspicillatus",0
"Pterorhinus pectoralis",1
"Pterorhinus davidi",0
"Pterorhinus lanceolatus",0
"Pterorhinus waddelli",0
"Pterorhinus albogularis",1
"Pterorhinus ruficeps",1
"Pterorhinus caerulatus",0
"Pterorhinus berthemyi",1
"Pterorhinus poecilorhynchus",0
"Modulatrix stictigula",0
"Kakamega poliothorax",0
"Promerops cafer",1
"Promerops gurneyi",0
"Irena puella",1
"Irena tweeddalii",1
"Regulus ignicapilla",1
"Regulus regulus",1
"Hyliota flavigaster",1
"Hyliota australis",0
"Hyliota usambara",0
"Hyliota violacea",1
"Campylorhynchus albobrunneus",0
"Campylorhynchus fasciatus",1
"Campylorhynchus griseus",0
"Campylorhynchus rufinucha",0
"Campylorhynchus capistratus",0
"Campylorhynchus gularis",1
"Campylorhynchus yucatanicus",0
"Campylorhynchus turdinus",0
"Odontorchilus branickii",0
"Odontorchilus cinereus",0
"Cinnycerthia olivascens",1
"Cinnycerthia peruana",1
"Cinnycerthia fulva",1
"Cistothorus apolinari",0
"Cistothorus platensis",0
"Pheugopedius atrogularis",0
"Pheugopedius fasciatoventris",0
"Pheugopedius euophrys",0
"Pheugopedius schulenbergi",0
"Pheugopedius eisenmanni",0
"Pheugopedius genibarbis",0
"Pheugopedius mystacalis",0
"Pheugopedius coraya",0
"Pheugopedius maculipectus",0
"Pheugopedius rutilus",0
"Pheugopedius sclateri",0
"Pheugopedius paucimaculatus",0
"Thryophilus pleurostictus",0
"Thryophilus rufalbus",0
"Thryophilus sernai",0
"Cantorchilus modestus",0
"Cantorchilus leucotis",0
"Cantorchilus superciliaris",0
"Cantorchilus guarayanus",0
"Cantorchilus longirostris",0
"Cantorchilus griseus",0
"Cantorchilus semibadius",0
"Cantorchilus nigricapillus",0
"Cantorchilus leucopogon",0
"Troglodytes troglodytes",0
"Troglodytes tanneri",0
"Troglodytes aedon",0
"Troglodytes musculus",0
"Troglodytes beani",0
"Troglodytes martinicensis",0
"Troglodytes mesoleucus",0
"Troglodytes musicus",0
"Troglodytes grenadensis",0
"Troglodytes rufociliatus",0
"Troglodytes ochraceus",0
"Troglodytes solstitialis",0
"Henicorhina leucosticta",0
"Henicorhina leucophrys",0
"Microcerculus marginatus",0
"Microcerculus ustulatus",0
"Cyphorhinus dichrous",0
"Cyphorhinus thoracicus",0
"Cyphorhinus arada",0
"Cyphorhinus phaeocephalus",0
"Ramphocaenus sticturus",0
"Ramphocaenus melanurus",0
"Microbates cinereiventris",0
"Microbates collaris",0
"Polioptila guianensis",0
"Polioptila schistaceigula",0
"Polioptila attenboroughi",0
"Polioptila plumbea",0
"Polioptila lactea",0
"Polioptila dumicola",0
"Polioptila lembeyei",0
"Polioptila bilineata",0
"Polioptila caerulea",0
"Polioptila melanura",0
"Polioptila californica",0
"Polioptila albiloris",0
"Sitta magna",0
"Sitta carolinensis",0
"Sitta formosa",0
"Sitta azurea",0
"Sitta solangiae",0
"Sitta oenochlamys",0
"Sitta pygmaea",0
"Sitta pusilla",0
"Sitta insularis",1
"Sitta canadensis",0
"Sitta villosa",0
"Sitta neumayer",0
"Sitta tephronota",0
"Sitta arctica",0
"Sitta victoriae",0
"Sitta europaea",1
"Tichodroma muraria",0
"Certhia familiaris",0
"Certhia himalayana",0
"Certhia nipalensis",0
"Certhia discolor",0
"Salpornis spilonota",1
"Mimus thenca",1
"Mimus longicaudatus",1
"Mimus saturninus",1
"Mimus patagonicus",0
"Mimus triurus",0
"Mimus parvulus",1
"Mimus trifasciatus",1
"Mimus macdonaldi",1
"Mimus melanotis",0
"Toxostoma rufum",0
"Toxostoma longirostre",0
"Toxostoma cinereum",0
"Toxostoma bendirei",0
"Toxostoma curvirostre",0
"Toxostoma redivivum",0
"Toxostoma crissale",0
"Toxostoma lecontei",0
"Ramphocinclus brachyurus",0
"Ramphocinclus sanctaeluciae",0
"Melanotis hypoleucus",1
"Margarops fuscatus",1
"Cinclocerthia ruficauda",1
"Aplonis metallica",0
"Aplonis mystacea",0
"Aplonis cantoroides",1
"Aplonis brunneicapillus",0
"Aplonis grandis",0
"Aplonis dichroa",0
"Aplonis panayensis",0
"Aplonis mysolensis",0
"Scissirostrum dubium",1
"Gracula religiosa",1
"Acridotheres fuscus",1
"Acridotheres albocinctus",1
"Acridotheres ginginianus",1
"Acridotheres burmannicus",1
"Acridotheres leucocephalus",0
"Acridotheres melanopterus",1
"Gracupica floweri",0
"Sturnia pagodarum",0
"Sturnus unicolor",1
"Creatophora cinerea",1
"Lamprotornis caudatus",1
"Lamprotornis albicapillus",1
"Onychognathus nabouroup",0
"Onychognathus salvadorii",0
"Onychognathus neumanni",1
"Poeoptera lugubris",1
"Rhabdornis mystacalis",0
"Rhabdornis inornatus",1
"Rhabdornis grandis",0
"Buphagus africanus",0
"Buphagus erythrorynchus",1
"Grandala coelicolor",1
"Sialia currucoides",1
"Sialia mexicana",1
"Sialia sialis",1
"Neocossyphus rufus",1
"Pinarornis plumosus",0
"Myadestes genibarbis",1
"Myadestes melanops",1
"Cochoa viridis",1
"Ridgwayia pinicola",1
"Cichlopsis leucogenys",0
"Entomodestes coracinus",1
"Entomodestes leucotis",1
"Hylocichla mustelina",1
"Catharus fuscater",0
"Catharus ustulatus",1
"Zoothera dixoni",1
"Zoothera mollissima",1
"Zoothera everetti",1
"Geokichla sibirica",1
"Geokichla peronii",1
"Turdus viscivorus",1
"Turdus libonyana",0
"Turdus ludoviciae",1
"Turdus iliacus",1
"Turdus boulboul",1
"Turdus unicolor",1
"Turdus dissimilis",0
"Turdus obscurus",1
"Turdus kessleri",1
"Turdus pilaris",1
"Turdus rubrocanus",1
"Turdus albocinctus",1
"Cataponera turdoides",1
"Turdus migratorius",1
"Turdus infuscatus",1
"Turdus rufitorques",1
"Turdus nigrescens",1
"Turdus plumbeus",0
"Turdus rubripes",0
"Turdus ardosiaceus",0
"Turdus lherminieri",1
"Turdus plebejus",1
"Turdus leucops",0
"Turdus serranus",1
"Turdus fuscater",1
"Turdus flavipes",0
"Turdus albicollis",0
"Turdus obsoletus",1
"Turdus fumigatus",0
"Turdus rufiventris",0
"Turdus grayi",0
"Turdus sanchezorum",0
"Alethe castanea",1
"Agricola pallidus",0
"Agricola infuscatus",0
"Fraseria cinerascens",0
"Fraseria ocreata",1
"Fraseria griseigularis",0
"Fraseria plumbea",0
"Fraseria olivascens",0
"Fraseria lendu",0
"Melaenornis fischeri",0
"Melaenornis annamarulae",0
"Melaenornis ardesiacus",0
"Melaenornis edolioides",0
"Melaenornis pammelaina",0
"Namibornis herero",0
"Empidornis semipartitus",0
"Sigelus silens",0
"Bradornis comitatus",0
"Bradornis microrhynchus",0
"Myopornis boehmi",0
"Artomyias ussheri",0
"Artomyias fuliginosa",1
"Humblotia flavirostris",0
"Muscicapa griseisticta",0
"Muscicapa sibirica",0
"Muscicapa muttui",0
"Muscicapa randi",0
"Muscicapa segregata",0
"Muscicapa dauurica",0
"Muscicapa williamsoni",0
"Muscicapa sodhii",1
"Muscicapa sethsmithi",0
"Muscicapa epulata",0
"Muscicapa adusta",0
"Muscicapa striata",0
"Muscicapa gambagae",0
"Muscicapa cassini",0
"Muscicapa aquatica",0
"Cyornis concretus",0
"Niltava davidi",0
"Niltava sundara",0
"Niltava sumatrana",0
"Niltava vivida",0
"Niltava macgrigoriae",0
"Niltava grandis",0
"Cyanoptila cyanomelana",0
"Eumyias albicaudatus",0
"Eumyias indigo",0
"Eumyias thalassinus",0
"Eumyias panayensis",0
"Eumyias sanfordi",0
"Eumyias hoevelli",0
"Eumyias hyacinthinus",0
"Eumyias oscillans",0
"Eumyias sordidus",0
"Anthipes monileger",0
"Anthipes solitaris",0
"Cyornis unicolor",0
"Cyornis rubeculoides",0
"Cyornis hainanus",0
"Cyornis superbus",0
"Cyornis turcosus",0
"Cyornis lemprieri",0
"Cyornis caerulatus",0
"Cyornis herioti",0
"Cyornis ruficauda",0
"Cyornis ruficrissa",0
"Cyornis pallidipes",0
"Cyornis brunneatus",0
"Cyornis umbratilis",0
"Cyornis tickelliae",0
"Cyornis whitei",0
"Cyornis rufigastra",0
"Cyornis kalaoensis",0
"Cyornis banyumas",0
"Cyornis montanus",0
"Cyornis kadayangensis",1
"Cyornis poliogenys",0
"Cyornis olivaceus",0
"Cyornis colonus",0
"Stiphrornis mabirae",0
"Chamaetylas poliocephala",1
"Chamaetylas choloensis",1
"Cossypha albicapillus",1
"Cichladusa arquata",1
"Cichladusa guttata",0
"Dessonornis anomalus",0
"Dessonornis macclounii",0
"Dessonornis mbuluensis",0
"Sheppardia montana",1
"Sheppardia sharpei",1
"Vauriella gularis",1
"Vauriella goodfellowi",0
"Ficedula zanthopygia",0
"Ficedula narcissina",0
"Ficedula tricolor",0
"Ficedula hyperythra",0
"Ficedula mugimaki",0
"Ficedula erithacus",1
"Ficedula hodgsoni",0
"Ficedula strophiata",0
"Ficedula sapphira",0
"Ficedula superciliaris",0
"Ficedula westermanni",0
"Ficedula ruficauda",0
"Ficedula parva",0
"Ficedula albicilla",0
"Ficedula nigrorufa",0
"Ficedula dumetoria",0
"Ficedula disposita",0
"Ficedula platenae",0
"Ficedula harterti",0
"Ficedula timorensis",0
"Ficedula basilanica",0
"Ficedula crypta",0
"Phoenicurus phoenicurus",0
"Monticola cinclorhyncha",1
"Saxicola insignis",1
"Saxicola stejnegeri",0
"Saxicola torquatus",0
"Myrmecocichla tholloni",1
"Oenanthe heuglinii",0
"Oenanthe pleschanka",0
"Oenanthe leucopyga",0
"Cinclus mexicanus",0
"Chloropsis palawanensis",0
"Chloropsis sonnerati",0
"Chloropsis cyanopogon",0
"Chloropsis cochinchinensis",1
"Chloropsis kinabaluensis",1
"Chloropsis jerdoni",0
"Chloropsis aurifrons",1
"Chloropsis hardwickii",0
"Chloropsis venusta",0
"Prionochilus maculatus",0
"Prionochilus plateni",0
"Dicaeum chrysorrheum",0
"Dicaeum melanozanthum",0
"Dicaeum vincens",0
"Dicaeum agile",1
"Dicaeum annae",0
"Dicaeum aureolimbatum",0
"Dicaeum anthonyi",0
"Dicaeum kampalili",0
"Dicaeum bicolor",0
"Dicaeum australe",0
"Dicaeum haematostictum",0
"Dicaeum retrocinctum",0
"Dicaeum quadricolor",0
"Dicaeum hypoleucum",0
"Dicaeum erythrorhynchos",0
"Dicaeum concolor",0
"Dicaeum pygmaeum",0
"Dicaeum nehrkorni",0
"Dicaeum erythrothorax",0
"Dicaeum vulneratum",0
"Dicaeum pectorale",0
"Dicaeum nitidum",0
"Dicaeum aeneum",0
"Dicaeum igniferum",1
"Dicaeum maugei",0
"Dicaeum keiense",0
"Dicaeum hirundinaceum",0
"Dicaeum celebicum",0
"Dicaeum ignipectus",0
"Dicaeum cambodianum",0
"Dicaeum beccarii",0
"Dicaeum luzoniense",0
"Dicaeum sanguinolentum",0
"Dicaeum cruentatum",0
"Dicaeum trochileum",0
"Deleornis fraseri",1
"Anthreptes malacensis",0
"Anthreptes neglectus",0
"Anthreptes aurantius",0
"Anthreptes seimundi",1
"Anthreptes rectirostris",0
"Anthreptes rubritorques",0
"Hedydipna collaris",0
"Hedydipna platura",0
"Hedydipna metallica",0
"Hedydipna pallidigaster",1
"Anabathmis reichenbachii",0
"Anabathmis newtonii",0
"Dreptes thomensis",0
"Anthobaphes violacea",0
"Cyanomitra cyanolaema",1
"Cyanomitra olivacea",1
"Chalcomitra fuliginosa",0
"Chalcomitra senegalensis",0
"Chalcomitra balfouri",0
"Leptocoma zeylonica",0
"Leptocoma sperata",1
"Leptocoma aspasia",1
"Nectarinia bocagii",1
"Nectarinia purpureiventris",1
"Nectarinia tacazze",1
"Nectarinia kilimensis",0
"Nectarinia johnstoni",1
"Drepanorhynchus reichenowi",1
"Cinnyris chloropygius",0
"Cinnyris minullus",1
"Cinnyris afer",1
"Cinnyris regius",0
"Cinnyris rockefelleri",1
"Cinnyris mediocris",1
"Cinnyris loveridgei",1
"Cinnyris mariquensis",0
"Cinnyris erythrocercus",0
"Cinnyris bifasciatus",1
"Cinnyris chalcomelas",1
"Cinnyris bouvieri",1
"Cinnyris osea",0
"Cinnyris habessinicus",1
"Cinnyris johannae",0
"Cinnyris superbus",0
"Cinnyris rufipennis",0
"Cinnyris oustaleti",0
"Cinnyris talatala",0
"Cinnyris venustus",1
"Cinnyris fuscus",1
"Cinnyris ursulae",0
"Cinnyris batesi",1
"Cinnyris cupreus",1
"Cinnyris asiaticus",1
"Cinnyris ornatus",1
"Cinnyris jugularis",1
"Cinnyris aurora",1
"Cinnyris frenatus",1
"Cinnyris infrenatus",1
"Cinnyris teysmanni",1
"Cinnyris clementiae",1
"Cinnyris idenburgi",0
"Cinnyris buettikoferi",0
"Cinnyris solaris",0
"Cinnyris sovimanga",1
"Cinnyris notatus",1
"Cinnyris dussumieri",1
"Cinnyris lotenius",0
"Aethopyga boltoni",1
"Aethopyga linaraborae",1
"Aethopyga flagrans",1
"Aethopyga pulcherrima",0
"Aethopyga duyvenbodei",1
"Aethopyga shelleyi",1
"Aethopyga bella",1
"Aethopyga nipalensis",0
"Aethopyga eximia",0
"Aethopyga saturata",0
"Aethopyga siparaja",0
"Aethopyga mystacalis",0
"Aethopyga ignicauda",1
"Arachnothera longirostra",0
"Arachnothera crassirostris",0
"Arachnothera robusta",0
"Arachnothera flavigaster",0
"Arachnothera chrysogenys",0
"Arachnothera clarae",0
"Arachnothera modesta",0
"Arachnothera affinis",0
"Arachnothera everetti",0
"Arachnothera magna",1
"Hypocryptadius cinnamomeus",1
"Onychostruthus taczanowskii",1
"Montifringilla adamsi",1
"Pyrgilauda theresae",1
"Pyrgilauda ruficollis",1
"Pyrgilauda davidiana",1
"Pyrgilauda blanfordi",1
"Gymnoris dentata",0
"Passer melanurus",0
"Passer eminibey",1
"Passer rufocinctus",0
"Passer griseus",1
"Passer swainsonii",1
"Passer diffusus",0
"Passer pyrrhonotus",1
"Passer cinnamomeus",1
"Passer ammodendri",1
"Passer hispaniolensis",1
"Passer italiae",0
"Passer castanopterus",1
"Passer iagoensis",1
"Passer zarudnyi",0
"Passer euchlorus",1
"Passer luteus",1
"Bubalornis albirostris",1
"Bubalornis niger",1
"Plocepasser mahali",1
"Plocepasser donaldsoni",1
"Histurgops ruficauda",0
"Pseudonigrita arnaudi",0
"Pseudonigrita cabanisi",1
"Philetairus socius",0
"Amblyospiza albifrons",0
"Ploceus baglafecht",1
"Ploceus bannermani",0
"Ploceus nigrimentus",0
"Ploceus pelzelni",1
"Ploceus luteolus",0
"Ploceus ocularis",1
"Ploceus brachypterus",1
"Ploceus alienus",1
"Ploceus melanogaster",1
"Ploceus capensis",1
"Ploceus temporalis",1
"Ploceus subaureus",1
"Ploceus xanthops",0
"Ploceus aurantius",0
"Ploceus heuglini",1
"Ploceus bojeri",0
"Ploceus castaneiceps",0
"Ploceus princeps",1
"Ploceus castanops",0
"Ploceus xanthopterus",0
"Ploceus burnieri",0
"Ploceus galbula",1
"Ploceus taeniopterus",1
"Ploceus intermedius",0
"Ploceus velatus",1
"Ploceus katangae",0
"Ploceus ruweti",0
"Ploceus reichardi",0
"Ploceus spekei",0
"Ploceus spekeoides",0
"Ploceus cucullatus",1
"Ploceus grandis",0
"Ploceus castaneofuscus",1
"Ploceus nigerrimus",1
"Ploceus golandi",1
"Ploceus dichrocephalus",0
"Ploceus melanocephalus",1
"Ploceus jacksoni",0
"Ploceus badius",1
"Ploceus rubiginosus",1
"Ploceus tricolor",1
"Ploceus albinucha",1
"Ploceus sakalava",0
"Ploceus superciliosus",0
"Ploceus benghalensis",1
"Ploceus manyar",1
"Ploceus philippinus",0
"Ploceus megarhynchus",0
"Ploceus bicolor",1
"Ploceus olivaceiceps",1
"Ploceus insignis",1
"Malimbus ballmanni",1
"Malimbus ibadanensis",1
"Malimbus nitens",1
"Malimbus rubricollis",1
"Malimbus erythrogaster",1
"Anaplectes rubriceps",1
"Quelea cardinalis",1
"Quelea erythrops",1
"Quelea quelea",1
"Brachycope anomala",0
"Euplectes afer",1
"Euplectes diadematus",1
"Euplectes hordeaceus",1
"Euplectes orix",1
"Euplectes aureus",1
"Euplectes capensis",1
"Euplectes macroura",1
"Euplectes jacksoni",1
"Spermestes bicolor",1
"Padda fuscata",1
"Lonchura tristissima",1
"Lonchura leucosticta",1
"Lonchura punctulata",1
"Lonchura atricapilla",1
"Lonchura caniceps",1
"Chloebia gouldiae",1
"Coccopygia quartinia",1
"Mandingoa nitidula",0
"Cryptospiza salvadorii",0
"Cryptospiza reichenovii",1
"Parmoptila jamesoni",1
"Estrilda melpoda",1
"Ortygospiza atricollis",0
"Amadina fasciata",1
"Amandava formosa",1
"Amandava amandava",1
"Uraeginthus bengalus",1
"Pyrenestes minor",0
"Vidua nigeriae",0
"Vidua maryae",0
"Vidua camerunensis",1
"Prunella collaris",1
"Prunella himalayana",1
"Prunella rubeculoides",1
"Prunella montanella",0
"Prunella fulvescens",0
"Prunella atrogularis",0
"Prunella modularis",0
"Dendronanthus indicus",0
"Motacilla flava",1
"Motacilla citreola",1
"Motacilla capensis",1
"Motacilla alba",1
"Motacilla aguimp",1
"Motacilla grandis",0
"Motacilla maderaspatensis",1
"Tmetothylacus tenellus",1
"Macronyx sharpei",0
"Macronyx fuelleborni",0
"Macronyx capensis",0
"Macronyx croceus",0
"Macronyx aurantiigula",0
"Anthus rufulus",0
"Anthus novaeseelandiae",1
"Anthus pratensis",1
"Anthus trivialis",1
"Anthus hodgsoni",1
"Anthus gustavi",0
"Anthus cervinus",0
"Anthus japonicus",1
"Anthus rubescens",1
"Anthus spinoletta",0
"Anthus petrosus",0
"Anthus crenatus",0
"Anthus brachyurus",0
"Anthus caffer",0
"Anthus melindae",1
"Hemimacronyx chloris",0
"Anthus gutturalis",1
"Anthus spragueii",1
"Anthus chii",0
"Anthus furcatus",1
"Anthus correndera",0
"Anthus bogotensis",0
"Fringilla coelebs",1
"Coccothraustes coccothraustes",1
"Pyrrhula erythrocephala",1
"Rhodopechys sanguineus",1
"Rhodopechys alienus",0
"Bucanetes githagineus",1
"Bucanetes mongolicus",1
"Leucosticte nemoricola",1
"Leucosticte brandti",1
"Leucosticte arctoa",1
"Carpodacus erythrinus",1
"Carpodacus rubicilla",1
"Carpodacus grandis",1
"Carpodacus pulcherrimus",0
"Carpodacus davidianus",0
"Carpodacus synoicus",1
"Carpodacus stoliczkae",1
"Carpodacus sibiricus",1
"Carpodacus lepidus",1
"Carpodacus roseus",1
"Carpodacus thura",0
"Carpodacus dubius",1
"Drepanis coccinea",0
"Palmeria dolei",0
"Himatione sanguinea",1
"Hemignathus wilsoni",1
"Manucerthia mana",1
"Loxops coccineus",1
"Chloris chloris",1
"Chloris sinica",1
"Chloris kittlitzi",1
"Chloris spinoides",1
"Rhodospiza obsoleta",1
"Rhynchostruthus percivali",0
"Rhynchostruthus louisae",0
"Linurgus olivaceus",0
"Crithagra atrogularis",1
"Crithagra reichenowi",1
"Crithagra rothschildi",0
"Crithagra citrinipectus",1
"Crithagra mozambica",1
"Crithagra menachensis",1
"Crithagra totta",1
"Crithagra donaldsoni",0
"Crithagra buchanani",0
"Crithagra flaviventris",1
"Crithagra sulphurata",1
"Crithagra striatipectus",0
"Crithagra reichardi",0
"Crithagra gularis",1
"Crithagra mennelli",1
"Crithagra tristriata",0
"Crithagra albogularis",1
"Crithagra burtoni",0
"Crithagra striolata",1
"Crithagra leucoptera",1
"Linaria flavirostris",1
"Linaria cannabina",1
"Acanthis flammea",1
"Loxia pytyopsittacus",1
"Loxia scotica",0
"Loxia megaplaga",1
"Chrysocorythus estherae",0
"Chrysocorythus mindanensis",0
"Carduelis carduelis",1
"Serinus pusillus",1
"Serinus serinus",1
"Serinus syriacus",1
"Serinus canicollis",0
"Serinus flavivertex",1
"Serinus alario",1
"Spinus lawrencei",1
"Spinus psaltria",1
"Spinus spinus",1
"Spinus dominicensis",0
"Spinus barbatus",1
"Spinus magellanicus",1
"Spinus cucullatus",1
"Spinus atratus",1
"Spinus uropygialis",1
"Spinus crassirostris",1
"Euphonia musica",1
"Euphonia sclateri",1
"Euphonia flavifrons",1
"Euphonia cyanocephala",1
"Chlorophonia cyanea",1
"Euphonia jamaica",1
"Euphonia plumbea",1
"Euphonia chlorotica",1
"Euphonia godmani",1
"Euphonia affinis",1
"Euphonia chrysopasta",1
"Euphonia minuta",1
"Euphonia chalybea",1
"Euphonia violacea",1
"Euphonia laniirostris",0
"Euphonia xanthogaster",1
"Euphonia cayennensis",1
"Euphonia rufiventris",1
"Euphonia pectoralis",1
"Emberiza jankowskii",0
"Emberiza tahapisi",0
"Emberiza goslingi",0
"Emberiza socotrana",0
"Emberiza schoeniclus",1
"Chlorospingus semifuscus",1
"Rhynchospiza dabbenei",1
"Peucaea humeralis",0
"Arremonops conirostris",0
"Spizella atrogularis",1
"Arremon abeillei",0
"Arremon nigriceps",0
"Arremon taciturnus",0
"Arremon franciscanus",0
"Arremon semitorquatus",0
"Arremon dorbignii",1
"Arremon flavirostris",1
"Junco vulcani",0
"Zonotrichia capensis",0
"Zonotrichia atricapilla",1
"Artemisiospiza nevadensis",1
"Torreornis inexpectata",1
"Pipilo erythrophthalmus",1
"Atlapetes crassus",1
"Atlapetes tricolor",1
"Atlapetes schistaceus",0
"Calyptophilus tertius",0
"Calyptophilus frugivorus",0
"Phaenicophilus poliocephalus",1
"Microligea palustris",1
"Xenoligea montana",1
"Nesospingus speculiferus",1
"Spindalis zena",1
"Spindalis dominicensis",0
"Spindalis portoricensis",0
"Spindalis nigricephala",1
"Teretistris fernandinae",1
"Teretistris fornsi",1
"Sturnella magna",1
"Leistes militaris",1
"Leistes superciliaris",1
"Leistes defilippii",1
"Cassiculus melanicterus",1
"Psarocolius wagleri",0
"Psarocolius angustifrons",1
"Psarocolius oleagineus",0
"Psarocolius decumanus",1
"Psarocolius viridis",0
"Psarocolius bifasciatus",1
"Psarocolius montezuma",1
"Psarocolius guatimozinus",0
"Psarocolius cassini",1
"Cacicus solitarius",1
"Cacicus chrysopterus",1
"Cacicus koepckeae",0
"Cacicus sclateri",0
"Cacicus cela",1
"Cacicus flavicrissus",0
"Cacicus microrhynchus",1
"Cacicus pacificus",0
"Cacicus chrysonotus",1
"Cacicus latirostris",1
"Cacicus oseryi",1
"Cacicus haemorrhous",1
"Icterus leucopteryx",0
"Icterus auratus",0
"Icterus nigrogularis",0
"Icterus bullockiorum",0
"Icterus pustulatus",1
"Icterus abeillei",0
"Icterus galbula",1
"Icterus mesomelas",1
"Icterus pectoralis",1
"Icterus graceannae",0
"Icterus jamacaii",0
"Icterus icterus",0
"Icterus croconotus",0
"Icterus maculialatus",0
"Icterus wagleri",0
"Icterus cucullatus",0
"Icterus prosthemelas",0
"Icterus spurius",1
"Icterus fuertesi",0
"Icterus melanopsis",0
"Icterus bonana",0
"Icterus portoricensis",0
"Icterus oberi",0
"Icterus laudabilis",0
"Icterus dominicensis",1
"Icterus auricapillus",0
"Icterus pyrrhopterus",1
"Icterus cayanensis",1
"Icterus chrysocephalus",0
"Agelaius humeralis",1
"Agelaius tricolor",1
"Agelaius assimilis",1
"Molothrus rufoaxillaris",1
"Molothrus oryzivorus",1
"Molothrus bonariensis",1
"Euphagus cyanocephalus",1
"Quiscalus quiscula",1
"Quiscalus lugubris",1
"Quiscalus niger",1
"Quiscalus palustris",1
"Lampropsar tanagrinus",1
"Gymnomystax mexicanus",1
"Amblyramphus holosericeus",1
"Anumara forbesi",1
"Gnorimopsar chopi",1
"Agelaioides badius",1
"Agelaioides fringillarius",0
"Agelasticus thilius",1
"Agelasticus cyanopus",1
"Chrysomus ruficapillus",1
"Chrysomus icterocephalus",1
"Xanthopsar flavus",1
"Pseudoleistes virescens",1
"Pseudoleistes guirahuro",1
"Seiurus aurocapilla",0
"Helmitheros vermivorum",1
"Parkesia motacilla",0
"Parkesia noveboracensis",1
"Vermivora bachmanii",1
"Vermivora chrysoptera",1
"Vermivora cyanoptera",1
"Mniotilta varia",1
"Protonotaria citrea",1
"Limnothlypis swainsonii",0
"Oreothlypis superciliosa",1
"Oreothlypis gutturalis",1
"Leiothlypis peregrina",1
"Leiothlypis celata",1
"Leiothlypis crissalis",1
"Leiothlypis luciae",0
"Leiothlypis ruficapilla",1
"Leiothlypis virginiae",1
"Oporornis agilis",1
"Geothlypis aequinoctialis",1
"Geothlypis auricularis",1
"Geothlypis velata",0
"Geothlypis tolmiei",0
"Geothlypis philadelphia",0
"Geothlypis formosa",1
"Geothlypis bairdi",0
"Geothlypis speciosa",0
"Geothlypis beldingi",0
"Geothlypis trichas",1
"Catharopeza bishopi",1
"Setophaga angelae",1
"Setophaga citrina",1
"Setophaga ruticilla",1
"Setophaga kirtlandii",0
"Setophaga tigrina",1
"Setophaga cerulea",1
"Setophaga americana",1
"Setophaga pitiayumi",1
"Setophaga magnolia",1
"Setophaga castanea",1
"Setophaga fusca",1
"Setophaga aestiva",1
"Setophaga petechia",1
"Setophaga pensylvanica",1
"Setophaga striata",1
"Setophaga caerulescens",1
"Setophaga palmarum",1
"Setophaga pinus",1
"Setophaga coronata",1
"Setophaga auduboni",1
"Setophaga goldmani",1
"Setophaga dominica",1
"Setophaga discolor",1
"Setophaga adelaidae",1
"Setophaga subita",0
"Setophaga graciae",1
"Setophaga nigrescens",1
"Setophaga townsendi",1
"Setophaga occidentalis",1
"Setophaga chrysoparia",1
"Setophaga virens",1
"Myiothlypis luteoviridis",1
"Myiothlypis basilica",1
"Myiothlypis leucophrys",1
"Myiothlypis flaveola",1
"Myiothlypis leucoblephara",1
"Myiothlypis signata",1
"Myiothlypis nigrocristata",1
"Myiothlypis fulvicauda",0
"Myiothlypis rivularis",0
"Myiothlypis chlorophrys",1
"Myiothlypis chrysogaster",1
"Myiothlypis conspicillata",1
"Myiothlypis fraseri",1
"Myiothlypis coronata",1
"Basileuterus lachrymosus",1
"Basileuterus rufifrons",1
"Basileuterus melanogenys",1
"Basileuterus ignotus",1
"Basileuterus belli",1
"Basileuterus culicivorus",1
"Basileuterus auricapilla",1
"Basileuterus melanotis",1
"Basileuterus tacarcunae",1
"Basileuterus trifasciatus",1
"Basileuterus punctipectus",1
"Basileuterus tristriatus",1
"Cardellina canadensis",1
"Cardellina pusilla",1
"Cardellina rubrifrons",1
"Cardellina rubra",1
"Cardellina versicolor",1
"Myioborus pictus",1
"Myioborus miniatus",1
"Myioborus brunniceps",1
"Myioborus flavivertex",1
"Myioborus albifrons",1
"Myioborus melanocephalus",1
"Myioborus torquatus",1
"Myioborus pariae",1
"Myioborus castaneocapilla",1
"Mitrospingus cassinii",1
"Mitrospingus oleagineus",1
"Orthogonys chloricterus",1
"Lamprospiza melanoleuca",1
"Piranga bidentata",1
"Piranga flava",0
"Piranga hepatica",0
"Piranga rubra",1
"Piranga roseogularis",1
"Piranga olivacea",1
"Piranga ludoviciana",1
"Piranga leucoptera",1
"Piranga erythrocephala",1
"Piranga rubriceps",1
"Habia rubica",1
"Habia fuscicauda",0
"Habia atrimaxillaris",1
"Habia gutturalis",0
"Habia cristata",1
"Habia carmioli",1
"Habia frenata",1
"Habia olivacea",1
"Habia stolzmanni",1
"Pheucticus chrysopeplus",1
"Pheucticus tibialis",0
"Pheucticus aureoventris",0
"Pheucticus ludovicianus",1
"Pheucticus melanocephalus",0
"Granatellus venustus",1
"Granatellus sallaei",0
"Granatellus pelzelni",1
"Cardinalis cardinalis",1
"Cardinalis phoeniceus",0
"Cardinalis sinuatus",1
"Caryothraustes poliogaster",1
"Caryothraustes canadensis",1
"Caryothraustes celaeno",1
"Caryothraustes erythromelas",0
"Amaurospiza concolor",0
"Amaurospiza aequatorialis",0
"Amaurospiza moesta",0
"Spiza americana",1
"Cyanoloxia glaucocaerulea",0
"Cyanoloxia cyanoides",0
"Cyanoloxia rothschildii",0
"Cyanoloxia brissonii",0
"Cyanocompsa parellina",0
"Passerina caerulea",1
"Passerina cyanea",1
"Passerina amoena",1
"Passerina versicolor",1
"Passerina ciris",1
"Passerina rositae",0
"Passerina leclancherii",0
"Catamblyrhynchus diadema",1
"Charitospiza eucosma",1
"Orchesticus abeillei",1
"Parkerthraustes humeralis",1
"Nemosia pileata",1
"Nemosia rourei",1
"Cyanicterus cyanicterus",1
"Sericossypha albocristata",1
"Compsothraupis loricata",1
"Coryphaspiza melanotis",1
"Embernagra platensis",0
"Embernagra longicauda",0
"Emberizoides ypiranganus",0
"Emberizoides herbicola",0
"Incaspiza pulchra",0
"Incaspiza personata",0
"Incaspiza ortizi",0
"Incaspiza laeta",0
"Incaspiza watkinsi",0
"Rhopospina fruticeti",1
"Porphyrospiza caerulescens",0
"Corydospiza alaudina",1
"Corydospiza carbonaria",0
"Chlorophanes spiza",1
"Iridophanes pulcherrimus",1
"Chrysothlypis salmoni",1
"Chrysothlypis chrysomelas",0
"Heterospingus rubrifrons",1
"Heterospingus xanthopygius",1
"Hemithraupis flavicollis",1
"Hemithraupis guira",1
"Hemithraupis ruficapilla",1
"Tersina viridis",1
"Cyanerpes caeruleus",1
"Cyanerpes cyaneus",1
"Cyanerpes nitidus",1
"Cyanerpes lucidus",1
"Dacnis berlepschi",1
"Dacnis venusta",1
"Dacnis cayana",1
"Dacnis flaviventer",1
"Dacnis hartlaubi",1
"Dacnis lineata",1
"Dacnis egregia",1
"Dacnis viguieri",1
"Dacnis nigripes",1
"Dacnis albiventris",1
"Saltator multicolor",1
"Saltator atricollis",1
"Saltator orenocensis",0
"Saltator similis",1
"Saltator grandis",1
"Saltator coerulescens",1
"Saltator striatipectus",0
"Saltator albicollis",0
"Saltator maximus",1
"Saltator atripennis",1
"Saltator atriceps",1
"Saltator nigriceps",1
"Saltator grossus",1
"Saltator maxillosus",1
"Saltator aurantiirostris",0
"Coereba flaveola",1
"Tiaris olivaceus",1
"Euneornis campestris",1
"Melopyrrha portoricensis",1
"Melopyrrha nigra",1
"Melopyrrha taylori",0
"Loxipasser anoxanthus",0
"Phonipara canora",1
"Loxigilla barbadensis",1
"Loxigilla noctis",1
"Melanospiza richardsoni",0
"Melanospiza bicolor",1
"Asemospiza fuliginosa",0
"Asemospiza obscura",0
"Certhidea olivacea",0
"Certhidea fusca",1
"Geospiza pallida",0
"Geospiza propinqua",0
"Geospiza magnirostris",0
"Volatinia jacarina",1
"Conothraupis speculigera",1
"Conothraupis mesoleuca",0
"Creurgops verticalis",1
"Creurgops dentatus",1
"Eucometis penicillata",0
"Trichothraupis melanops",1
"Islerothraupis cristata",1
"Islerothraupis luctuosa",1
"Islerothraupis rufiventer",1
"Coryphospingus pileatus",1
"Coryphospingus cucullatus",1
"Maschalethraupis surinama",1
"Tachyphonus rufus",0
"Tachyphonus phoenicius",0
"Tachyphonus coronatus",0
"Rhodospingus cruentus",1
"Lanio versicolor",1
"Lanio fulvus",1
"Lanio aurantius",1
"Lanio leucothorax",1
"Ramphocelus sanguinolentus",0
"Ramphocelus flammigerus",1
"Ramphocelus passerinii",1
"Ramphocelus bresilius",1
"Ramphocelus dimidiatus",1
"Ramphocelus nigrogularis",1
"Ramphocelus melanogaster",0
"Ramphocelus carbo",1
"Sporophila bouvronides",1
"Sporophila lineola",1
"Sporophila torqueola",1
"Sporophila morelleti",1
"Sporophila corvina",0
"Sporophila intermedia",0
"Sporophila americana",1
"Sporophila murallae",1
"Sporophila fringilloides",0
"Sporophila luctuosa",0
"Sporophila caerulescens",1
"Sporophila nigricollis",1
"Sporophila ardesiaca",0
"Sporophila funerea",1
"Sporophila angolensis",0
"Sporophila nuttingi",1
"Sporophila maximiliani",0
"Sporophila crassirostris",0
"Sporophila atrirostris",0
"Sporophila schistacea",0
"Sporophila falcirostris",1
"Sporophila frontalis",1
"Sporophila plumbea",1
"Sporophila beltoni",1
"Sporophila collaris",0
"Sporophila albogularis",1
"Sporophila leucoptera",0
"Sporophila peruviana",1
"Sporophila telasco",1
"Sporophila simplex",1
"Sporophila castaneiventris",1
"Sporophila minuta",1
"Sporophila bouvreuil",1
"Sporophila nigrorufa",1
"Sporophila hypoxantha",1
"Sporophila ruficollis",1
"Sporophila iberaensis",1
"Sporophila pileata",1
"Sporophila hypochroma",1
"Sporophila cinnamomea",1
"Sporophila palustris",1
"Sporophila melanogaster",1
"Piezorina cinerea",0
"Xenospingus concolor",0
"Cnemoscopus rubrirostris",1
"Pseudospingus verticalis",1
"Pseudospingus xanthophthalmus",1
"Poospiza boliviana",0
"Poospiza ornata",1
"Poospiza nigrorufa",0
"Poospiza whitii",1
"Poospiza hispaniolensis",0
"Poospiza rubecula",1
"Poospiza baeri",1
"Poospiza goeringi",1
"Poospiza rufosuperciliaris",1
"Kleinothraupis reyi",1
"Kleinothraupis calophrys",1
"Kleinothraupis parodii",1
"Sphenopsis frontalis",1
"Sphenopsis melanotis",1
"Thlypopsis fulviceps",1
"Thlypopsis inornata",0
"Thlypopsis sordida",1
"Thlypopsis pyrrhocoma",0
"Thlypopsis ruficeps",1
"Thlypopsis superciliaris",1
"Thlypopsis ornata",1
"Thlypopsis pectoralis",1
"Castanozoster thoracicus",1
"Donacospiza albifrons",0
"Cypsnagra hirundinacea",1
"Poospizopsis hypocondria",1
"Poospizopsis caesar",1
"Urothraupis stolzmanni",1
"Nephelornis oneilli",1
"Microspingus lateralis",1
"Microspingus cabanisi",0
"Microspingus erythrophrys",1
"Microspingus alticola",0
"Microspingus torquatus",1
"Microspingus trifasciatus",1
"Microspingus melanoleucus",0
"Microspingus cinereus",0
"Conirostrum margaritae",1
"Conirostrum bicolor",0
"Conirostrum speciosum",1
"Conirostrum leucogenys",1
"Conirostrum albifrons",1
"Conirostrum binghami",1
"Conirostrum sitticolor",1
"Conirostrum ferrugineiventre",1
"Conirostrum tamarugense",1
"Conirostrum rufum",1
"Conirostrum cinereum",0
"Sicalis citrina",1
"Sicalis taczanowskii",1
"Sicalis uropigyalis",1
"Sicalis flaveola",0
"Sicalis columbiana",1
"Sicalis luteola",1
"Sicalis luteocephala",1
"Sicalis lebruni",0
"Sicalis olivascens",1
"Sicalis mendozae",1
"Sicalis auriventris",1
"Sicalis raimondii",1
"Sicalis lutea",0
"Phrygilus gayi",1
"Phrygilus patagonicus",1
"Phrygilus atriceps",1
"Phrygilus punensis",1
"Nesospiza acunhae",0
"Nesospiza wilkinsi",0
"Nesospiza questi",0
"Rowettia goughensis",0
"Melanodera melanodera",1
"Melanodera xanthogramma",0
"Geospizopsis plebejus",1
"Geospizopsis unicolor",1
"Spodiornis rusticus",0
"Acanthidops bairdi",0
"Xenodacnis parina",0
"Ephippiospingus dorsalis",0
"Ephippiospingus erythronotus",0
"Chionodacryon speculiferum",0
"Idiopsar brachyurus",0
"Catamenia analis",1
"Catamenia inornata",1
"Catamenia homochroa",1
"Diglossa glauca",1
"Diglossa caerulescens",1
"Diglossa cyanea",1
"Diglossa indigotica",1
"Diglossa sittoides",1
"Diglossa plumbea",0
"Diglossa baritula",0
"Diglossa mystacalis",1
"Diglossa lafresnayii",1
"Diglossa gloriosissima",1
"Diglossa major",1
"Diglossa venezuelensis",1
"Diglossa albilatera",1
"Diglossa carbonaria",0
"Diglossa brunneiventris",1
"Diglossa gloriosa",1
"Diglossa humeralis",1
"Calochaetes coccineus",1
"Iridosornis porphyrocephalus",1
"Iridosornis analis",1
"Iridosornis jelskii",1
"Iridosornis reinhardti",1
"Iridosornis rufivertex",1
"Pipraeidea melanonota",0
"Pipraeidea bonariensis",1
"Pseudosaltator rufiventris",0
"Dubusia taeniata",1
"Dubusia castaneoventris",1
"Buthraupis montana",1
"Sporathraupis cyanocephala",1
"Tephrophilus wetmorei",1
"Chlorornis riefferii",1
"Cnemathraupis eximia",1
"Cnemathraupis aureodorsalis",1
"Anisognathus somptuosus",1
"Anisognathus notabilis",1
"Anisognathus melanogenys",1
"Anisognathus igniventris",1
"Anisognathus lunulatus",1
"Anisognathus lacrymosus",1
"Chlorochrysa phoenicotis",1
"Chlorochrysa nitidissima",1
"Wetmorethraupis sterrhopteron",1
"Bangsia flavovirens",1
"Bangsia arcaei",1
"Bangsia aureocincta",1
"Bangsia edwardsi",1
"Bangsia rothschildi",1
"Bangsia melanochlamys",1
"Lophospingus griseocristatus",1
"Lophospingus pusillus",0
"Neothraupis fasciata",1
"Diuca diuca",0
"Gubernatrix cristata",0
"Stephanophorus diadematus",1
"Cissopis leverianus",1
"Schistochlamys melanopis",0
"Schistochlamys ruficapillus",0
"Paroaria coronata",1
"Paroaria dominicana",0
"Paroaria capitata",1
"Paroaria nigrogenis",0
"Paroaria gularis",1
"Tangara varia",1
"Tangara rufigula",1
"Tangara punctata",1
"Tangara guttata",1
"Tangara xanthogastra",1
"Tangara ruficervix",1
"Tangara cabanisi",1
"Tangara sayaca",1
"Tangara glaucocolpa",0
"Tangara cyanoptera",1
"Tangara abbas",1
"Tangara ornata",1
"Tangara palmarum",1
"Tangara phillipsi",1
"Tangara heinei",1
"Tangara larvata",1
"Tangara cyanicollis",0
"Tangara nigrocincta",0
"Tangara peruviana",0
"Tangara preciosa",1
"Tangara meyerdeschauenseei",0
"Tangara vitriolina",0
"Tangara cayana",0
"Tangara vassorii",1
"Tangara nigroviridis",1
"Tangara dowii",1
"Tangara fucosa",1
"Tangara cyanotis",1
"Tangara rufigenis",1
"Tangara labradorides",1
"Tangara gyrola",1
"Tangara lavinia",1
"Tangara chrysotis",1
"Tangara xanthocephala",1
"Tangara parzudakii",1
"Tangara johannae",1
"Tangara schrankii",1
"Tangara arthus",1
"Tangara aurulenta",1
"Tangara florida",1
"Tangara icterocephala",1
"Tangara fastuosa",1
"Tangara seledon",1
"Tangara cyanocephala",1
"Tangara desmaresti",1
"Tangara cyanoventris",1
"Tangara inornata",1
"Tangara mexicana",1
"Tangara chilensis",1
"Tangara callophrys",1
"Tangara velia",1
